2026-09-07 11:26:19 INFO     [tool_registry.installers:451] Installing Node.js packages: ['pyright@1.1.400', 'typescript-language-server@4.3.4', 'typescript@5.7', 'intelephense@1.16.5']
2026-09-07 11:26:21 INFO     [tool_registry.installers:465] Node.js packages installed successfully
2026-09-07 11:26:21 INFO     [tool_registry.installers:225]   tokei: already installed, skipping
2026-09-07 11:26:21 INFO     [tool_registry.installers:225]   gopls: already installed, skipping
2026-09-07 11:26:21 INFO     [tool_registry.installers:225]   rust-analyzer: already installed, skipping
2026-09-07 11:26:21 INFO     [tool_registry.installers:489] java already installed
2026-09-07 11:26:21 INFO     [tool_registry.installers:376]   csharp-ls: already installed, skipping
2026-09-07 11:26:22 INFO     [static_analyzer.java_utils:115] Using JAVA_HOME Java 21 at /opt/homebrew/Cellar/openjdk@21/21.0.9/libexec/openjdk.jdk/Contents/Home
2026-09-07 11:26:22 INFO     [codeboarding_cli.commands.full_analysis:96] Starting CodeBoarding documentation generation...
2026-09-07 11:26:22 INFO     [utils:77] Monitoring enabled: false
2026-09-07 11:26:22 INFO     [codeboarding_workflows.analysis:62] Running FULL analysis workflow for repo 'abp'.
2026-09-07 11:26:58 INFO     [static_analyzer.csharp_config_scanner:75] Skipping 19 C# project root(s) with no .cs files: source-code, Volo.Abp.Account.SourceCode, Volo.Abp.AuditLogging.SourceCode, Volo.Abp.BackgroundJobs.SourceCode, Volo.Abp.BasicTheme.SourceCode...
2026-09-07 11:26:58 INFO     [static_analyzer:202] Creating engine config for CSharp (solution) at: abp_io/AbpIoLocalization
2026-09-07 11:26:58 INFO     [static_analyzer:202] Creating engine config for CSharp (solution) at: framework
2026-09-07 11:26:58 INFO     [static_analyzer:202] Creating engine config for CSharp (solution) at: modules/account
2026-09-07 11:26:58 INFO     [static_analyzer:202] Creating engine config for CSharp (solution) at: modules/audit-logging
2026-09-07 11:26:58 INFO     [static_analyzer:202] Creating engine config for CSharp (solution) at: modules/background-jobs
2026-09-07 11:26:58 INFO     [static_analyzer:202] Creating engine config for CSharp (solution) at: modules/basic-theme
2026-09-07 11:26:58 INFO     [static_analyzer:202] Creating engine config for CSharp (solution) at: modules/blob-storing-database
2026-09-07 11:26:58 INFO     [static_analyzer:202] Creating engine config for CSharp (solution) at: modules/blob-storing-database/host/BlobStoring.Database.Host.ConsoleApp
2026-09-07 11:26:58 INFO     [static_analyzer:202] Creating engine config for CSharp (solution) at: modules/blogging
2026-09-07 11:26:58 INFO     [static_analyzer:202] Creating engine config for CSharp (solution) at: modules/client-simulation
2026-09-07 11:26:58 INFO     [static_analyzer:202] Creating engine config for CSharp (solution) at: modules/cms-kit
2026-09-07 11:26:58 INFO     [static_analyzer:202] Creating engine config for CSharp (solution) at: modules/docs
2026-09-07 11:26:58 INFO     [static_analyzer:202] Creating engine config for CSharp (solution) at: modules/feature-management
2026-09-07 11:26:58 INFO     [static_analyzer:202] Creating engine config for CSharp (solution) at: modules/identity
2026-09-07 11:26:58 INFO     [static_analyzer:202] Creating engine config for CSharp (solution) at: modules/identityserver
2026-09-07 11:26:58 INFO     [static_analyzer:202] Creating engine config for CSharp (solution) at: modules/openiddict
2026-09-07 11:26:58 INFO     [static_analyzer:202] Creating engine config for CSharp (solution) at: modules/permission-management
2026-09-07 11:26:58 INFO     [static_analyzer:202] Creating engine config for CSharp (solution) at: modules/setting-management
2026-09-07 11:26:58 INFO     [static_analyzer:202] Creating engine config for CSharp (solution) at: modules/tenant-management
2026-09-07 11:26:58 INFO     [static_analyzer:202] Creating engine config for CSharp (solution) at: modules/users
2026-09-07 11:26:58 INFO     [static_analyzer:202] Creating engine config for CSharp (solution) at: modules/virtual-file-explorer
2026-09-07 11:26:58 INFO     [static_analyzer:202] Creating engine config for CSharp (solution) at: templates/app/aspnet-core
2026-09-07 11:26:58 INFO     [static_analyzer:202] Creating engine config for CSharp (solution) at: templates/app-nolayers/aspnet-core
2026-09-07 11:26:58 INFO     [static_analyzer:202] Creating engine config for CSharp (solution) at: templates/console
2026-09-07 11:26:58 INFO     [static_analyzer:202] Creating engine config for CSharp (solution) at: templates/maui
2026-09-07 11:26:58 INFO     [static_analyzer:202] Creating engine config for CSharp (solution) at: templates/module/aspnet-core
2026-09-07 11:26:58 INFO     [static_analyzer:202] Creating engine config for CSharp (solution) at: templates/wpf
2026-09-07 11:26:58 INFO     [static_analyzer:202] Creating engine config for CSharp (solution) at: tools/localization-key-synchronizer
2026-09-07 11:27:00 INFO     [static_analyzer.typescript_config_scanner:96] Found 7 TypeScript project(s) in repository (69 total files across all projects)
2026-09-07 11:27:00 INFO     [static_analyzer:165] Creating engine config for TypeScript at repo root (69 files across 7 tsconfig project(s): templates/app/angular, templates/module/angular, templates/app-nolayers/angular, modules/openiddict/app/angular, npm/scripts, npm/ng-packs/scripts, npm/ng-packs/scripts/mock-schematic)
2026-09-07 11:27:01 INFO     [static_analyzer:175] Adding 255 family file(s) claimed by no tsconfig
2026-09-07 11:27:01 INFO     [static_analyzer.engine.language_adapter:284] Found 8 CSharp files in /Users/svilen/Documents/Projects/ReposForTesting/abp/abp_io/AbpIoLocalization
2026-09-07 11:27:01 INFO     [static_analyzer:392] Starting engine LSP client for CSharp at /Users/svilen/Documents/Projects/ReposForTesting/abp/abp_io/AbpIoLocalization
2026-09-07 11:27:04 INFO     [static_analyzer.engine.adapters.csharp_adapter:367] dotnet restore completed for AbpIoLocalization.slnx
2026-09-07 11:27:04 INFO     [static_analyzer:414] CSharp LSP start: 3.0s
2026-09-07 11:27:06 INFO     [static_analyzer.engine.language_adapter:284] Found 3538 CSharp files in /Users/svilen/Documents/Projects/ReposForTesting/abp/framework
2026-09-07 11:27:06 INFO     [static_analyzer:392] Starting engine LSP client for CSharp at /Users/svilen/Documents/Projects/ReposForTesting/abp/framework
2026-09-07 11:27:18 INFO     [static_analyzer.engine.adapters.csharp_adapter:367] dotnet restore completed for Volo.Abp.slnx
2026-09-07 11:27:19 INFO     [static_analyzer:414] CSharp LSP start: 12.9s
2026-09-07 11:27:19 INFO     [static_analyzer.engine.language_adapter:284] Found 81 CSharp files in /Users/svilen/Documents/Projects/ReposForTesting/abp/modules/account
2026-09-07 11:27:19 INFO     [static_analyzer:392] Starting engine LSP client for CSharp at /Users/svilen/Documents/Projects/ReposForTesting/abp/modules/account
2026-09-07 11:27:26 INFO     [static_analyzer.engine.adapters.csharp_adapter:367] dotnet restore completed for Volo.Abp.Account.slnx
2026-09-07 11:27:27 INFO     [static_analyzer:414] CSharp LSP start: 7.8s
2026-09-07 11:27:27 INFO     [static_analyzer.engine.language_adapter:284] Found 38 CSharp files in /Users/svilen/Documents/Projects/ReposForTesting/abp/modules/audit-logging
2026-09-07 11:27:27 INFO     [static_analyzer:392] Starting engine LSP client for CSharp at /Users/svilen/Documents/Projects/ReposForTesting/abp/modules/audit-logging
2026-09-07 11:27:31 INFO     [static_analyzer.engine.adapters.csharp_adapter:367] dotnet restore completed for Volo.Abp.AuditLogging.slnx
2026-09-07 11:27:31 INFO     [static_analyzer:414] CSharp LSP start: 4.5s
2026-09-07 11:27:31 INFO     [static_analyzer.engine.language_adapter:284] Found 50 CSharp files in /Users/svilen/Documents/Projects/ReposForTesting/abp/modules/background-jobs
2026-09-07 11:27:31 INFO     [static_analyzer:392] Starting engine LSP client for CSharp at /Users/svilen/Documents/Projects/ReposForTesting/abp/modules/background-jobs
2026-09-07 11:27:37 INFO     [static_analyzer.engine.adapters.csharp_adapter:367] dotnet restore completed for Volo.Abp.BackgroundJobs.slnx
2026-09-07 11:27:38 INFO     [static_analyzer:414] CSharp LSP start: 6.0s
2026-09-07 11:27:38 INFO     [static_analyzer.engine.language_adapter:284] Found 51 CSharp files in /Users/svilen/Documents/Projects/ReposForTesting/abp/modules/basic-theme
2026-09-07 11:27:38 INFO     [static_analyzer:392] Starting engine LSP client for CSharp at /Users/svilen/Documents/Projects/ReposForTesting/abp/modules/basic-theme
2026-09-07 11:27:43 INFO     [static_analyzer.engine.adapters.csharp_adapter:367] dotnet restore completed for Volo.Abp.BasicTheme.slnx
2026-09-07 11:27:44 INFO     [static_analyzer:414] CSharp LSP start: 6.6s
2026-09-07 11:27:44 INFO     [static_analyzer.engine.language_adapter:284] Found 39 CSharp files in /Users/svilen/Documents/Projects/ReposForTesting/abp/modules/blob-storing-database
2026-09-07 11:27:44 INFO     [static_analyzer:392] Starting engine LSP client for CSharp at /Users/svilen/Documents/Projects/ReposForTesting/abp/modules/blob-storing-database
2026-09-07 11:27:48 INFO     [static_analyzer.engine.adapters.csharp_adapter:367] dotnet restore completed for Volo.Abp.BlobStoring.Database.slnx
2026-09-07 11:27:49 INFO     [static_analyzer:414] CSharp LSP start: 4.8s
2026-09-07 11:27:49 INFO     [static_analyzer.engine.language_adapter:284] Found 13 CSharp files in /Users/svilen/Documents/Projects/ReposForTesting/abp/modules/blob-storing-database/host/BlobStoring.Database.Host.ConsoleApp
2026-09-07 11:27:49 INFO     [static_analyzer:392] Starting engine LSP client for CSharp at /Users/svilen/Documents/Projects/ReposForTesting/abp/modules/blob-storing-database/host/BlobStoring.Database.Host.ConsoleApp
2026-09-07 11:27:53 INFO     [static_analyzer.engine.adapters.csharp_adapter:367] dotnet restore completed for BlobStoring.Database.Host.ConsoleApp.slnx
2026-09-07 11:27:54 INFO     [static_analyzer:414] CSharp LSP start: 4.5s
2026-09-07 11:27:54 INFO     [static_analyzer.engine.language_adapter:284] Found 219 CSharp files in /Users/svilen/Documents/Projects/ReposForTesting/abp/modules/blogging
2026-09-07 11:27:54 INFO     [static_analyzer:392] Starting engine LSP client for CSharp at /Users/svilen/Documents/Projects/ReposForTesting/abp/modules/blogging
2026-09-07 11:28:02 INFO     [static_analyzer.engine.adapters.csharp_adapter:367] dotnet restore completed for Volo.Blogging.slnx
2026-09-07 11:28:03 INFO     [static_analyzer:414] CSharp LSP start: 8.9s
2026-09-07 11:28:03 INFO     [static_analyzer.engine.language_adapter:284] Found 27 CSharp files in /Users/svilen/Documents/Projects/ReposForTesting/abp/modules/client-simulation
2026-09-07 11:28:03 INFO     [static_analyzer:392] Starting engine LSP client for CSharp at /Users/svilen/Documents/Projects/ReposForTesting/abp/modules/client-simulation
2026-09-07 11:28:08 INFO     [static_analyzer.engine.adapters.csharp_adapter:367] dotnet restore completed for Volo.ClientSimulation.slnx
2026-09-07 11:28:08 INFO     [static_analyzer:414] CSharp LSP start: 6.0s
2026-09-07 11:28:09 INFO     [static_analyzer.engine.language_adapter:284] Found 545 CSharp files in /Users/svilen/Documents/Projects/ReposForTesting/abp/modules/cms-kit
2026-09-07 11:28:09 INFO     [static_analyzer:392] Starting engine LSP client for CSharp at /Users/svilen/Documents/Projects/ReposForTesting/abp/modules/cms-kit
2026-09-07 11:28:19 INFO     [static_analyzer.engine.adapters.csharp_adapter:367] dotnet restore completed for Volo.CmsKit.slnx
2026-09-07 11:28:20 INFO     [static_analyzer:414] CSharp LSP start: 10.7s
2026-09-07 11:28:20 INFO     [static_analyzer.engine.language_adapter:284] Found 263 CSharp files in /Users/svilen/Documents/Projects/ReposForTesting/abp/modules/docs
2026-09-07 11:28:20 INFO     [static_analyzer:392] Starting engine LSP client for CSharp at /Users/svilen/Documents/Projects/ReposForTesting/abp/modules/docs
2026-09-07 11:28:28 INFO     [static_analyzer.engine.adapters.csharp_adapter:367] dotnet restore completed for Volo.Docs.slnx
2026-09-07 11:28:28 INFO     [static_analyzer:414] CSharp LSP start: 8.7s
2026-09-07 11:28:28 INFO     [static_analyzer.engine.language_adapter:284] Found 106 CSharp files in /Users/svilen/Documents/Projects/ReposForTesting/abp/modules/feature-management
2026-09-07 11:28:28 INFO     [static_analyzer:392] Starting engine LSP client for CSharp at /Users/svilen/Documents/Projects/ReposForTesting/abp/modules/feature-management
2026-09-07 11:28:35 INFO     [static_analyzer.engine.adapters.csharp_adapter:367] dotnet restore completed for Volo.Abp.FeatureManagement.slnx
2026-09-07 11:28:36 INFO     [static_analyzer:414] CSharp LSP start: 7.1s
2026-09-07 11:28:36 INFO     [static_analyzer.engine.language_adapter:284] Found 256 CSharp files in /Users/svilen/Documents/Projects/ReposForTesting/abp/modules/identity
2026-09-07 11:28:36 INFO     [static_analyzer:392] Starting engine LSP client for CSharp at /Users/svilen/Documents/Projects/ReposForTesting/abp/modules/identity
2026-09-07 11:28:43 INFO     [static_analyzer.engine.adapters.csharp_adapter:367] dotnet restore completed for Volo.Abp.Identity.slnx
2026-09-07 11:28:44 INFO     [static_analyzer:414] CSharp LSP start: 8.3s
2026-09-07 11:28:44 INFO     [static_analyzer.engine.language_adapter:284] Found 128 CSharp files in /Users/svilen/Documents/Projects/ReposForTesting/abp/modules/identityserver
2026-09-07 11:28:44 INFO     [static_analyzer:392] Starting engine LSP client for CSharp at /Users/svilen/Documents/Projects/ReposForTesting/abp/modules/identityserver
2026-09-07 11:28:49 INFO     [static_analyzer.engine.adapters.csharp_adapter:367] dotnet restore completed for Volo.Abp.IdentityServer.slnx
2026-09-07 11:28:49 INFO     [static_analyzer:414] CSharp LSP start: 5.3s
2026-09-07 11:28:50 INFO     [static_analyzer.engine.language_adapter:284] Found 154 CSharp files in /Users/svilen/Documents/Projects/ReposForTesting/abp/modules/openiddict
2026-09-07 11:28:50 INFO     [static_analyzer:392] Starting engine LSP client for CSharp at /Users/svilen/Documents/Projects/ReposForTesting/abp/modules/openiddict
2026-09-07 11:28:58 INFO     [static_analyzer.engine.adapters.csharp_adapter:367] dotnet restore completed for Volo.Abp.OpenIddict.slnx
2026-09-07 11:28:59 INFO     [static_analyzer:414] CSharp LSP start: 9.4s
2026-09-07 11:28:59 INFO     [static_analyzer.engine.language_adapter:284] Found 127 CSharp files in /Users/svilen/Documents/Projects/ReposForTesting/abp/modules/permission-management
2026-09-07 11:28:59 INFO     [static_analyzer:392] Starting engine LSP client for CSharp at /Users/svilen/Documents/Projects/ReposForTesting/abp/modules/permission-management
2026-09-07 11:29:05 INFO     [static_analyzer.engine.adapters.csharp_adapter:367] dotnet restore completed for Volo.Abp.PermissionManagement.slnx
2026-09-07 11:29:06 INFO     [static_analyzer:414] CSharp LSP start: 6.7s
2026-09-07 11:29:06 INFO     [static_analyzer.engine.language_adapter:284] Found 132 CSharp files in /Users/svilen/Documents/Projects/ReposForTesting/abp/modules/setting-management
2026-09-07 11:29:06 INFO     [static_analyzer:392] Starting engine LSP client for CSharp at /Users/svilen/Documents/Projects/ReposForTesting/abp/modules/setting-management
2026-09-07 11:29:14 INFO     [static_analyzer.engine.adapters.csharp_adapter:367] dotnet restore completed for Volo.Abp.SettingManagement.slnx
2026-09-07 11:29:14 INFO     [static_analyzer:414] CSharp LSP start: 8.5s
2026-09-07 11:29:14 INFO     [static_analyzer.engine.language_adapter:284] Found 73 CSharp files in /Users/svilen/Documents/Projects/ReposForTesting/abp/modules/tenant-management
2026-09-07 11:29:14 INFO     [static_analyzer:392] Starting engine LSP client for CSharp at /Users/svilen/Documents/Projects/ReposForTesting/abp/modules/tenant-management
2026-09-07 11:29:21 INFO     [static_analyzer.engine.adapters.csharp_adapter:367] dotnet restore completed for Volo.Abp.TenantManagement.slnx
2026-09-07 11:29:22 INFO     [static_analyzer:414] CSharp LSP start: 7.2s
2026-09-07 11:29:22 INFO     [static_analyzer.engine.language_adapter:284] Found 25 CSharp files in /Users/svilen/Documents/Projects/ReposForTesting/abp/modules/users
2026-09-07 11:29:22 INFO     [static_analyzer:392] Starting engine LSP client for CSharp at /Users/svilen/Documents/Projects/ReposForTesting/abp/modules/users
2026-09-07 11:29:25 INFO     [static_analyzer.engine.adapters.csharp_adapter:367] dotnet restore completed for Volo.Abp.Users.slnx
2026-09-07 11:29:26 INFO     [static_analyzer:414] CSharp LSP start: 4.1s
2026-09-07 11:29:26 INFO     [static_analyzer.engine.language_adapter:284] Found 24 CSharp files in /Users/svilen/Documents/Projects/ReposForTesting/abp/modules/virtual-file-explorer
2026-09-07 11:29:26 INFO     [static_analyzer:392] Starting engine LSP client for CSharp at /Users/svilen/Documents/Projects/ReposForTesting/abp/modules/virtual-file-explorer
2026-09-07 11:29:32 INFO     [static_analyzer.engine.adapters.csharp_adapter:367] dotnet restore completed for Volo.Abp.VirtualFileExplorer.slnx
2026-09-07 11:29:33 INFO     [static_analyzer:414] CSharp LSP start: 7.3s
2026-09-07 11:29:33 INFO     [static_analyzer.engine.language_adapter:284] Found 132 CSharp files in /Users/svilen/Documents/Projects/ReposForTesting/abp/templates/app/aspnet-core
2026-09-07 11:29:33 INFO     [static_analyzer:392] Starting engine LSP client for CSharp at /Users/svilen/Documents/Projects/ReposForTesting/abp/templates/app/aspnet-core
2026-09-07 11:29:44 INFO     [static_analyzer.engine.adapters.csharp_adapter:367] dotnet restore completed for MyCompanyName.MyProjectName.slnx
2026-09-07 11:29:45 INFO     [static_analyzer:414] CSharp LSP start: 11.4s
2026-09-07 11:29:45 INFO     [static_analyzer.engine.language_adapter:284] Found 134 CSharp files in /Users/svilen/Documents/Projects/ReposForTesting/abp/templates/app-nolayers/aspnet-core
2026-09-07 11:29:45 INFO     [static_analyzer:392] Starting engine LSP client for CSharp at /Users/svilen/Documents/Projects/ReposForTesting/abp/templates/app-nolayers/aspnet-core
2026-09-07 11:29:55 INFO     [static_analyzer.engine.adapters.csharp_adapter:367] dotnet restore completed for MyCompanyName.MyProjectName.slnx
2026-09-07 11:29:55 INFO     [static_analyzer:414] CSharp LSP start: 10.6s
2026-09-07 11:29:55 INFO     [static_analyzer.engine.language_adapter:284] Found 4 CSharp files in /Users/svilen/Documents/Projects/ReposForTesting/abp/templates/console
2026-09-07 11:29:55 INFO     [static_analyzer:392] Starting engine LSP client for CSharp at /Users/svilen/Documents/Projects/ReposForTesting/abp/templates/console
2026-09-07 11:29:57 INFO     [static_analyzer.engine.adapters.csharp_adapter:367] dotnet restore completed for MyCompanyName.MyProjectName.slnx
2026-09-07 11:29:57 INFO     [static_analyzer:414] CSharp LSP start: 2.1s
2026-09-07 11:29:57 INFO     [static_analyzer.engine.language_adapter:284] Found 14 CSharp files in /Users/svilen/Documents/Projects/ReposForTesting/abp/templates/maui
2026-09-07 11:29:57 INFO     [static_analyzer:392] Starting engine LSP client for CSharp at /Users/svilen/Documents/Projects/ReposForTesting/abp/templates/maui
2026-09-07 11:29:59 WARNING  [static_analyzer.engine.adapters.csharp_adapter:360] dotnet restore failed for MyCompanyName.MyProjectName.slnx (exit 1): /abp/templates/maui/src/MyCompanyName.MyProjectName/MyCompanyName.MyProjectName.csproj::TargetFramework=net10.0]
/Users/svilen/.codeboarding/dotnet/sdk/10.0.400/Sdks/Microsoft.NET.Sdk/targets/Microsoft.NET.Sdk.ImportWorkloads.targets(38,5): error NETSDK1147: To install these workloads, run the following command: dotnet workload restore [/Users/svilen/Documents/Projects/ReposForTesting/abp/templates/maui/src/MyCompanyName.MyProjectName/MyCompanyName.MyProjectName.csproj::TargetFramework=net10.0]

2026-09-07 11:29:59 INFO     [static_analyzer:414] CSharp LSP start: 2.0s
2026-09-07 11:30:00 INFO     [static_analyzer.engine.language_adapter:284] Found 100 CSharp files in /Users/svilen/Documents/Projects/ReposForTesting/abp/templates/module/aspnet-core
2026-09-07 11:30:00 INFO     [static_analyzer:392] Starting engine LSP client for CSharp at /Users/svilen/Documents/Projects/ReposForTesting/abp/templates/module/aspnet-core
2026-09-07 11:30:09 INFO     [static_analyzer.engine.adapters.csharp_adapter:367] dotnet restore completed for MyCompanyName.MyProjectName.slnx
2026-09-07 11:30:10 INFO     [static_analyzer:414] CSharp LSP start: 10.6s
2026-09-07 11:30:10 INFO     [static_analyzer.engine.language_adapter:284] Found 5 CSharp files in /Users/svilen/Documents/Projects/ReposForTesting/abp/templates/wpf
2026-09-07 11:30:10 INFO     [static_analyzer:392] Starting engine LSP client for CSharp at /Users/svilen/Documents/Projects/ReposForTesting/abp/templates/wpf
2026-09-07 11:30:11 WARNING  [static_analyzer.engine.adapters.csharp_adapter:360] dotnet restore failed for MyCompanyName.MyProjectName.slnx (exit 1):   Determining projects to restore...
/Users/svilen/.codeboarding/dotnet/sdk/10.0.400/Sdks/Microsoft.NET.Sdk/targets/Microsoft.NET.Sdk.FrameworkReferenceResolution.targets(120,5): error NETSDK1100: To build a project targeting Windows on this operating system, set the EnableWindowsTargeting property to true. [/Users/svilen/Documents/Projects/ReposForTesting/abp/templates/wpf/src/MyCompanyName.MyProjectName/MyCompanyName.MyProjectName.csproj]

2026-09-07 11:30:12 INFO     [static_analyzer:414] CSharp LSP start: 1.7s
2026-09-07 11:30:12 INFO     [static_analyzer.engine.language_adapter:284] Found 11 CSharp files in /Users/svilen/Documents/Projects/ReposForTesting/abp/tools/localization-key-synchronizer
2026-09-07 11:30:12 INFO     [static_analyzer:392] Starting engine LSP client for CSharp at /Users/svilen/Documents/Projects/ReposForTesting/abp/tools/localization-key-synchronizer
2026-09-07 11:30:12 INFO     [static_analyzer.engine.adapters.csharp_adapter:367] dotnet restore completed for LocalizationKeySynchronizer.slnx
2026-09-07 11:30:13 INFO     [static_analyzer:414] CSharp LSP start: 1.4s
2026-09-07 11:30:15 INFO     [static_analyzer.engine.language_adapter:284] Found 8 Go files in /Users/svilen/Documents/Projects/ReposForTesting/abp
2026-09-07 11:30:15 INFO     [static_analyzer:392] Starting engine LSP client for Go at /Users/svilen/Documents/Projects/ReposForTesting/abp
2026-09-07 11:30:15 INFO     [static_analyzer:414] Go LSP start: 0.2s
2026-09-07 11:30:15 INFO     [static_analyzer.engine.lsp_client:526] Waiting for LSP server to be ready...
2026-09-07 11:30:15 INFO     [static_analyzer.engine.lsp_client:888] LSP server: workspace loaded (Setting up workspace Finished loading packages.)
2026-09-07 11:30:15 INFO     [static_analyzer.engine.lsp_client:528] Server ready
2026-09-07 11:30:15 INFO     [static_analyzer:423] Go workspace ready: 0.1s
2026-09-07 11:30:15 INFO     [static_analyzer:392] Starting engine LSP client for TypeScript at /Users/svilen/Documents/Projects/ReposForTesting/abp
2026-09-07 11:30:15 INFO     [static_analyzer:414] TypeScript LSP start: 0.2s
2026-09-07 11:30:15 INFO     [static_analyzer:654] analyze() called with skip_cache=False, source_sha=<set>
2026-09-07 11:30:15 INFO     [static_analyzer:673] static_analysis_cache: outcome=miss_absent
2026-09-07 11:30:15 INFO     [static_analyzer:724] Starting engine analysis for CSharp in /Users/svilen/Documents/Projects/ReposForTesting/abp/abp_io/AbpIoLocalization
2026-09-07 11:30:15 INFO     [static_analyzer:984] Analyzing 8 CSharp files
2026-09-07 11:30:15 INFO     [static_analyzer.engine.call_graph_builder:220] Waiting for LSP server indexing (timeout=600s)...
2026-09-07 11:30:22 INFO     [static_analyzer.engine.lsp_client:858] LSP server: solution loaded (csharp-ls: Finished loading solution "/Users/svilen/Documents/Projects/ReposForTesting/abp/abp_io/AbpIoLocalization/AbpIoLocalization.slnx")
2026-09-07 11:30:23 INFO     [static_analyzer.engine.call_graph_builder:224] Sync probe: 7.9s (1 symbols)
2026-09-07 11:30:23 INFO     [static_analyzer.engine.progress:72] Phase 0 (open): 100% (8/8 files, 0.0s elapsed)
2026-09-07 11:30:23 INFO     [static_analyzer.engine.progress:72] Phase 0 (open): 100% (8/8 files, 0.1s elapsed)
2026-09-07 11:30:23 INFO     [static_analyzer.engine.call_graph_builder:215] did_open 8 files: 0.1s
2026-09-07 11:30:23 INFO     [static_analyzer.engine.progress:72] Phase 1 (symbols): 12% (1/8 files, 0.0s elapsed | symbols=4)
2026-09-07 11:30:23 INFO     [static_analyzer.engine.progress:72] Phase 1 (symbols): 100% (8/8 files, 0.0s elapsed | symbols=25)
2026-09-07 11:30:23 INFO     [static_analyzer.engine.call_graph_builder:199] Discovered 25 symbols across 8 files
2026-09-07 11:30:23 INFO     [static_analyzer.engine.call_graph_builder:61] Phase 1 total (discover symbols): 8.0s
2026-09-07 11:30:23 INFO     [static_analyzer.engine.call_graph_builder:65] Build indices: 0.0s
2026-09-07 11:30:23 INFO     [static_analyzer.engine.lsp_recycler:84] LSP recycler armed at a 12.0GB budget
2026-09-07 11:30:23 INFO     [static_analyzer.engine.progress:72] Phase 2 (definitions): 12% (1/8 files, 0.1s elapsed | edges=1, resolved=8)
2026-09-07 11:30:23 INFO     [static_analyzer.engine.progress:72] Phase 2 (definitions): 100% (8/8 files, 0.2s elapsed | edges=1, resolved=8)
2026-09-07 11:30:23 INFO     [static_analyzer.engine.edge_builder:576] Phase 2b (implementations): 0 unique targets from 0 pending queries
2026-09-07 11:30:23 INFO     [static_analyzer.engine.progress:72] Phase 2b (impl): 100% (1/1 targets, 0.0s elapsed)
2026-09-07 11:30:23 INFO     [static_analyzer.engine.edge_builder:334] Phase 2 summary: 40 call sites, 8 def resolved, 0 impl resolved, 0 iterated, 1 raw edges
2026-09-07 11:30:23 INFO     [static_analyzer.engine.call_graph_builder:73] Phase 2 total (build edges): 0.2s, 1 edges
2026-09-07 11:30:23 INFO     [static_analyzer.engine.hierarchy_builder:57] Hierarchy: 8 class symbols to process
2026-09-07 11:30:23 INFO     [static_analyzer.engine.hierarchy_builder:105] Hierarchy complete: 8 classes, 0 inheritance links in 0.2s
2026-09-07 11:30:23 INFO     [static_analyzer.engine.call_graph_builder:82] Phase 3 (hierarchy): 0.2s
2026-09-07 11:30:23 INFO     [static_analyzer.engine.call_graph_builder:87] Phase 4 (package deps): 0.0s
2026-09-07 11:30:23 INFO     [static_analyzer.engine.call_graph_builder:110] Pipeline complete: 8 files, 25 symbols, 1 edges, 8 hierarchy entries in 8.4s
2026-09-07 11:30:23 INFO     [static_analyzer:994] CallGraphBuilder.build() for CSharp: 8.4s
2026-09-07 11:30:23 INFO     [static_analyzer.engine.result_converter:106] Converted 9 nodes, 1 edges (0 skipped) for CSharp
2026-09-07 11:30:23 INFO     [static_analyzer.engine.result_converter:116] Reference edges for CSharp: 1 ({<EdgeKind.CONTAINS: 'contains'>: 1})
2026-09-07 11:30:23 INFO     [static_analyzer:1004] convert_to_codeboarding_format for CSharp: 0.0s
2026-09-07 11:30:23 INFO     [static_analyzer:727] Engine analysis for CSharp completed in 8.4s
2026-09-07 11:30:25 INFO     [static_analyzer:935] Diagnostics for CSharp: 8 files, 0 items (cache=0, live=8)
2026-09-07 11:30:25 INFO     [static_analyzer:724] Starting engine analysis for CSharp in /Users/svilen/Documents/Projects/ReposForTesting/abp/framework
2026-09-07 11:30:25 INFO     [static_analyzer:984] Analyzing 3538 CSharp files
2026-09-07 11:30:25 INFO     [static_analyzer.engine.call_graph_builder:220] Waiting for LSP server indexing (timeout=1800s)...
2026-09-07 11:31:17 INFO     [static_analyzer.engine.lsp_client:858] LSP server: solution loaded (csharp-ls: Finished loading solution "/Users/svilen/Documents/Projects/ReposForTesting/abp/framework/Volo.Abp.slnx")
2026-09-07 11:31:18 INFO     [static_analyzer.engine.call_graph_builder:224] Sync probe: 52.9s (1 symbols)
2026-09-07 11:31:18 INFO     [static_analyzer.engine.progress:72] Phase 0 (open): 1% (50/3538 files, 0.0s elapsed)
2026-09-07 11:31:23 INFO     [static_analyzer.engine.progress:72] Phase 0 (open): 66% (2350/3538 files, 5.1s elapsed)
2026-09-07 11:31:26 INFO     [static_analyzer.engine.progress:72] Phase 0 (open): 100% (3538/3538 files, 7.8s elapsed)
2026-09-07 11:31:26 INFO     [static_analyzer.engine.call_graph_builder:215] did_open 3538 files: 7.8s
2026-09-07 11:32:02 INFO     [static_analyzer.engine.progress:72] Phase 1 (symbols): 1% (36/3538 files, 36.1s elapsed | symbols=200)
2026-09-07 11:32:07 INFO     [static_analyzer.engine.progress:72] Phase 1 (symbols): 12% (453/3538 files, 41.1s elapsed | symbols=2891)
2026-09-07 11:32:12 INFO     [static_analyzer.engine.progress:72] Phase 1 (symbols): 25% (917/3538 files, 46.1s elapsed | symbols=6347)
2026-09-07 11:32:17 INFO     [static_analyzer.engine.progress:72] Phase 1 (symbols): 39% (1402/3538 files, 51.1s elapsed | symbols=10043)
2026-09-07 11:32:22 INFO     [static_analyzer.engine.progress:72] Phase 1 (symbols): 55% (1953/3538 files, 56.1s elapsed | symbols=15777)
2026-09-07 11:32:27 INFO     [static_analyzer.engine.progress:72] Phase 1 (symbols): 71% (2541/3538 files, 61.1s elapsed | symbols=21111)
2026-09-07 11:32:32 INFO     [static_analyzer.engine.progress:72] Phase 1 (symbols): 94% (3337/3538 files, 66.1s elapsed | symbols=27421)
2026-09-07 11:32:34 INFO     [static_analyzer.engine.progress:72] Phase 1 (symbols): 100% (3538/3538 files, 67.4s elapsed | symbols=28966)
2026-09-07 11:32:34 INFO     [static_analyzer.engine.call_graph_builder:199] Discovered 28966 symbols across 3538 files
2026-09-07 11:32:34 INFO     [static_analyzer.engine.call_graph_builder:61] Phase 1 total (discover symbols): 128.1s
2026-09-07 11:32:34 INFO     [static_analyzer.engine.call_graph_builder:65] Build indices: 0.0s
2026-09-07 11:32:34 INFO     [static_analyzer.engine.lsp_recycler:84] LSP recycler armed at a 12.0GB budget
2026-09-07 11:32:36 INFO     [static_analyzer.engine.edge_builder:673] Skipped 121 ambiguous base type name(s) for virtual dispatch
2026-09-07 11:32:37 INFO     [static_analyzer.engine.progress:72] Phase 2 (definitions): 1% (36/3538 files, 0.6s elapsed | edges=140, resolved=201)
2026-09-07 11:32:42 INFO     [static_analyzer.engine.progress:72] Phase 2 (definitions): 9% (351/3538 files, 5.7s elapsed | edges=1305, resolved=1936)
2026-09-07 11:32:47 INFO     [static_analyzer.engine.progress:72] Phase 2 (definitions): 14% (516/3538 files, 10.7s elapsed | edges=2907, resolved=3899)
2026-09-07 11:32:52 INFO     [static_analyzer.engine.progress:72] Phase 2 (definitions): 23% (828/3538 files, 15.8s elapsed | edges=4218, resolved=6077)
2026-09-07 11:32:57 INFO     [static_analyzer.engine.progress:72] Phase 2 (definitions): 32% (1162/3538 files, 20.8s elapsed | edges=6052, resolved=8285)
2026-09-07 11:33:02 INFO     [static_analyzer.engine.progress:72] Phase 2 (definitions): 39% (1410/3538 files, 25.8s elapsed | edges=7835, resolved=10543)
2026-09-07 11:33:07 INFO     [static_analyzer.engine.progress:72] Phase 2 (definitions): 44% (1562/3538 files, 30.8s elapsed | edges=9327, resolved=13020)
2026-09-07 11:33:12 INFO     [static_analyzer.engine.progress:72] Phase 2 (definitions): 46% (1660/3538 files, 35.9s elapsed | edges=10463, resolved=14795)
2026-09-07 11:33:17 INFO     [static_analyzer.engine.progress:72] Phase 2 (definitions): 50% (1790/3538 files, 40.9s elapsed | edges=11744, resolved=17123)
2026-09-07 11:33:22 INFO     [static_analyzer.engine.progress:72] Phase 2 (definitions): 53% (1880/3538 files, 45.9s elapsed | edges=12729, resolved=19038)
2026-09-07 11:33:27 INFO     [static_analyzer.engine.progress:72] Phase 2 (definitions): 60% (2138/3538 files, 50.9s elapsed | edges=14222, resolved=21033)
2026-09-07 11:33:32 INFO     [static_analyzer.engine.progress:72] Phase 2 (definitions): 67% (2390/3538 files, 56.1s elapsed | edges=16260, resolved=23566)
2026-09-07 11:33:37 INFO     [static_analyzer.engine.progress:72] Phase 2 (definitions): 72% (2575/3538 files, 61.1s elapsed | edges=18563, resolved=26260)
2026-09-07 11:33:42 INFO     [static_analyzer.engine.progress:72] Phase 2 (definitions): 79% (2799/3538 files, 66.1s elapsed | edges=20269, resolved=28522)
2026-09-07 11:33:47 INFO     [static_analyzer.engine.progress:72] Phase 2 (definitions): 85% (3028/3538 files, 71.2s elapsed | edges=21952, resolved=31005)
2026-09-07 11:33:52 INFO     [static_analyzer.engine.progress:72] Phase 2 (definitions): 93% (3296/3538 files, 76.2s elapsed | edges=23383, resolved=33111)
2026-09-07 11:33:56 INFO     [static_analyzer.engine.progress:72] Phase 2 (definitions): 100% (3538/3538 files, 80.4s elapsed | edges=24785, resolved=35059)
2026-09-07 11:33:56 INFO     [static_analyzer.engine.edge_builder:576] Phase 2b (implementations): 5218 unique targets from 14964 pending queries
2026-09-07 11:33:58 INFO     [static_analyzer.engine.progress:72] Phase 2b (impl): 1% (100/5218 targets, 1.8s elapsed | edges=24785, resolved=21)
2026-09-07 11:34:03 INFO     [static_analyzer.engine.progress:72] Phase 2b (impl): 68% (3600/5218 targets, 6.8s elapsed | edges=25288, resolved=755)
2026-09-07 11:34:05 INFO     [static_analyzer.engine.progress:72] Phase 2b (impl): 100% (5218/5218 targets, 9.0s elapsed | edges=25448, resolved=1270)
2026-09-07 11:34:10 INFO     [static_analyzer.engine.edge_builder:334] Phase 2 summary: 67294 call sites, 35059 def resolved, 1270 impl resolved, 53 iterated, 25490 raw edges
2026-09-07 11:34:10 INFO     [static_analyzer.engine.call_graph_builder:73] Phase 2 total (build edges): 96.8s, 25490 edges
2026-09-07 11:34:10 INFO     [static_analyzer.engine.hierarchy_builder:57] Hierarchy: 3884 class symbols to process
2026-09-07 11:35:10 INFO     [static_analyzer.engine.hierarchy_builder:105] Hierarchy complete: 3884 classes, 2530 inheritance links in 59.8s
2026-09-07 11:35:10 INFO     [static_analyzer.engine.call_graph_builder:82] Phase 3 (hierarchy): 59.8s
2026-09-07 11:35:12 INFO     [static_analyzer.engine.call_graph_builder:87] Phase 4 (package deps): 1.8s
2026-09-07 11:35:12 INFO     [static_analyzer.engine.call_graph_builder:110] Pipeline complete: 3538 files, 28966 symbols, 25490 edges, 3884 hierarchy entries in 286.8s
2026-09-07 11:35:12 INFO     [static_analyzer:994] CallGraphBuilder.build() for CSharp: 286.8s
2026-09-07 11:35:12 INFO     [static_analyzer.engine.result_converter:106] Converted 14302 nodes, 25490 edges (0 skipped) for CSharp
2026-09-07 11:35:12 INFO     [static_analyzer.engine.result_converter:116] Reference edges for CSharp: 12707 ({<EdgeKind.CONTAINS: 'contains'>: 10177, <EdgeKind.INHERITS: 'inherits'>: 2530})
2026-09-07 11:35:13 INFO     [static_analyzer:1004] convert_to_codeboarding_format for CSharp: 0.4s
2026-09-07 11:35:13 INFO     [static_analyzer:727] Engine analysis for CSharp completed in 287.2s
2026-09-07 11:35:15 INFO     [static_analyzer:935] Diagnostics for CSharp: 3098 files, 249 items (cache=0, live=3098)
2026-09-07 11:35:15 INFO     [static_analyzer:724] Starting engine analysis for CSharp in /Users/svilen/Documents/Projects/ReposForTesting/abp/modules/account
2026-09-07 11:35:15 INFO     [static_analyzer:984] Analyzing 81 CSharp files
2026-09-07 11:35:15 INFO     [static_analyzer.engine.call_graph_builder:220] Waiting for LSP server indexing (timeout=600s)...
2026-09-07 11:35:39 INFO     [static_analyzer.engine.lsp_client:858] LSP server: solution loaded (csharp-ls: Finished loading solution "/Users/svilen/Documents/Projects/ReposForTesting/abp/modules/account/Volo.Abp.Account.slnx")
2026-09-07 11:35:41 INFO     [static_analyzer.engine.call_graph_builder:224] Sync probe: 26.5s (1 symbols)
2026-09-07 11:35:41 INFO     [static_analyzer.engine.progress:72] Phase 0 (open): 61% (50/81 files, 0.0s elapsed)
2026-09-07 11:35:41 INFO     [static_analyzer.engine.progress:72] Phase 0 (open): 100% (81/81 files, 0.2s elapsed)
2026-09-07 11:35:41 INFO     [static_analyzer.engine.call_graph_builder:215] did_open 81 files: 0.2s
2026-09-07 11:35:42 INFO     [static_analyzer.engine.progress:72] Phase 1 (symbols): 6% (5/81 files, 0.9s elapsed | symbols=36)
2026-09-07 11:35:44 INFO     [static_analyzer.engine.progress:72] Phase 1 (symbols): 100% (81/81 files, 2.5s elapsed | symbols=865)
2026-09-07 11:35:44 INFO     [static_analyzer.engine.call_graph_builder:199] Discovered 865 symbols across 81 files
2026-09-07 11:35:44 INFO     [static_analyzer.engine.call_graph_builder:61] Phase 1 total (discover symbols): 29.2s
2026-09-07 11:35:44 INFO     [static_analyzer.engine.call_graph_builder:65] Build indices: 0.0s
2026-09-07 11:35:44 INFO     [static_analyzer.engine.lsp_recycler:84] LSP recycler armed at a 12.0GB budget
2026-09-07 11:35:44 INFO     [static_analyzer.engine.edge_builder:673] Skipped 12 ambiguous base type name(s) for virtual dispatch
2026-09-07 11:35:44 INFO     [static_analyzer.engine.progress:72] Phase 2 (definitions): 6% (5/81 files, 0.3s elapsed | edges=5, resolved=31)
2026-09-07 11:35:47 INFO     [static_analyzer.engine.progress:72] Phase 2 (definitions): 100% (81/81 files, 2.7s elapsed | edges=235, resolved=425)
2026-09-07 11:35:47 INFO     [static_analyzer.engine.edge_builder:576] Phase 2b (implementations): 57 unique targets from 100 pending queries
2026-09-07 11:35:47 INFO     [static_analyzer.engine.progress:72] Phase 2b (impl): 87% (50/57 targets, 0.4s elapsed | edges=235, resolved=26)
2026-09-07 11:35:47 INFO     [static_analyzer.engine.progress:72] Phase 2b (impl): 100% (57/57 targets, 0.5s elapsed | edges=235, resolved=26)
2026-09-07 11:35:47 INFO     [static_analyzer.engine.edge_builder:334] Phase 2 summary: 1628 call sites, 425 def resolved, 26 impl resolved, 0 iterated, 235 raw edges
2026-09-07 11:35:47 INFO     [static_analyzer.engine.call_graph_builder:73] Phase 2 total (build edges): 3.2s, 235 edges
2026-09-07 11:35:47 INFO     [static_analyzer.engine.hierarchy_builder:57] Hierarchy: 97 class symbols to process
2026-09-07 11:35:48 INFO     [static_analyzer.engine.hierarchy_builder:105] Hierarchy complete: 97 classes, 27 inheritance links in 1.1s
2026-09-07 11:35:48 INFO     [static_analyzer.engine.call_graph_builder:82] Phase 3 (hierarchy): 1.1s
2026-09-07 11:35:48 INFO     [static_analyzer.engine.call_graph_builder:87] Phase 4 (package deps): 0.0s
2026-09-07 11:35:48 INFO     [static_analyzer.engine.call_graph_builder:110] Pipeline complete: 81 files, 865 symbols, 235 edges, 97 hierarchy entries in 33.5s
2026-09-07 11:35:48 INFO     [static_analyzer:994] CallGraphBuilder.build() for CSharp: 33.5s
2026-09-07 11:35:48 INFO     [static_analyzer.engine.result_converter:106] Converted 279 nodes, 235 edges (0 skipped) for CSharp
2026-09-07 11:35:48 INFO     [static_analyzer.engine.result_converter:116] Reference edges for CSharp: 209 ({<EdgeKind.CONTAINS: 'contains'>: 182, <EdgeKind.INHERITS: 'inherits'>: 27})
2026-09-07 11:35:48 INFO     [static_analyzer:1004] convert_to_codeboarding_format for CSharp: 0.0s
2026-09-07 11:35:48 INFO     [static_analyzer:727] Engine analysis for CSharp completed in 33.5s
2026-09-07 11:35:50 INFO     [static_analyzer:935] Diagnostics for CSharp: 81 files, 71 items (cache=0, live=81)
2026-09-07 11:35:50 INFO     [static_analyzer:724] Starting engine analysis for CSharp in /Users/svilen/Documents/Projects/ReposForTesting/abp/modules/audit-logging
2026-09-07 11:35:50 INFO     [static_analyzer:984] Analyzing 38 CSharp files
2026-09-07 11:35:50 INFO     [static_analyzer.engine.call_graph_builder:220] Waiting for LSP server indexing (timeout=600s)...
2026-09-07 11:36:05 INFO     [static_analyzer.engine.lsp_client:858] LSP server: solution loaded (csharp-ls: Finished loading solution "/Users/svilen/Documents/Projects/ReposForTesting/abp/modules/audit-logging/Volo.Abp.AuditLogging.slnx")
2026-09-07 11:36:07 INFO     [static_analyzer.engine.call_graph_builder:224] Sync probe: 16.5s (1 symbols)
2026-09-07 11:36:07 INFO     [static_analyzer.engine.progress:72] Phase 0 (open): 100% (38/38 files, 0.0s elapsed)
2026-09-07 11:36:07 INFO     [static_analyzer.engine.progress:72] Phase 0 (open): 100% (38/38 files, 0.1s elapsed)
2026-09-07 11:36:07 INFO     [static_analyzer.engine.call_graph_builder:215] did_open 38 files: 0.1s
2026-09-07 11:36:07 INFO     [static_analyzer.engine.progress:72] Phase 1 (symbols): 10% (4/38 files, 0.2s elapsed | symbols=49)
2026-09-07 11:36:08 INFO     [static_analyzer.engine.progress:72] Phase 1 (symbols): 100% (38/38 files, 0.6s elapsed | symbols=253)
2026-09-07 11:36:08 INFO     [static_analyzer.engine.call_graph_builder:199] Discovered 253 symbols across 38 files
2026-09-07 11:36:08 INFO     [static_analyzer.engine.call_graph_builder:61] Phase 1 total (discover symbols): 17.3s
2026-09-07 11:36:08 INFO     [static_analyzer.engine.call_graph_builder:65] Build indices: 0.0s
2026-09-07 11:36:08 INFO     [static_analyzer.engine.lsp_recycler:84] LSP recycler armed at a 12.0GB budget
2026-09-07 11:36:08 INFO     [static_analyzer.engine.progress:72] Phase 2 (definitions): 10% (4/38 files, 0.1s elapsed | edges=3, resolved=27)
2026-09-07 11:36:09 INFO     [static_analyzer.engine.progress:72] Phase 2 (definitions): 100% (38/38 files, 1.6s elapsed | edges=52, resolved=295)
2026-09-07 11:36:09 INFO     [static_analyzer.engine.edge_builder:576] Phase 2b (implementations): 16 unique targets from 28 pending queries
2026-09-07 11:36:10 INFO     [static_analyzer.engine.progress:72] Phase 2b (impl): 100% (16/16 targets, 0.3s elapsed | edges=52, resolved=1)
2026-09-07 11:36:10 INFO     [static_analyzer.engine.progress:72] Phase 2b (impl): 100% (16/16 targets, 0.3s elapsed | edges=52, resolved=1)
2026-09-07 11:36:10 INFO     [static_analyzer.engine.edge_builder:334] Phase 2 summary: 1047 call sites, 295 def resolved, 1 impl resolved, 0 iterated, 52 raw edges
2026-09-07 11:36:10 INFO     [static_analyzer.engine.call_graph_builder:73] Phase 2 total (build edges): 2.0s, 52 edges
2026-09-07 11:36:10 INFO     [static_analyzer.engine.hierarchy_builder:57] Hierarchy: 39 class symbols to process
2026-09-07 11:36:10 INFO     [static_analyzer.engine.hierarchy_builder:105] Hierarchy complete: 39 classes, 7 inheritance links in 0.3s
2026-09-07 11:36:10 INFO     [static_analyzer.engine.call_graph_builder:82] Phase 3 (hierarchy): 0.3s
2026-09-07 11:36:10 INFO     [static_analyzer.engine.call_graph_builder:87] Phase 4 (package deps): 0.0s
2026-09-07 11:36:10 INFO     [static_analyzer.engine.call_graph_builder:110] Pipeline complete: 38 files, 253 symbols, 52 edges, 39 hierarchy entries in 19.5s
2026-09-07 11:36:10 INFO     [static_analyzer:994] CallGraphBuilder.build() for CSharp: 19.5s
2026-09-07 11:36:10 INFO     [static_analyzer.engine.result_converter:106] Converted 110 nodes, 52 edges (0 skipped) for CSharp
2026-09-07 11:36:10 INFO     [static_analyzer.engine.result_converter:116] Reference edges for CSharp: 78 ({<EdgeKind.CONTAINS: 'contains'>: 71, <EdgeKind.INHERITS: 'inherits'>: 7})
2026-09-07 11:36:10 INFO     [static_analyzer:1004] convert_to_codeboarding_format for CSharp: 0.0s
2026-09-07 11:36:10 INFO     [static_analyzer:727] Engine analysis for CSharp completed in 19.5s
2026-09-07 11:36:12 INFO     [static_analyzer:935] Diagnostics for CSharp: 38 files, 2 items (cache=0, live=38)
2026-09-07 11:36:12 INFO     [static_analyzer:724] Starting engine analysis for CSharp in /Users/svilen/Documents/Projects/ReposForTesting/abp/modules/background-jobs
2026-09-07 11:36:12 INFO     [static_analyzer:984] Analyzing 50 CSharp files
2026-09-07 11:36:12 INFO     [static_analyzer.engine.call_graph_builder:220] Waiting for LSP server indexing (timeout=600s)...
2026-09-07 11:36:31 INFO     [static_analyzer.engine.lsp_client:858] LSP server: solution loaded (csharp-ls: Finished loading solution "/Users/svilen/Documents/Projects/ReposForTesting/abp/modules/background-jobs/Volo.Abp.BackgroundJobs.slnx")
2026-09-07 11:36:33 INFO     [static_analyzer.engine.call_graph_builder:224] Sync probe: 21.5s (1 symbols)
2026-09-07 11:36:33 INFO     [static_analyzer.engine.progress:72] Phase 0 (open): 100% (50/50 files, 0.0s elapsed)
2026-09-07 11:36:34 INFO     [static_analyzer.engine.progress:72] Phase 0 (open): 100% (50/50 files, 0.1s elapsed)
2026-09-07 11:36:34 INFO     [static_analyzer.engine.call_graph_builder:215] did_open 50 files: 0.1s
2026-09-07 11:36:34 INFO     [static_analyzer.engine.progress:72] Phase 1 (symbols): 6% (3/50 files, 0.3s elapsed | symbols=14)
2026-09-07 11:36:35 INFO     [static_analyzer.engine.progress:72] Phase 1 (symbols): 100% (50/50 files, 1.1s elapsed | symbols=254)
2026-09-07 11:36:35 INFO     [static_analyzer.engine.call_graph_builder:199] Discovered 254 symbols across 50 files
2026-09-07 11:36:35 INFO     [static_analyzer.engine.call_graph_builder:61] Phase 1 total (discover symbols): 22.7s
2026-09-07 11:36:35 INFO     [static_analyzer.engine.call_graph_builder:65] Build indices: 0.0s
2026-09-07 11:36:35 INFO     [static_analyzer.engine.lsp_recycler:84] LSP recycler armed at a 12.0GB budget
2026-09-07 11:36:35 INFO     [static_analyzer.engine.edge_builder:673] Skipped 3 ambiguous base type name(s) for virtual dispatch
2026-09-07 11:36:35 INFO     [static_analyzer.engine.progress:72] Phase 2 (definitions): 6% (3/50 files, 0.1s elapsed | edges=8, resolved=10)
2026-09-07 11:36:36 INFO     [static_analyzer.engine.progress:72] Phase 2 (definitions): 100% (50/50 files, 1.2s elapsed | edges=49, resolved=146)
2026-09-07 11:36:36 INFO     [static_analyzer.engine.edge_builder:576] Phase 2b (implementations): 21 unique targets from 24 pending queries
2026-09-07 11:36:36 INFO     [static_analyzer.engine.progress:72] Phase 2b (impl): 100% (21/21 targets, 0.3s elapsed | edges=49, resolved=6)
2026-09-07 11:36:36 INFO     [static_analyzer.engine.progress:72] Phase 2b (impl): 100% (21/21 targets, 0.3s elapsed | edges=49, resolved=6)
2026-09-07 11:36:36 INFO     [static_analyzer.engine.edge_builder:334] Phase 2 summary: 768 call sites, 146 def resolved, 6 impl resolved, 0 iterated, 49 raw edges
2026-09-07 11:36:36 INFO     [static_analyzer.engine.call_graph_builder:73] Phase 2 total (build edges): 1.6s, 49 edges
2026-09-07 11:36:36 INFO     [static_analyzer.engine.hierarchy_builder:57] Hierarchy: 54 class symbols to process
2026-09-07 11:36:37 INFO     [static_analyzer.engine.hierarchy_builder:105] Hierarchy complete: 54 classes, 4 inheritance links in 1.0s
2026-09-07 11:36:37 INFO     [static_analyzer.engine.call_graph_builder:82] Phase 3 (hierarchy): 1.0s
2026-09-07 11:36:37 INFO     [static_analyzer.engine.call_graph_builder:87] Phase 4 (package deps): 0.0s
2026-09-07 11:36:37 INFO     [static_analyzer.engine.call_graph_builder:110] Pipeline complete: 50 files, 254 symbols, 49 edges, 54 hierarchy entries in 25.2s
2026-09-07 11:36:37 INFO     [static_analyzer:994] CallGraphBuilder.build() for CSharp: 25.2s
2026-09-07 11:36:37 INFO     [static_analyzer.engine.result_converter:106] Converted 137 nodes, 49 edges (0 skipped) for CSharp
2026-09-07 11:36:37 INFO     [static_analyzer.engine.result_converter:116] Reference edges for CSharp: 87 ({<EdgeKind.CONTAINS: 'contains'>: 83, <EdgeKind.INHERITS: 'inherits'>: 4})
2026-09-07 11:36:37 INFO     [static_analyzer:1004] convert_to_codeboarding_format for CSharp: 0.0s
2026-09-07 11:36:37 INFO     [static_analyzer:727] Engine analysis for CSharp completed in 25.2s
2026-09-07 11:36:39 INFO     [static_analyzer:935] Diagnostics for CSharp: 50 files, 36 items (cache=0, live=50)
2026-09-07 11:36:39 INFO     [static_analyzer:724] Starting engine analysis for CSharp in /Users/svilen/Documents/Projects/ReposForTesting/abp/modules/basic-theme
2026-09-07 11:36:39 INFO     [static_analyzer:984] Analyzing 51 CSharp files
2026-09-07 11:36:39 INFO     [static_analyzer.engine.call_graph_builder:220] Waiting for LSP server indexing (timeout=600s)...
2026-09-07 11:37:03 INFO     [static_analyzer.engine.lsp_client:858] LSP server: solution loaded (csharp-ls: Finished loading solution "/Users/svilen/Documents/Projects/ReposForTesting/abp/modules/basic-theme/Volo.Abp.BasicTheme.slnx")
2026-09-07 11:37:06 INFO     [static_analyzer.engine.call_graph_builder:224] Sync probe: 26.8s (1 symbols)
2026-09-07 11:37:06 INFO     [static_analyzer.engine.progress:72] Phase 0 (open): 98% (50/51 files, 0.0s elapsed)
2026-09-07 11:37:06 INFO     [static_analyzer.engine.progress:72] Phase 0 (open): 100% (51/51 files, 0.2s elapsed)
2026-09-07 11:37:06 INFO     [static_analyzer.engine.call_graph_builder:215] did_open 51 files: 0.2s
2026-09-07 11:37:07 INFO     [static_analyzer.engine.progress:72] Phase 1 (symbols): 5% (3/51 files, 0.4s elapsed | symbols=15)
2026-09-07 11:37:08 INFO     [static_analyzer.engine.progress:72] Phase 1 (symbols): 100% (51/51 files, 1.3s elapsed | symbols=349)
2026-09-07 11:37:08 INFO     [static_analyzer.engine.call_graph_builder:199] Discovered 349 symbols across 51 files
2026-09-07 11:37:08 INFO     [static_analyzer.engine.call_graph_builder:61] Phase 1 total (discover symbols): 28.4s
2026-09-07 11:37:08 INFO     [static_analyzer.engine.call_graph_builder:65] Build indices: 0.0s
2026-09-07 11:37:08 INFO     [static_analyzer.engine.lsp_recycler:84] LSP recycler armed at a 12.0GB budget
2026-09-07 11:37:08 INFO     [static_analyzer.engine.edge_builder:673] Skipped 8 ambiguous base type name(s) for virtual dispatch
2026-09-07 11:37:08 INFO     [static_analyzer.engine.progress:72] Phase 2 (definitions): 5% (3/51 files, 0.1s elapsed | edges=4, resolved=6)
2026-09-07 11:37:08 INFO     [static_analyzer.engine.progress:72] Phase 2 (definitions): 100% (51/51 files, 0.8s elapsed | edges=45, resolved=78)
2026-09-07 11:37:08 INFO     [static_analyzer.engine.edge_builder:576] Phase 2b (implementations): 13 unique targets from 26 pending queries
2026-09-07 11:37:08 INFO     [static_analyzer.engine.progress:72] Phase 2b (impl): 100% (13/13 targets, 0.0s elapsed | edges=45, resolved=0)
2026-09-07 11:37:08 INFO     [static_analyzer.engine.progress:72] Phase 2b (impl): 100% (13/13 targets, 0.0s elapsed | edges=45, resolved=0)
2026-09-07 11:37:08 INFO     [static_analyzer.engine.edge_builder:334] Phase 2 summary: 333 call sites, 78 def resolved, 0 impl resolved, 0 iterated, 45 raw edges
2026-09-07 11:37:08 INFO     [static_analyzer.engine.call_graph_builder:73] Phase 2 total (build edges): 0.9s, 45 edges
2026-09-07 11:37:08 INFO     [static_analyzer.engine.hierarchy_builder:57] Hierarchy: 57 class symbols to process
2026-09-07 11:37:10 INFO     [static_analyzer.engine.hierarchy_builder:105] Hierarchy complete: 57 classes, 0 inheritance links in 1.9s
2026-09-07 11:37:10 INFO     [static_analyzer.engine.call_graph_builder:82] Phase 3 (hierarchy): 1.9s
2026-09-07 11:37:10 INFO     [static_analyzer.engine.call_graph_builder:87] Phase 4 (package deps): 0.0s
2026-09-07 11:37:10 INFO     [static_analyzer.engine.call_graph_builder:110] Pipeline complete: 51 files, 349 symbols, 45 edges, 57 hierarchy entries in 31.2s
2026-09-07 11:37:10 INFO     [static_analyzer:994] CallGraphBuilder.build() for CSharp: 31.2s
2026-09-07 11:37:10 INFO     [static_analyzer.engine.result_converter:106] Converted 138 nodes, 45 edges (0 skipped) for CSharp
2026-09-07 11:37:10 INFO     [static_analyzer.engine.result_converter:116] Reference edges for CSharp: 81 ({<EdgeKind.CONTAINS: 'contains'>: 81})
2026-09-07 11:37:10 INFO     [static_analyzer:1004] convert_to_codeboarding_format for CSharp: 0.0s
2026-09-07 11:37:10 INFO     [static_analyzer:727] Engine analysis for CSharp completed in 31.2s
2026-09-07 11:37:12 INFO     [static_analyzer:935] Diagnostics for CSharp: 51 files, 74 items (cache=0, live=51)
2026-09-07 11:37:12 INFO     [static_analyzer:724] Starting engine analysis for CSharp in /Users/svilen/Documents/Projects/ReposForTesting/abp/modules/blob-storing-database
2026-09-07 11:37:12 INFO     [static_analyzer:984] Analyzing 39 CSharp files
2026-09-07 11:37:12 INFO     [static_analyzer.engine.call_graph_builder:220] Waiting for LSP server indexing (timeout=600s)...
2026-09-07 11:37:29 INFO     [static_analyzer.engine.lsp_client:858] LSP server: solution loaded (csharp-ls: Finished loading solution "/Users/svilen/Documents/Projects/ReposForTesting/abp/modules/blob-storing-database/Volo.Abp.BlobStoring.Database.slnx")
2026-09-07 11:37:30 INFO     [static_analyzer.engine.call_graph_builder:224] Sync probe: 18.0s (1 symbols)
2026-09-07 11:37:30 INFO     [static_analyzer.engine.progress:72] Phase 0 (open): 100% (39/39 files, 0.0s elapsed)
2026-09-07 11:37:31 INFO     [static_analyzer.engine.progress:72] Phase 0 (open): 100% (39/39 files, 0.1s elapsed)
2026-09-07 11:37:31 INFO     [static_analyzer.engine.call_graph_builder:215] did_open 39 files: 0.1s
2026-09-07 11:37:31 INFO     [static_analyzer.engine.progress:72] Phase 1 (symbols): 10% (4/39 files, 0.2s elapsed | symbols=19)
2026-09-07 11:37:31 INFO     [static_analyzer.engine.progress:72] Phase 1 (symbols): 100% (39/39 files, 0.5s elapsed | symbols=173)
2026-09-07 11:37:31 INFO     [static_analyzer.engine.call_graph_builder:199] Discovered 173 symbols across 39 files
2026-09-07 11:37:31 INFO     [static_analyzer.engine.call_graph_builder:61] Phase 1 total (discover symbols): 18.6s
2026-09-07 11:37:31 INFO     [static_analyzer.engine.call_graph_builder:65] Build indices: 0.0s
2026-09-07 11:37:31 INFO     [static_analyzer.engine.lsp_recycler:84] LSP recycler armed at a 12.0GB budget
2026-09-07 11:37:31 INFO     [static_analyzer.engine.edge_builder:673] Skipped 1 ambiguous base type name(s) for virtual dispatch
2026-09-07 11:37:31 INFO     [static_analyzer.engine.progress:72] Phase 2 (definitions): 10% (4/39 files, 0.1s elapsed | edges=6, resolved=9)
2026-09-07 11:37:32 INFO     [static_analyzer.engine.progress:72] Phase 2 (definitions): 100% (39/39 files, 0.8s elapsed | edges=62, resolved=102)
2026-09-07 11:37:32 INFO     [static_analyzer.engine.edge_builder:576] Phase 2b (implementations): 19 unique targets from 25 pending queries
2026-09-07 11:37:32 INFO     [static_analyzer.engine.progress:72] Phase 2b (impl): 100% (19/19 targets, 0.4s elapsed | edges=62, resolved=8)
2026-09-07 11:37:32 INFO     [static_analyzer.engine.progress:72] Phase 2b (impl): 100% (19/19 targets, 0.4s elapsed | edges=62, resolved=8)
2026-09-07 11:37:32 INFO     [static_analyzer.engine.edge_builder:334] Phase 2 summary: 473 call sites, 102 def resolved, 8 impl resolved, 0 iterated, 62 raw edges
2026-09-07 11:37:32 INFO     [static_analyzer.engine.call_graph_builder:73] Phase 2 total (build edges): 1.3s, 62 edges
2026-09-07 11:37:32 INFO     [static_analyzer.engine.hierarchy_builder:57] Hierarchy: 39 class symbols to process
2026-09-07 11:37:33 INFO     [static_analyzer.engine.hierarchy_builder:105] Hierarchy complete: 39 classes, 8 inheritance links in 0.6s
2026-09-07 11:37:33 INFO     [static_analyzer.engine.call_graph_builder:82] Phase 3 (hierarchy): 0.6s
2026-09-07 11:37:33 INFO     [static_analyzer.engine.call_graph_builder:87] Phase 4 (package deps): 0.0s
2026-09-07 11:37:33 INFO     [static_analyzer.engine.call_graph_builder:110] Pipeline complete: 39 files, 173 symbols, 62 edges, 39 hierarchy entries in 20.5s
2026-09-07 11:37:33 INFO     [static_analyzer:994] CallGraphBuilder.build() for CSharp: 20.5s
2026-09-07 11:37:33 INFO     [static_analyzer.engine.result_converter:106] Converted 98 nodes, 62 edges (0 skipped) for CSharp
2026-09-07 11:37:33 INFO     [static_analyzer.engine.result_converter:116] Reference edges for CSharp: 67 ({<EdgeKind.CONTAINS: 'contains'>: 59, <EdgeKind.INHERITS: 'inherits'>: 8})
2026-09-07 11:37:33 INFO     [static_analyzer:1004] convert_to_codeboarding_format for CSharp: 0.0s
2026-09-07 11:37:33 INFO     [static_analyzer:727] Engine analysis for CSharp completed in 20.5s
2026-09-07 11:37:35 INFO     [static_analyzer:935] Diagnostics for CSharp: 39 files, 2 items (cache=0, live=39)
2026-09-07 11:37:35 INFO     [static_analyzer:724] Starting engine analysis for CSharp in /Users/svilen/Documents/Projects/ReposForTesting/abp/modules/blob-storing-database/host/BlobStoring.Database.Host.ConsoleApp
2026-09-07 11:37:35 INFO     [static_analyzer:984] Analyzing 13 CSharp files
2026-09-07 11:37:35 INFO     [static_analyzer.engine.call_graph_builder:220] Waiting for LSP server indexing (timeout=600s)...
2026-09-07 11:37:48 INFO     [static_analyzer.engine.lsp_client:858] LSP server: solution loaded (csharp-ls: Finished loading solution "/Users/svilen/Documents/Projects/ReposForTesting/abp/modules/blob-storing-database/host/BlobStoring.Database.Host.ConsoleApp/BlobStoring.Database.Host.ConsoleApp.slnx")
2026-09-07 11:37:50 INFO     [static_analyzer.engine.call_graph_builder:224] Sync probe: 14.8s (1 symbols)
2026-09-07 11:37:50 INFO     [static_analyzer.engine.progress:72] Phase 0 (open): 100% (13/13 files, 0.0s elapsed)
2026-09-07 11:37:50 INFO     [static_analyzer.engine.progress:72] Phase 0 (open): 100% (13/13 files, 0.1s elapsed)
2026-09-07 11:37:50 INFO     [static_analyzer.engine.call_graph_builder:215] did_open 13 files: 0.1s
2026-09-07 11:37:50 INFO     [static_analyzer.engine.progress:72] Phase 1 (symbols): 15% (2/13 files, 0.1s elapsed | symbols=10)
2026-09-07 11:37:50 INFO     [static_analyzer.engine.progress:72] Phase 1 (symbols): 100% (13/13 files, 0.2s elapsed | symbols=54)
2026-09-07 11:37:50 INFO     [static_analyzer.engine.call_graph_builder:199] Discovered 54 symbols across 13 files
2026-09-07 11:37:50 INFO     [static_analyzer.engine.call_graph_builder:61] Phase 1 total (discover symbols): 15.1s
2026-09-07 11:37:50 INFO     [static_analyzer.engine.call_graph_builder:65] Build indices: 0.0s
2026-09-07 11:37:50 INFO     [static_analyzer.engine.lsp_recycler:84] LSP recycler armed at a 12.0GB budget
2026-09-07 11:37:50 INFO     [static_analyzer.engine.edge_builder:673] Skipped 1 ambiguous base type name(s) for virtual dispatch
2026-09-07 11:37:50 INFO     [static_analyzer.engine.progress:72] Phase 2 (definitions): 15% (2/13 files, 0.1s elapsed | edges=2, resolved=4)
2026-09-07 11:37:51 INFO     [static_analyzer.engine.progress:72] Phase 2 (definitions): 100% (13/13 files, 0.4s elapsed | edges=8, resolved=14)
2026-09-07 11:37:51 INFO     [static_analyzer.engine.edge_builder:576] Phase 2b (implementations): 5 unique targets from 5 pending queries
2026-09-07 11:37:51 INFO     [static_analyzer.engine.progress:72] Phase 2b (impl): 100% (5/5 targets, 0.0s elapsed | edges=8, resolved=0)
2026-09-07 11:37:51 INFO     [static_analyzer.engine.progress:72] Phase 2b (impl): 100% (5/5 targets, 0.0s elapsed | edges=8, resolved=0)
2026-09-07 11:37:51 INFO     [static_analyzer.engine.edge_builder:334] Phase 2 summary: 225 call sites, 14 def resolved, 0 impl resolved, 0 iterated, 8 raw edges
2026-09-07 11:37:51 INFO     [static_analyzer.engine.call_graph_builder:73] Phase 2 total (build edges): 0.4s, 8 edges
2026-09-07 11:37:51 INFO     [static_analyzer.engine.hierarchy_builder:57] Hierarchy: 13 class symbols to process
2026-09-07 11:37:51 INFO     [static_analyzer.engine.hierarchy_builder:105] Hierarchy complete: 13 classes, 2 inheritance links in 0.4s
2026-09-07 11:37:51 INFO     [static_analyzer.engine.call_graph_builder:82] Phase 3 (hierarchy): 0.4s
2026-09-07 11:37:51 INFO     [static_analyzer.engine.call_graph_builder:87] Phase 4 (package deps): 0.0s
2026-09-07 11:37:51 INFO     [static_analyzer.engine.call_graph_builder:110] Pipeline complete: 13 files, 54 symbols, 8 edges, 13 hierarchy entries in 15.9s
2026-09-07 11:37:51 INFO     [static_analyzer:994] CallGraphBuilder.build() for CSharp: 15.9s
2026-09-07 11:37:51 INFO     [static_analyzer.engine.result_converter:106] Converted 33 nodes, 8 edges (0 skipped) for CSharp
2026-09-07 11:37:51 INFO     [static_analyzer.engine.result_converter:116] Reference edges for CSharp: 22 ({<EdgeKind.CONTAINS: 'contains'>: 20, <EdgeKind.INHERITS: 'inherits'>: 2})
2026-09-07 11:37:51 INFO     [static_analyzer:1004] convert_to_codeboarding_format for CSharp: 0.0s
2026-09-07 11:37:51 INFO     [static_analyzer:727] Engine analysis for CSharp completed in 15.9s
2026-09-07 11:37:53 INFO     [static_analyzer:935] Diagnostics for CSharp: 13 files, 2 items (cache=0, live=13)
2026-09-07 11:37:53 INFO     [static_analyzer:724] Starting engine analysis for CSharp in /Users/svilen/Documents/Projects/ReposForTesting/abp/modules/blogging
2026-09-07 11:37:53 INFO     [static_analyzer:984] Analyzing 219 CSharp files
2026-09-07 11:37:53 INFO     [static_analyzer.engine.call_graph_builder:220] Waiting for LSP server indexing (timeout=600s)...
2026-09-07 11:38:23 INFO     [static_analyzer.engine.lsp_client:858] LSP server: solution loaded (csharp-ls: Finished loading solution "/Users/svilen/Documents/Projects/ReposForTesting/abp/modules/blogging/Volo.Blogging.slnx")
2026-09-07 11:38:27 INFO     [static_analyzer.engine.call_graph_builder:224] Sync probe: 34.1s (1 symbols)
2026-09-07 11:38:27 INFO     [static_analyzer.engine.progress:72] Phase 0 (open): 22% (50/219 files, 0.0s elapsed)
2026-09-07 11:38:28 INFO     [static_analyzer.engine.progress:72] Phase 0 (open): 100% (219/219 files, 0.6s elapsed)
2026-09-07 11:38:28 INFO     [static_analyzer.engine.call_graph_builder:215] did_open 219 files: 0.6s
2026-09-07 11:38:31 INFO     [static_analyzer.engine.progress:72] Phase 1 (symbols): 1% (3/219 files, 2.8s elapsed | symbols=17)
2026-09-07 11:38:33 INFO     [static_analyzer.engine.progress:72] Phase 1 (symbols): 100% (219/219 files, 5.1s elapsed | symbols=1635)
2026-09-07 11:38:33 INFO     [static_analyzer.engine.call_graph_builder:199] Discovered 1635 symbols across 219 files
2026-09-07 11:38:33 INFO     [static_analyzer.engine.call_graph_builder:61] Phase 1 total (discover symbols): 39.8s
2026-09-07 11:38:33 INFO     [static_analyzer.engine.call_graph_builder:65] Build indices: 0.0s
2026-09-07 11:38:33 INFO     [static_analyzer.engine.lsp_recycler:84] LSP recycler armed at a 12.0GB budget
2026-09-07 11:38:34 INFO     [static_analyzer.engine.edge_builder:673] Skipped 36 ambiguous base type name(s) for virtual dispatch
2026-09-07 11:38:34 INFO     [static_analyzer.engine.progress:72] Phase 2 (definitions): 1% (3/219 files, 0.3s elapsed | edges=0, resolved=4)
2026-09-07 11:38:39 INFO     [static_analyzer.engine.progress:72] Phase 2 (definitions): 15% (34/219 files, 5.3s elapsed | edges=5, resolved=9)
2026-09-07 11:38:44 INFO     [static_analyzer.engine.progress:72] Phase 2 (definitions): 22% (50/219 files, 10.4s elapsed | edges=5, resolved=10)
2026-09-07 11:38:49 INFO     [static_analyzer.engine.progress:72] Phase 2 (definitions): 98% (215/219 files, 15.4s elapsed | edges=384, resolved=878)
2026-09-07 11:38:49 INFO     [static_analyzer.engine.progress:72] Phase 2 (definitions): 100% (219/219 files, 15.5s elapsed | edges=414, resolved=922)
2026-09-07 11:38:49 INFO     [static_analyzer.engine.edge_builder:576] Phase 2b (implementations): 103 unique targets from 175 pending queries
2026-09-07 11:38:50 INFO     [static_analyzer.engine.progress:72] Phase 2b (impl): 48% (50/103 targets, 0.4s elapsed | edges=416, resolved=42)
2026-09-07 11:38:50 INFO     [static_analyzer.engine.progress:72] Phase 2b (impl): 100% (103/103 targets, 0.5s elapsed | edges=418, resolved=108)
2026-09-07 11:38:50 INFO     [static_analyzer.engine.edge_builder:334] Phase 2 summary: 18696 call sites, 922 def resolved, 108 impl resolved, 0 iterated, 418 raw edges
2026-09-07 11:38:50 INFO     [static_analyzer.engine.call_graph_builder:73] Phase 2 total (build edges): 17.0s, 418 edges
2026-09-07 11:38:50 INFO     [static_analyzer.engine.hierarchy_builder:57] Hierarchy: 243 class symbols to process
2026-09-07 11:38:52 INFO     [static_analyzer.engine.hierarchy_builder:105] Hierarchy complete: 243 classes, 54 inheritance links in 2.2s
2026-09-07 11:38:52 INFO     [static_analyzer.engine.call_graph_builder:82] Phase 3 (hierarchy): 2.2s
2026-09-07 11:38:52 INFO     [static_analyzer.engine.call_graph_builder:87] Phase 4 (package deps): 0.0s
2026-09-07 11:38:52 INFO     [static_analyzer.engine.call_graph_builder:110] Pipeline complete: 219 files, 1635 symbols, 418 edges, 243 hierarchy entries in 59.1s
2026-09-07 11:38:52 INFO     [static_analyzer:994] CallGraphBuilder.build() for CSharp: 59.1s
2026-09-07 11:38:52 INFO     [static_analyzer.engine.result_converter:106] Converted 697 nodes, 418 edges (0 skipped) for CSharp
2026-09-07 11:38:52 INFO     [static_analyzer.engine.result_converter:116] Reference edges for CSharp: 508 ({<EdgeKind.CONTAINS: 'contains'>: 454, <EdgeKind.INHERITS: 'inherits'>: 54})
2026-09-07 11:38:52 INFO     [static_analyzer:1004] convert_to_codeboarding_format for CSharp: 0.0s
2026-09-07 11:38:52 INFO     [static_analyzer:727] Engine analysis for CSharp completed in 59.1s
2026-09-07 11:38:54 INFO     [static_analyzer:935] Diagnostics for CSharp: 219 files, 125 items (cache=0, live=219)
2026-09-07 11:38:54 INFO     [static_analyzer:724] Starting engine analysis for CSharp in /Users/svilen/Documents/Projects/ReposForTesting/abp/modules/client-simulation
2026-09-07 11:38:54 INFO     [static_analyzer:984] Analyzing 27 CSharp files
2026-09-07 11:38:54 INFO     [static_analyzer.engine.call_graph_builder:220] Waiting for LSP server indexing (timeout=600s)...
2026-09-07 11:39:13 INFO     [static_analyzer.engine.lsp_client:858] LSP server: solution loaded (csharp-ls: Finished loading solution "/Users/svilen/Documents/Projects/ReposForTesting/abp/modules/client-simulation/Volo.ClientSimulation.slnx")
2026-09-07 11:39:15 INFO     [static_analyzer.engine.call_graph_builder:224] Sync probe: 20.8s (1 symbols)
2026-09-07 11:39:15 INFO     [static_analyzer.engine.progress:72] Phase 0 (open): 100% (27/27 files, 0.0s elapsed)
2026-09-07 11:39:15 INFO     [static_analyzer.engine.progress:72] Phase 0 (open): 100% (27/27 files, 0.1s elapsed)
2026-09-07 11:39:15 INFO     [static_analyzer.engine.call_graph_builder:215] did_open 27 files: 0.1s
2026-09-07 11:39:15 INFO     [static_analyzer.engine.progress:72] Phase 1 (symbols): 11% (3/27 files, 0.2s elapsed | symbols=12)
2026-09-07 11:39:16 INFO     [static_analyzer.engine.progress:72] Phase 1 (symbols): 100% (27/27 files, 0.5s elapsed | symbols=191)
2026-09-07 11:39:16 INFO     [static_analyzer.engine.call_graph_builder:199] Discovered 191 symbols across 27 files
2026-09-07 11:39:16 INFO     [static_analyzer.engine.call_graph_builder:61] Phase 1 total (discover symbols): 21.4s
2026-09-07 11:39:16 INFO     [static_analyzer.engine.call_graph_builder:65] Build indices: 0.0s
2026-09-07 11:39:16 INFO     [static_analyzer.engine.lsp_recycler:84] LSP recycler armed at a 12.0GB budget
2026-09-07 11:39:16 INFO     [static_analyzer.engine.progress:72] Phase 2 (definitions): 11% (3/27 files, 0.1s elapsed | edges=3, resolved=3)
2026-09-07 11:39:16 INFO     [static_analyzer.engine.progress:72] Phase 2 (definitions): 100% (27/27 files, 0.6s elapsed | edges=66, resolved=110)
2026-09-07 11:39:16 INFO     [static_analyzer.engine.edge_builder:576] Phase 2b (implementations): 31 unique targets from 38 pending queries
2026-09-07 11:39:17 INFO     [static_analyzer.engine.progress:72] Phase 2b (impl): 100% (31/31 targets, 0.3s elapsed | edges=66, resolved=4)
2026-09-07 11:39:17 INFO     [static_analyzer.engine.progress:72] Phase 2b (impl): 100% (31/31 targets, 0.3s elapsed | edges=66, resolved=4)
2026-09-07 11:39:17 INFO     [static_analyzer.engine.edge_builder:334] Phase 2 summary: 224 call sites, 110 def resolved, 4 impl resolved, 0 iterated, 66 raw edges
2026-09-07 11:39:17 INFO     [static_analyzer.engine.call_graph_builder:73] Phase 2 total (build edges): 0.9s, 66 edges
2026-09-07 11:39:17 INFO     [static_analyzer.engine.hierarchy_builder:57] Hierarchy: 27 class symbols to process
2026-09-07 11:39:17 INFO     [static_analyzer.engine.hierarchy_builder:105] Hierarchy complete: 27 classes, 3 inheritance links in 0.6s
2026-09-07 11:39:17 INFO     [static_analyzer.engine.call_graph_builder:82] Phase 3 (hierarchy): 0.6s
2026-09-07 11:39:17 INFO     [static_analyzer.engine.call_graph_builder:87] Phase 4 (package deps): 0.0s
2026-09-07 11:39:17 INFO     [static_analyzer.engine.call_graph_builder:110] Pipeline complete: 27 files, 191 symbols, 66 edges, 27 hierarchy entries in 22.8s
2026-09-07 11:39:17 INFO     [static_analyzer:994] CallGraphBuilder.build() for CSharp: 22.8s
2026-09-07 11:39:17 INFO     [static_analyzer.engine.result_converter:106] Converted 80 nodes, 66 edges (0 skipped) for CSharp
2026-09-07 11:39:17 INFO     [static_analyzer.engine.result_converter:116] Reference edges for CSharp: 56 ({<EdgeKind.CONTAINS: 'contains'>: 53, <EdgeKind.INHERITS: 'inherits'>: 3})
2026-09-07 11:39:17 INFO     [static_analyzer:1004] convert_to_codeboarding_format for CSharp: 0.0s
2026-09-07 11:39:17 INFO     [static_analyzer:727] Engine analysis for CSharp completed in 22.8s
2026-09-07 11:39:19 INFO     [static_analyzer:935] Diagnostics for CSharp: 27 files, 4 items (cache=0, live=27)
2026-09-07 11:39:19 INFO     [static_analyzer:724] Starting engine analysis for CSharp in /Users/svilen/Documents/Projects/ReposForTesting/abp/modules/cms-kit
2026-09-07 11:39:19 INFO     [static_analyzer:984] Analyzing 545 CSharp files
2026-09-07 11:39:19 INFO     [static_analyzer.engine.call_graph_builder:220] Waiting for LSP server indexing (timeout=1150s)...
2026-09-07 11:39:51 INFO     [static_analyzer.engine.lsp_client:858] LSP server: solution loaded (csharp-ls: Finished loading solution "/Users/svilen/Documents/Projects/ReposForTesting/abp/modules/cms-kit/Volo.CmsKit.slnx")
2026-09-07 11:39:52 INFO     [static_analyzer.engine.call_graph_builder:224] Sync probe: 32.9s (1 symbols)
2026-09-07 11:39:52 INFO     [static_analyzer.engine.progress:72] Phase 0 (open): 9% (50/545 files, 0.0s elapsed)
2026-09-07 11:39:53 INFO     [static_analyzer.engine.progress:72] Phase 0 (open): 100% (545/545 files, 1.2s elapsed)
2026-09-07 11:39:53 INFO     [static_analyzer.engine.call_graph_builder:215] did_open 545 files: 1.2s
2026-09-07 11:40:02 INFO     [static_analyzer.engine.progress:72] Phase 1 (symbols): 1% (6/545 files, 9.0s elapsed | symbols=28)
2026-09-07 11:40:07 INFO     [static_analyzer.engine.progress:72] Phase 1 (symbols): 40% (219/545 files, 14.0s elapsed | symbols=1966)
2026-09-07 11:40:10 INFO     [static_analyzer.engine.progress:72] Phase 1 (symbols): 100% (545/545 files, 16.3s elapsed | symbols=4293)
2026-09-07 11:40:10 INFO     [static_analyzer.engine.call_graph_builder:199] Discovered 4293 symbols across 545 files
2026-09-07 11:40:10 INFO     [static_analyzer.engine.call_graph_builder:61] Phase 1 total (discover symbols): 50.4s
2026-09-07 11:40:10 INFO     [static_analyzer.engine.call_graph_builder:65] Build indices: 0.0s
2026-09-07 11:40:10 INFO     [static_analyzer.engine.lsp_recycler:84] LSP recycler armed at a 12.0GB budget
2026-09-07 11:40:10 INFO     [static_analyzer.engine.edge_builder:673] Skipped 47 ambiguous base type name(s) for virtual dispatch
2026-09-07 11:40:10 INFO     [static_analyzer.engine.progress:72] Phase 2 (definitions): 1% (6/545 files, 0.3s elapsed | edges=11, resolved=10)
2026-09-07 11:40:15 INFO     [static_analyzer.engine.progress:72] Phase 2 (definitions): 3% (18/545 files, 5.3s elapsed | edges=25, resolved=47)
2026-09-07 11:40:20 INFO     [static_analyzer.engine.progress:72] Phase 2 (definitions): 42% (232/545 files, 10.3s elapsed | edges=617, resolved=1238)
2026-09-07 11:40:26 INFO     [static_analyzer.engine.progress:72] Phase 2 (definitions): 99% (544/545 files, 15.4s elapsed | edges=1443, resolved=3306)
2026-09-07 11:40:26 INFO     [static_analyzer.engine.progress:72] Phase 2 (definitions): 100% (545/545 files, 15.4s elapsed | edges=1443, resolved=3306)
2026-09-07 11:40:26 INFO     [static_analyzer.engine.edge_builder:576] Phase 2b (implementations): 352 unique targets from 649 pending queries
2026-09-07 11:40:26 INFO     [static_analyzer.engine.progress:72] Phase 2b (impl): 14% (50/352 targets, 0.7s elapsed | edges=1444, resolved=12)
2026-09-07 11:40:27 INFO     [static_analyzer.engine.progress:72] Phase 2b (impl): 100% (352/352 targets, 1.1s elapsed | edges=1529, resolved=304)
2026-09-07 11:40:27 INFO     [static_analyzer.engine.edge_builder:334] Phase 2 summary: 15055 call sites, 3306 def resolved, 304 impl resolved, 0 iterated, 1529 raw edges
2026-09-07 11:40:27 INFO     [static_analyzer.engine.call_graph_builder:73] Phase 2 total (build edges): 17.2s, 1529 edges
2026-09-07 11:40:27 INFO     [static_analyzer.engine.hierarchy_builder:57] Hierarchy: 645 class symbols to process
2026-09-07 11:40:34 INFO     [static_analyzer.engine.hierarchy_builder:105] Hierarchy complete: 645 classes, 220 inheritance links in 7.6s
2026-09-07 11:40:34 INFO     [static_analyzer.engine.call_graph_builder:82] Phase 3 (hierarchy): 7.6s
2026-09-07 11:40:35 INFO     [static_analyzer.engine.call_graph_builder:87] Phase 4 (package deps): 0.1s
2026-09-07 11:40:35 INFO     [static_analyzer.engine.call_graph_builder:110] Pipeline complete: 545 files, 4293 symbols, 1529 edges, 645 hierarchy entries in 75.4s
2026-09-07 11:40:35 INFO     [static_analyzer:994] CallGraphBuilder.build() for CSharp: 75.4s
2026-09-07 11:40:35 INFO     [static_analyzer.engine.result_converter:106] Converted 1865 nodes, 1529 edges (0 skipped) for CSharp
2026-09-07 11:40:35 INFO     [static_analyzer.engine.result_converter:116] Reference edges for CSharp: 1440 ({<EdgeKind.CONTAINS: 'contains'>: 1220, <EdgeKind.INHERITS: 'inherits'>: 220})
2026-09-07 11:40:35 INFO     [static_analyzer:1004] convert_to_codeboarding_format for CSharp: 0.1s
2026-09-07 11:40:35 INFO     [static_analyzer:727] Engine analysis for CSharp completed in 75.6s
2026-09-07 11:40:37 INFO     [static_analyzer:935] Diagnostics for CSharp: 545 files, 312 items (cache=0, live=545)
2026-09-07 11:40:37 INFO     [static_analyzer:724] Starting engine analysis for CSharp in /Users/svilen/Documents/Projects/ReposForTesting/abp/modules/docs
2026-09-07 11:40:37 INFO     [static_analyzer:984] Analyzing 263 CSharp files
2026-09-07 11:40:37 INFO     [static_analyzer.engine.call_graph_builder:220] Waiting for LSP server indexing (timeout=600s)...
2026-09-07 11:41:03 INFO     [static_analyzer.engine.lsp_client:858] LSP server: solution loaded (csharp-ls: Finished loading solution "/Users/svilen/Documents/Projects/ReposForTesting/abp/modules/docs/Volo.Docs.slnx")
2026-09-07 11:41:05 INFO     [static_analyzer.engine.call_graph_builder:224] Sync probe: 28.6s (1 symbols)
2026-09-07 11:41:05 INFO     [static_analyzer.engine.progress:72] Phase 0 (open): 19% (50/263 files, 0.0s elapsed)
2026-09-07 11:41:06 INFO     [static_analyzer.engine.progress:72] Phase 0 (open): 100% (263/263 files, 0.7s elapsed)
2026-09-07 11:41:06 INFO     [static_analyzer.engine.call_graph_builder:215] did_open 263 files: 0.7s
2026-09-07 11:41:09 INFO     [static_analyzer.engine.progress:72] Phase 1 (symbols): 1% (3/263 files, 3.0s elapsed | symbols=15)
2026-09-07 11:41:13 INFO     [static_analyzer.engine.progress:72] Phase 1 (symbols): 100% (263/263 files, 7.4s elapsed | symbols=2418)
2026-09-07 11:41:13 INFO     [static_analyzer.engine.call_graph_builder:199] Discovered 2418 symbols across 263 files
2026-09-07 11:41:13 INFO     [static_analyzer.engine.call_graph_builder:61] Phase 1 total (discover symbols): 36.6s
2026-09-07 11:41:13 INFO     [static_analyzer.engine.call_graph_builder:65] Build indices: 0.0s
2026-09-07 11:41:13 INFO     [static_analyzer.engine.lsp_recycler:84] LSP recycler armed at a 12.0GB budget
2026-09-07 11:41:14 INFO     [static_analyzer.engine.edge_builder:673] Skipped 17 ambiguous base type name(s) for virtual dispatch
2026-09-07 11:41:16 INFO     [static_analyzer.engine.progress:72] Phase 2 (definitions): 1% (3/263 files, 2.4s elapsed | edges=0, resolved=2)
2026-09-07 11:41:21 INFO     [static_analyzer.engine.progress:72] Phase 2 (definitions): 38% (101/263 files, 7.4s elapsed | edges=391, resolved=709)
2026-09-07 11:41:24 INFO     [static_analyzer.engine.progress:72] Phase 2 (definitions): 100% (263/263 files, 10.6s elapsed | edges=1148, resolved=2346)
2026-09-07 11:41:24 INFO     [static_analyzer.engine.edge_builder:576] Phase 2b (implementations): 332 unique targets from 575 pending queries
2026-09-07 11:41:25 INFO     [static_analyzer.engine.progress:72] Phase 2b (impl): 15% (50/332 targets, 0.4s elapsed | edges=1148, resolved=46)
2026-09-07 11:41:25 INFO     [static_analyzer.engine.progress:72] Phase 2b (impl): 100% (332/332 targets, 0.7s elapsed | edges=1154, resolved=179)
2026-09-07 11:41:25 INFO     [static_analyzer.engine.edge_builder:334] Phase 2 summary: 12104 call sites, 2346 def resolved, 179 impl resolved, 1 iterated, 1154 raw edges
2026-09-07 11:41:25 INFO     [static_analyzer.engine.call_graph_builder:73] Phase 2 total (build edges): 11.9s, 1154 edges
2026-09-07 11:41:25 INFO     [static_analyzer.engine.hierarchy_builder:57] Hierarchy: 293 class symbols to process
2026-09-07 11:41:28 INFO     [static_analyzer.engine.hierarchy_builder:105] Hierarchy complete: 293 classes, 69 inheritance links in 2.7s
2026-09-07 11:41:28 INFO     [static_analyzer.engine.call_graph_builder:82] Phase 3 (hierarchy): 2.7s
2026-09-07 11:41:28 INFO     [static_analyzer.engine.call_graph_builder:87] Phase 4 (package deps): 0.1s
2026-09-07 11:41:28 INFO     [static_analyzer.engine.call_graph_builder:110] Pipeline complete: 263 files, 2418 symbols, 1154 edges, 293 hierarchy entries in 51.3s
2026-09-07 11:41:28 INFO     [static_analyzer:994] CallGraphBuilder.build() for CSharp: 51.3s
2026-09-07 11:41:28 INFO     [static_analyzer.engine.result_converter:106] Converted 1031 nodes, 1154 edges (0 skipped) for CSharp
2026-09-07 11:41:28 INFO     [static_analyzer.engine.result_converter:116] Reference edges for CSharp: 807 ({<EdgeKind.CONTAINS: 'contains'>: 738, <EdgeKind.INHERITS: 'inherits'>: 69})
2026-09-07 11:41:28 INFO     [static_analyzer:1004] convert_to_codeboarding_format for CSharp: 0.0s
2026-09-07 11:41:28 INFO     [static_analyzer:727] Engine analysis for CSharp completed in 51.3s
2026-09-07 11:41:30 INFO     [static_analyzer:935] Diagnostics for CSharp: 263 files, 109 items (cache=0, live=263)
2026-09-07 11:41:30 INFO     [static_analyzer:724] Starting engine analysis for CSharp in /Users/svilen/Documents/Projects/ReposForTesting/abp/modules/feature-management
2026-09-07 11:41:30 INFO     [static_analyzer:984] Analyzing 106 CSharp files
2026-09-07 11:41:30 INFO     [static_analyzer.engine.call_graph_builder:220] Waiting for LSP server indexing (timeout=600s)...
2026-09-07 11:41:56 INFO     [static_analyzer.engine.lsp_client:858] LSP server: solution loaded (csharp-ls: Finished loading solution "/Users/svilen/Documents/Projects/ReposForTesting/abp/modules/feature-management/Volo.Abp.FeatureManagement.slnx")
2026-09-07 11:41:57 INFO     [static_analyzer.engine.call_graph_builder:224] Sync probe: 27.2s (1 symbols)
2026-09-07 11:41:57 INFO     [static_analyzer.engine.progress:72] Phase 0 (open): 47% (50/106 files, 0.0s elapsed)
2026-09-07 11:41:58 INFO     [static_analyzer.engine.progress:72] Phase 0 (open): 100% (106/106 files, 0.3s elapsed)
2026-09-07 11:41:58 INFO     [static_analyzer.engine.call_graph_builder:215] did_open 106 files: 0.3s
2026-09-07 11:41:59 INFO     [static_analyzer.engine.progress:72] Phase 1 (symbols): 5% (6/106 files, 1.0s elapsed | symbols=38)
2026-09-07 11:42:01 INFO     [static_analyzer.engine.progress:72] Phase 1 (symbols): 100% (106/106 files, 3.1s elapsed | symbols=814)
2026-09-07 11:42:01 INFO     [static_analyzer.engine.call_graph_builder:199] Discovered 814 symbols across 106 files
2026-09-07 11:42:01 INFO     [static_analyzer.engine.call_graph_builder:61] Phase 1 total (discover symbols): 30.6s
2026-09-07 11:42:01 INFO     [static_analyzer.engine.call_graph_builder:65] Build indices: 0.0s
2026-09-07 11:42:01 INFO     [static_analyzer.engine.lsp_recycler:84] LSP recycler armed at a 12.0GB budget
2026-09-07 11:42:01 INFO     [static_analyzer.engine.edge_builder:673] Skipped 6 ambiguous base type name(s) for virtual dispatch
2026-09-07 11:42:01 INFO     [static_analyzer.engine.progress:72] Phase 2 (definitions): 5% (6/106 files, 0.3s elapsed | edges=22, resolved=57)
2026-09-07 11:42:03 INFO     [static_analyzer.engine.progress:72] Phase 2 (definitions): 100% (106/106 files, 2.3s elapsed | edges=356, resolved=676)
2026-09-07 11:42:03 INFO     [static_analyzer.engine.edge_builder:576] Phase 2b (implementations): 103 unique targets from 156 pending queries
2026-09-07 11:42:04 INFO     [static_analyzer.engine.progress:72] Phase 2b (impl): 48% (50/103 targets, 0.4s elapsed | edges=356, resolved=19)
2026-09-07 11:42:04 INFO     [static_analyzer.engine.progress:72] Phase 2b (impl): 100% (103/103 targets, 0.5s elapsed | edges=358, resolved=47)
2026-09-07 11:42:04 INFO     [static_analyzer.engine.edge_builder:334] Phase 2 summary: 1843 call sites, 676 def resolved, 47 impl resolved, 0 iterated, 358 raw edges
2026-09-07 11:42:04 INFO     [static_analyzer.engine.call_graph_builder:73] Phase 2 total (build edges): 3.1s, 358 edges
2026-09-07 11:42:04 INFO     [static_analyzer.engine.hierarchy_builder:57] Hierarchy: 109 class symbols to process
2026-09-07 11:42:05 INFO     [static_analyzer.engine.hierarchy_builder:105] Hierarchy complete: 109 classes, 24 inheritance links in 1.1s
2026-09-07 11:42:05 INFO     [static_analyzer.engine.call_graph_builder:82] Phase 3 (hierarchy): 1.1s
2026-09-07 11:42:05 INFO     [static_analyzer.engine.call_graph_builder:87] Phase 4 (package deps): 0.0s
2026-09-07 11:42:05 INFO     [static_analyzer.engine.call_graph_builder:110] Pipeline complete: 106 files, 814 symbols, 358 edges, 109 hierarchy entries in 34.8s
2026-09-07 11:42:05 INFO     [static_analyzer:994] CallGraphBuilder.build() for CSharp: 34.8s
2026-09-07 11:42:05 INFO     [static_analyzer.engine.result_converter:106] Converted 381 nodes, 358 edges (0 skipped) for CSharp
2026-09-07 11:42:05 INFO     [static_analyzer.engine.result_converter:116] Reference edges for CSharp: 296 ({<EdgeKind.CONTAINS: 'contains'>: 272, <EdgeKind.INHERITS: 'inherits'>: 24})
2026-09-07 11:42:05 INFO     [static_analyzer:1004] convert_to_codeboarding_format for CSharp: 0.0s
2026-09-07 11:42:05 INFO     [static_analyzer:727] Engine analysis for CSharp completed in 34.9s
2026-09-07 11:42:07 INFO     [static_analyzer:935] Diagnostics for CSharp: 106 files, 59 items (cache=0, live=106)
2026-09-07 11:42:07 INFO     [static_analyzer:724] Starting engine analysis for CSharp in /Users/svilen/Documents/Projects/ReposForTesting/abp/modules/identity
2026-09-07 11:42:07 INFO     [static_analyzer:984] Analyzing 256 CSharp files
2026-09-07 11:42:07 INFO     [static_analyzer.engine.call_graph_builder:220] Waiting for LSP server indexing (timeout=600s)...
2026-09-07 11:42:36 INFO     [static_analyzer.engine.lsp_client:858] LSP server: solution loaded (csharp-ls: Finished loading solution "/Users/svilen/Documents/Projects/ReposForTesting/abp/modules/identity/Volo.Abp.Identity.slnx")
2026-09-07 11:42:38 INFO     [static_analyzer.engine.call_graph_builder:224] Sync probe: 30.7s (1 symbols)
2026-09-07 11:42:38 INFO     [static_analyzer.engine.progress:72] Phase 0 (open): 19% (50/256 files, 0.0s elapsed)
2026-09-07 11:42:39 INFO     [static_analyzer.engine.progress:72] Phase 0 (open): 100% (256/256 files, 0.7s elapsed)
2026-09-07 11:42:39 INFO     [static_analyzer.engine.call_graph_builder:215] did_open 256 files: 0.7s
2026-09-07 11:42:41 INFO     [static_analyzer.engine.progress:72] Phase 1 (symbols): 1% (3/256 files, 2.8s elapsed | symbols=16)
2026-09-07 11:42:46 INFO     [static_analyzer.engine.progress:72] Phase 1 (symbols): 100% (256/256 files, 7.6s elapsed | symbols=2619)
2026-09-07 11:42:46 INFO     [static_analyzer.engine.call_graph_builder:199] Discovered 2619 symbols across 256 files
2026-09-07 11:42:46 INFO     [static_analyzer.engine.call_graph_builder:61] Phase 1 total (discover symbols): 39.0s
2026-09-07 11:42:46 INFO     [static_analyzer.engine.call_graph_builder:65] Build indices: 0.0s
2026-09-07 11:42:46 INFO     [static_analyzer.engine.lsp_recycler:84] LSP recycler armed at a 12.0GB budget
2026-09-07 11:42:46 INFO     [static_analyzer.engine.edge_builder:673] Skipped 19 ambiguous base type name(s) for virtual dispatch
2026-09-07 11:42:46 INFO     [static_analyzer.engine.progress:72] Phase 2 (definitions): 1% (3/256 files, 0.1s elapsed | edges=0, resolved=0)
2026-09-07 11:42:52 INFO     [static_analyzer.engine.progress:72] Phase 2 (definitions): 74% (190/256 files, 5.2s elapsed | edges=797, resolved=2156)
2026-09-07 11:42:56 INFO     [static_analyzer.engine.progress:72] Phase 2 (definitions): 100% (256/256 files, 9.3s elapsed | edges=1091, resolved=3228)
2026-09-07 11:42:56 INFO     [static_analyzer.engine.edge_builder:576] Phase 2b (implementations): 255 unique targets from 553 pending queries
2026-09-07 11:42:56 INFO     [static_analyzer.engine.progress:72] Phase 2b (impl): 19% (50/255 targets, 0.6s elapsed | edges=1091, resolved=33)
2026-09-07 11:42:56 INFO     [static_analyzer.engine.progress:72] Phase 2b (impl): 100% (255/255 targets, 0.8s elapsed | edges=1098, resolved=168)
2026-09-07 11:42:57 INFO     [static_analyzer.engine.edge_builder:334] Phase 2 summary: 8784 call sites, 3228 def resolved, 168 impl resolved, 0 iterated, 1098 raw edges
2026-09-07 11:42:57 INFO     [static_analyzer.engine.call_graph_builder:73] Phase 2 total (build edges): 10.4s, 1098 edges
2026-09-07 11:42:57 INFO     [static_analyzer.engine.hierarchy_builder:57] Hierarchy: 284 class symbols to process
2026-09-07 11:42:59 INFO     [static_analyzer.engine.hierarchy_builder:105] Hierarchy complete: 284 classes, 65 inheritance links in 2.5s
2026-09-07 11:42:59 INFO     [static_analyzer.engine.call_graph_builder:82] Phase 3 (hierarchy): 2.5s
2026-09-07 11:42:59 INFO     [static_analyzer.engine.call_graph_builder:87] Phase 4 (package deps): 0.1s
2026-09-07 11:42:59 INFO     [static_analyzer.engine.call_graph_builder:110] Pipeline complete: 256 files, 2619 symbols, 1098 edges, 284 hierarchy entries in 52.0s
2026-09-07 11:42:59 INFO     [static_analyzer:994] CallGraphBuilder.build() for CSharp: 52.0s
2026-09-07 11:42:59 INFO     [static_analyzer.engine.result_converter:106] Converted 1298 nodes, 1098 edges (0 skipped) for CSharp
2026-09-07 11:42:59 INFO     [static_analyzer.engine.result_converter:116] Reference edges for CSharp: 1079 ({<EdgeKind.CONTAINS: 'contains'>: 1014, <EdgeKind.INHERITS: 'inherits'>: 65})
2026-09-07 11:42:59 INFO     [static_analyzer:1004] convert_to_codeboarding_format for CSharp: 0.0s
2026-09-07 11:42:59 INFO     [static_analyzer:727] Engine analysis for CSharp completed in 52.0s
2026-09-07 11:43:01 INFO     [static_analyzer:935] Diagnostics for CSharp: 256 files, 286 items (cache=0, live=256)
2026-09-07 11:43:01 INFO     [static_analyzer:724] Starting engine analysis for CSharp in /Users/svilen/Documents/Projects/ReposForTesting/abp/modules/identityserver
2026-09-07 11:43:01 INFO     [static_analyzer:984] Analyzing 128 CSharp files
2026-09-07 11:43:01 INFO     [static_analyzer.engine.call_graph_builder:220] Waiting for LSP server indexing (timeout=600s)...
2026-09-07 11:43:19 INFO     [static_analyzer.engine.lsp_client:858] LSP server: solution loaded (csharp-ls: Finished loading solution "/Users/svilen/Documents/Projects/ReposForTesting/abp/modules/identityserver/Volo.Abp.IdentityServer.slnx")
2026-09-07 11:43:22 INFO     [static_analyzer.engine.call_graph_builder:224] Sync probe: 20.5s (1 symbols)
2026-09-07 11:43:22 INFO     [static_analyzer.engine.progress:72] Phase 0 (open): 39% (50/128 files, 0.0s elapsed)
2026-09-07 11:43:22 INFO     [static_analyzer.engine.progress:72] Phase 0 (open): 100% (128/128 files, 0.3s elapsed)
2026-09-07 11:43:22 INFO     [static_analyzer.engine.call_graph_builder:215] did_open 128 files: 0.3s
2026-09-07 11:43:23 INFO     [static_analyzer.engine.progress:72] Phase 1 (symbols): 5% (7/128 files, 0.7s elapsed | symbols=43)
2026-09-07 11:43:24 INFO     [static_analyzer.engine.progress:72] Phase 1 (symbols): 100% (128/128 files, 2.0s elapsed | symbols=1177)
2026-09-07 11:43:24 INFO     [static_analyzer.engine.call_graph_builder:199] Discovered 1177 symbols across 128 files
2026-09-07 11:43:24 INFO     [static_analyzer.engine.call_graph_builder:61] Phase 1 total (discover symbols): 22.9s
2026-09-07 11:43:24 INFO     [static_analyzer.engine.call_graph_builder:65] Build indices: 0.0s
2026-09-07 11:43:24 INFO     [static_analyzer.engine.lsp_recycler:84] LSP recycler armed at a 12.0GB budget
2026-09-07 11:43:24 INFO     [static_analyzer.engine.progress:72] Phase 2 (definitions): 5% (7/128 files, 0.2s elapsed | edges=10, resolved=20)
2026-09-07 11:43:27 INFO     [static_analyzer.engine.progress:72] Phase 2 (definitions): 100% (128/128 files, 2.9s elapsed | edges=261, resolved=1158)
2026-09-07 11:43:27 INFO     [static_analyzer.engine.edge_builder:576] Phase 2b (implementations): 85 unique targets from 150 pending queries
2026-09-07 11:43:28 INFO     [static_analyzer.engine.progress:72] Phase 2b (impl): 58% (50/85 targets, 0.5s elapsed | edges=262, resolved=14)
2026-09-07 11:43:28 INFO     [static_analyzer.engine.progress:72] Phase 2b (impl): 100% (85/85 targets, 0.6s elapsed | edges=262, resolved=31)
2026-09-07 11:43:28 INFO     [static_analyzer.engine.edge_builder:334] Phase 2 summary: 3361 call sites, 1158 def resolved, 31 impl resolved, 0 iterated, 262 raw edges
2026-09-07 11:43:28 INFO     [static_analyzer.engine.call_graph_builder:73] Phase 2 total (build edges): 3.7s, 262 edges
2026-09-07 11:43:28 INFO     [static_analyzer.engine.hierarchy_builder:57] Hierarchy: 137 class symbols to process
2026-09-07 11:43:29 INFO     [static_analyzer.engine.hierarchy_builder:105] Hierarchy complete: 137 classes, 22 inheritance links in 1.0s
2026-09-07 11:43:29 INFO     [static_analyzer.engine.call_graph_builder:82] Phase 3 (hierarchy): 1.0s
2026-09-07 11:43:29 INFO     [static_analyzer.engine.call_graph_builder:87] Phase 4 (package deps): 0.0s
2026-09-07 11:43:29 INFO     [static_analyzer.engine.call_graph_builder:110] Pipeline complete: 128 files, 1177 symbols, 262 edges, 137 hierarchy entries in 27.5s
2026-09-07 11:43:29 INFO     [static_analyzer:994] CallGraphBuilder.build() for CSharp: 27.5s
2026-09-07 11:43:29 INFO     [static_analyzer.engine.result_converter:106] Converted 581 nodes, 262 edges (0 skipped) for CSharp
2026-09-07 11:43:29 INFO     [static_analyzer.engine.result_converter:116] Reference edges for CSharp: 466 ({<EdgeKind.CONTAINS: 'contains'>: 444, <EdgeKind.INHERITS: 'inherits'>: 22})
2026-09-07 11:43:29 INFO     [static_analyzer:1004] convert_to_codeboarding_format for CSharp: 0.0s
2026-09-07 11:43:29 INFO     [static_analyzer:727] Engine analysis for CSharp completed in 27.6s
2026-09-07 11:43:31 INFO     [static_analyzer:935] Diagnostics for CSharp: 128 files, 17 items (cache=0, live=128)
2026-09-07 11:43:31 INFO     [static_analyzer:724] Starting engine analysis for CSharp in /Users/svilen/Documents/Projects/ReposForTesting/abp/modules/openiddict
2026-09-07 11:43:31 INFO     [static_analyzer:984] Analyzing 154 CSharp files
2026-09-07 11:43:31 INFO     [static_analyzer.engine.call_graph_builder:220] Waiting for LSP server indexing (timeout=600s)...
2026-09-07 11:43:59 INFO     [static_analyzer.engine.lsp_client:858] LSP server: solution loaded (csharp-ls: Finished loading solution "/Users/svilen/Documents/Projects/ReposForTesting/abp/modules/openiddict/Volo.Abp.OpenIddict.slnx")
2026-09-07 11:44:02 INFO     [static_analyzer.engine.call_graph_builder:224] Sync probe: 30.7s (1 symbols)
2026-09-07 11:44:02 INFO     [static_analyzer.engine.progress:72] Phase 0 (open): 32% (50/154 files, 0.0s elapsed)
2026-09-07 11:44:02 INFO     [static_analyzer.engine.progress:72] Phase 0 (open): 100% (154/154 files, 0.5s elapsed)
2026-09-07 11:44:02 INFO     [static_analyzer.engine.call_graph_builder:215] did_open 154 files: 0.5s
2026-09-07 11:44:04 INFO     [static_analyzer.engine.progress:72] Phase 1 (symbols): 5% (8/154 files, 1.8s elapsed | symbols=34)
2026-09-07 11:44:08 INFO     [static_analyzer.engine.progress:72] Phase 1 (symbols): 100% (154/154 files, 5.6s elapsed | symbols=1207)
2026-09-07 11:44:08 INFO     [static_analyzer.engine.call_graph_builder:199] Discovered 1207 symbols across 154 files
2026-09-07 11:44:08 INFO     [static_analyzer.engine.call_graph_builder:61] Phase 1 total (discover symbols): 36.8s
2026-09-07 11:44:08 INFO     [static_analyzer.engine.call_graph_builder:65] Build indices: 0.0s
2026-09-07 11:44:08 INFO     [static_analyzer.engine.lsp_recycler:84] LSP recycler armed at a 12.0GB budget
2026-09-07 11:44:08 INFO     [static_analyzer.engine.edge_builder:673] Skipped 4 ambiguous base type name(s) for virtual dispatch
2026-09-07 11:44:08 INFO     [static_analyzer.engine.progress:72] Phase 2 (definitions): 5% (8/154 files, 0.4s elapsed | edges=0, resolved=3)
2026-09-07 11:44:13 INFO     [static_analyzer.engine.progress:72] Phase 2 (definitions): 33% (52/154 files, 5.4s elapsed | edges=111, resolved=222)
2026-09-07 11:44:17 INFO     [static_analyzer.engine.progress:72] Phase 2 (definitions): 100% (154/154 files, 8.6s elapsed | edges=588, resolved=1879)
2026-09-07 11:44:17 INFO     [static_analyzer.engine.edge_builder:576] Phase 2b (implementations): 140 unique targets from 286 pending queries
2026-09-07 11:44:17 INFO     [static_analyzer.engine.progress:72] Phase 2b (impl): 35% (50/140 targets, 0.4s elapsed | edges=588, resolved=6)
2026-09-07 11:44:17 INFO     [static_analyzer.engine.progress:72] Phase 2b (impl): 100% (140/140 targets, 0.5s elapsed | edges=594, resolved=75)
2026-09-07 11:44:17 INFO     [static_analyzer.engine.edge_builder:334] Phase 2 summary: 8664 call sites, 1879 def resolved, 75 impl resolved, 0 iterated, 594 raw edges
2026-09-07 11:44:17 INFO     [static_analyzer.engine.call_graph_builder:73] Phase 2 total (build edges): 9.6s, 594 edges
2026-09-07 11:44:17 INFO     [static_analyzer.engine.hierarchy_builder:57] Hierarchy: 151 class symbols to process
2026-09-07 11:44:19 INFO     [static_analyzer.engine.hierarchy_builder:105] Hierarchy complete: 151 classes, 42 inheritance links in 1.5s
2026-09-07 11:44:19 INFO     [static_analyzer.engine.call_graph_builder:82] Phase 3 (hierarchy): 1.5s
2026-09-07 11:44:19 INFO     [static_analyzer.engine.call_graph_builder:87] Phase 4 (package deps): 0.0s
2026-09-07 11:44:19 INFO     [static_analyzer.engine.call_graph_builder:110] Pipeline complete: 154 files, 1207 symbols, 594 edges, 151 hierarchy entries in 48.0s
2026-09-07 11:44:19 INFO     [static_analyzer:994] CallGraphBuilder.build() for CSharp: 48.0s
2026-09-07 11:44:19 INFO     [static_analyzer.engine.result_converter:106] Converted 666 nodes, 594 edges (0 skipped) for CSharp
2026-09-07 11:44:19 INFO     [static_analyzer.engine.result_converter:116] Reference edges for CSharp: 555 ({<EdgeKind.CONTAINS: 'contains'>: 513, <EdgeKind.INHERITS: 'inherits'>: 42})
2026-09-07 11:44:19 INFO     [static_analyzer:1004] convert_to_codeboarding_format for CSharp: 0.0s
2026-09-07 11:44:19 INFO     [static_analyzer:727] Engine analysis for CSharp completed in 48.0s
2026-09-07 11:44:21 INFO     [static_analyzer:935] Diagnostics for CSharp: 154 files, 51 items (cache=0, live=154)
2026-09-07 11:44:21 INFO     [static_analyzer:724] Starting engine analysis for CSharp in /Users/svilen/Documents/Projects/ReposForTesting/abp/modules/permission-management
2026-09-07 11:44:21 INFO     [static_analyzer:984] Analyzing 127 CSharp files
2026-09-07 11:44:21 INFO     [static_analyzer.engine.call_graph_builder:220] Waiting for LSP server indexing (timeout=600s)...
2026-09-07 11:44:45 INFO     [static_analyzer.engine.lsp_client:858] LSP server: solution loaded (csharp-ls: Finished loading solution "/Users/svilen/Documents/Projects/ReposForTesting/abp/modules/permission-management/Volo.Abp.PermissionManagement.slnx")
2026-09-07 11:44:47 INFO     [static_analyzer.engine.call_graph_builder:224] Sync probe: 26.0s (1 symbols)
2026-09-07 11:44:47 INFO     [static_analyzer.engine.progress:72] Phase 0 (open): 39% (50/127 files, 0.0s elapsed)
2026-09-07 11:44:47 INFO     [static_analyzer.engine.progress:72] Phase 0 (open): 100% (127/127 files, 0.3s elapsed)
2026-09-07 11:44:47 INFO     [static_analyzer.engine.call_graph_builder:215] did_open 127 files: 0.3s
2026-09-07 11:44:48 INFO     [static_analyzer.engine.progress:72] Phase 1 (symbols): 5% (7/127 files, 1.2s elapsed | symbols=48)
2026-09-07 11:44:51 INFO     [static_analyzer.engine.progress:72] Phase 1 (symbols): 100% (127/127 files, 3.7s elapsed | symbols=1375)
2026-09-07 11:44:51 INFO     [static_analyzer.engine.call_graph_builder:199] Discovered 1375 symbols across 127 files
2026-09-07 11:44:51 INFO     [static_analyzer.engine.call_graph_builder:61] Phase 1 total (discover symbols): 30.0s
2026-09-07 11:44:51 INFO     [static_analyzer.engine.call_graph_builder:65] Build indices: 0.0s
2026-09-07 11:44:51 INFO     [static_analyzer.engine.lsp_recycler:84] LSP recycler armed at a 12.0GB budget
2026-09-07 11:44:51 INFO     [static_analyzer.engine.edge_builder:673] Skipped 8 ambiguous base type name(s) for virtual dispatch
2026-09-07 11:44:52 INFO     [static_analyzer.engine.progress:72] Phase 2 (definitions): 5% (7/127 files, 0.5s elapsed | edges=69, resolved=116)
2026-09-07 11:44:55 INFO     [static_analyzer.engine.progress:72] Phase 2 (definitions): 100% (127/127 files, 3.4s elapsed | edges=679, resolved=1420)
2026-09-07 11:44:55 INFO     [static_analyzer.engine.edge_builder:576] Phase 2b (implementations): 160 unique targets from 286 pending queries
2026-09-07 11:44:55 INFO     [static_analyzer.engine.progress:72] Phase 2b (impl): 31% (50/160 targets, 0.4s elapsed | edges=682, resolved=38)
2026-09-07 11:44:55 INFO     [static_analyzer.engine.progress:72] Phase 2b (impl): 100% (160/160 targets, 0.5s elapsed | edges=682, resolved=77)
2026-09-07 11:44:55 INFO     [static_analyzer.engine.edge_builder:334] Phase 2 summary: 3447 call sites, 1420 def resolved, 77 impl resolved, 0 iterated, 682 raw edges
2026-09-07 11:44:55 INFO     [static_analyzer.engine.call_graph_builder:73] Phase 2 total (build edges): 4.3s, 682 edges
2026-09-07 11:44:55 INFO     [static_analyzer.engine.hierarchy_builder:57] Hierarchy: 140 class symbols to process
2026-09-07 11:44:57 INFO     [static_analyzer.engine.hierarchy_builder:105] Hierarchy complete: 140 classes, 29 inheritance links in 1.8s
2026-09-07 11:44:57 INFO     [static_analyzer.engine.call_graph_builder:82] Phase 3 (hierarchy): 1.8s
2026-09-07 11:44:57 INFO     [static_analyzer.engine.call_graph_builder:87] Phase 4 (package deps): 0.0s
2026-09-07 11:44:57 INFO     [static_analyzer.engine.call_graph_builder:110] Pipeline complete: 127 files, 1375 symbols, 682 edges, 140 hierarchy entries in 36.2s
2026-09-07 11:44:57 INFO     [static_analyzer:994] CallGraphBuilder.build() for CSharp: 36.2s
2026-09-07 11:44:57 INFO     [static_analyzer.engine.result_converter:106] Converted 550 nodes, 682 edges (0 skipped) for CSharp
2026-09-07 11:44:57 INFO     [static_analyzer.engine.result_converter:116] Reference edges for CSharp: 439 ({<EdgeKind.CONTAINS: 'contains'>: 410, <EdgeKind.INHERITS: 'inherits'>: 29})
2026-09-07 11:44:57 INFO     [static_analyzer:1004] convert_to_codeboarding_format for CSharp: 0.0s
2026-09-07 11:44:57 INFO     [static_analyzer:727] Engine analysis for CSharp completed in 36.2s
2026-09-07 11:44:59 INFO     [static_analyzer:935] Diagnostics for CSharp: 127 files, 158 items (cache=0, live=127)
2026-09-07 11:44:59 INFO     [static_analyzer:724] Starting engine analysis for CSharp in /Users/svilen/Documents/Projects/ReposForTesting/abp/modules/setting-management
2026-09-07 11:44:59 INFO     [static_analyzer:984] Analyzing 132 CSharp files
2026-09-07 11:44:59 INFO     [static_analyzer.engine.call_graph_builder:220] Waiting for LSP server indexing (timeout=600s)...
2026-09-07 11:45:28 INFO     [static_analyzer.engine.lsp_client:858] LSP server: solution loaded (csharp-ls: Finished loading solution "/Users/svilen/Documents/Projects/ReposForTesting/abp/modules/setting-management/Volo.Abp.SettingManagement.slnx")
2026-09-07 11:45:32 INFO     [static_analyzer.engine.call_graph_builder:224] Sync probe: 33.3s (1 symbols)
2026-09-07 11:45:33 INFO     [static_analyzer.engine.progress:72] Phase 0 (open): 37% (50/132 files, 0.0s elapsed)
2026-09-07 11:45:33 INFO     [static_analyzer.engine.progress:72] Phase 0 (open): 100% (132/132 files, 0.3s elapsed)
2026-09-07 11:45:33 INFO     [static_analyzer.engine.call_graph_builder:215] did_open 132 files: 0.3s
2026-09-07 11:45:35 INFO     [static_analyzer.engine.progress:72] Phase 1 (symbols): 5% (7/132 files, 1.7s elapsed | symbols=32)
2026-09-07 11:45:37 INFO     [static_analyzer.engine.progress:72] Phase 1 (symbols): 100% (132/132 files, 3.8s elapsed | symbols=1102)
2026-09-07 11:45:37 INFO     [static_analyzer.engine.call_graph_builder:199] Discovered 1102 symbols across 132 files
2026-09-07 11:45:37 INFO     [static_analyzer.engine.call_graph_builder:61] Phase 1 total (discover symbols): 37.4s
2026-09-07 11:45:37 INFO     [static_analyzer.engine.call_graph_builder:65] Build indices: 0.0s
2026-09-07 11:45:37 INFO     [static_analyzer.engine.lsp_recycler:84] LSP recycler armed at a 12.0GB budget
2026-09-07 11:45:37 INFO     [static_analyzer.engine.edge_builder:673] Skipped 21 ambiguous base type name(s) for virtual dispatch
2026-09-07 11:45:39 INFO     [static_analyzer.engine.progress:72] Phase 2 (definitions): 5% (7/132 files, 2.0s elapsed | edges=5, resolved=6)
2026-09-07 11:45:41 INFO     [static_analyzer.engine.progress:72] Phase 2 (definitions): 100% (132/132 files, 3.8s elapsed | edges=459, resolved=729)
2026-09-07 11:45:41 INFO     [static_analyzer.engine.edge_builder:576] Phase 2b (implementations): 118 unique targets from 210 pending queries
2026-09-07 11:45:41 INFO     [static_analyzer.engine.progress:72] Phase 2b (impl): 42% (50/118 targets, 0.4s elapsed | edges=467, resolved=29)
2026-09-07 11:45:41 INFO     [static_analyzer.engine.progress:72] Phase 2b (impl): 100% (118/118 targets, 0.4s elapsed | edges=467, resolved=57)
2026-09-07 11:45:41 INFO     [static_analyzer.engine.edge_builder:334] Phase 2 summary: 3752 call sites, 729 def resolved, 57 impl resolved, 0 iterated, 467 raw edges
2026-09-07 11:45:41 INFO     [static_analyzer.engine.call_graph_builder:73] Phase 2 total (build edges): 4.5s, 467 edges
2026-09-07 11:45:41 INFO     [static_analyzer.engine.hierarchy_builder:57] Hierarchy: 145 class symbols to process
2026-09-07 11:45:43 INFO     [static_analyzer.engine.hierarchy_builder:105] Hierarchy complete: 145 classes, 34 inheritance links in 1.7s
2026-09-07 11:45:43 INFO     [static_analyzer.engine.call_graph_builder:82] Phase 3 (hierarchy): 1.7s
2026-09-07 11:45:43 INFO     [static_analyzer.engine.call_graph_builder:87] Phase 4 (package deps): 0.0s
2026-09-07 11:45:43 INFO     [static_analyzer.engine.call_graph_builder:110] Pipeline complete: 132 files, 1102 symbols, 467 edges, 145 hierarchy entries in 43.7s
2026-09-07 11:45:43 INFO     [static_analyzer:994] CallGraphBuilder.build() for CSharp: 43.7s
2026-09-07 11:45:43 INFO     [static_analyzer.engine.result_converter:106] Converted 466 nodes, 467 edges (0 skipped) for CSharp
2026-09-07 11:45:43 INFO     [static_analyzer.engine.result_converter:116] Reference edges for CSharp: 355 ({<EdgeKind.CONTAINS: 'contains'>: 321, <EdgeKind.INHERITS: 'inherits'>: 34})
2026-09-07 11:45:43 INFO     [static_analyzer:1004] convert_to_codeboarding_format for CSharp: 0.0s
2026-09-07 11:45:43 INFO     [static_analyzer:727] Engine analysis for CSharp completed in 43.7s
2026-09-07 11:45:45 INFO     [static_analyzer:935] Diagnostics for CSharp: 132 files, 110 items (cache=0, live=132)
2026-09-07 11:45:45 INFO     [static_analyzer:724] Starting engine analysis for CSharp in /Users/svilen/Documents/Projects/ReposForTesting/abp/modules/tenant-management
2026-09-07 11:45:45 INFO     [static_analyzer:984] Analyzing 73 CSharp files
2026-09-07 11:45:45 INFO     [static_analyzer.engine.call_graph_builder:220] Waiting for LSP server indexing (timeout=600s)...
2026-09-07 11:46:12 INFO     [static_analyzer.engine.lsp_client:858] LSP server: solution loaded (csharp-ls: Finished loading solution "/Users/svilen/Documents/Projects/ReposForTesting/abp/modules/tenant-management/Volo.Abp.TenantManagement.slnx")
2026-09-07 11:46:14 INFO     [static_analyzer.engine.call_graph_builder:224] Sync probe: 29.4s (1 symbols)
2026-09-07 11:46:14 INFO     [static_analyzer.engine.progress:72] Phase 0 (open): 68% (50/73 files, 0.0s elapsed)
2026-09-07 11:46:15 INFO     [static_analyzer.engine.progress:72] Phase 0 (open): 100% (73/73 files, 0.2s elapsed)
2026-09-07 11:46:15 INFO     [static_analyzer.engine.call_graph_builder:215] did_open 73 files: 0.2s
2026-09-07 11:46:15 INFO     [static_analyzer.engine.progress:72] Phase 1 (symbols): 5% (4/73 files, 0.7s elapsed | symbols=30)
2026-09-07 11:46:17 INFO     [static_analyzer.engine.progress:72] Phase 1 (symbols): 100% (73/73 files, 2.6s elapsed | symbols=534)
2026-09-07 11:46:17 INFO     [static_analyzer.engine.call_graph_builder:199] Discovered 534 symbols across 73 files
2026-09-07 11:46:17 INFO     [static_analyzer.engine.call_graph_builder:61] Phase 1 total (discover symbols): 32.3s
2026-09-07 11:46:17 INFO     [static_analyzer.engine.call_graph_builder:65] Build indices: 0.0s
2026-09-07 11:46:17 INFO     [static_analyzer.engine.lsp_recycler:84] LSP recycler armed at a 12.0GB budget
2026-09-07 11:46:17 INFO     [static_analyzer.engine.edge_builder:673] Skipped 6 ambiguous base type name(s) for virtual dispatch
2026-09-07 11:46:18 INFO     [static_analyzer.engine.progress:72] Phase 2 (definitions): 5% (4/73 files, 0.3s elapsed | edges=20, resolved=40)
2026-09-07 11:46:19 INFO     [static_analyzer.engine.progress:72] Phase 2 (definitions): 100% (73/73 files, 1.7s elapsed | edges=116, resolved=343)
2026-09-07 11:46:19 INFO     [static_analyzer.engine.edge_builder:576] Phase 2b (implementations): 34 unique targets from 57 pending queries
2026-09-07 11:46:19 INFO     [static_analyzer.engine.progress:72] Phase 2b (impl): 100% (34/34 targets, 0.4s elapsed | edges=116, resolved=22)
2026-09-07 11:46:19 INFO     [static_analyzer.engine.progress:72] Phase 2b (impl): 100% (34/34 targets, 0.4s elapsed | edges=116, resolved=22)
2026-09-07 11:46:19 INFO     [static_analyzer.engine.edge_builder:334] Phase 2 summary: 1043 call sites, 343 def resolved, 22 impl resolved, 0 iterated, 116 raw edges
2026-09-07 11:46:19 INFO     [static_analyzer.engine.call_graph_builder:73] Phase 2 total (build edges): 2.1s, 116 edges
2026-09-07 11:46:19 INFO     [static_analyzer.engine.hierarchy_builder:57] Hierarchy: 80 class symbols to process
2026-09-07 11:46:20 INFO     [static_analyzer.engine.hierarchy_builder:105] Hierarchy complete: 80 classes, 16 inheritance links in 0.9s
2026-09-07 11:46:20 INFO     [static_analyzer.engine.call_graph_builder:82] Phase 3 (hierarchy): 0.9s
2026-09-07 11:46:20 INFO     [static_analyzer.engine.call_graph_builder:87] Phase 4 (package deps): 0.0s
2026-09-07 11:46:20 INFO     [static_analyzer.engine.call_graph_builder:110] Pipeline complete: 73 files, 534 symbols, 116 edges, 80 hierarchy entries in 35.3s
2026-09-07 11:46:20 INFO     [static_analyzer:994] CallGraphBuilder.build() for CSharp: 35.3s
2026-09-07 11:46:20 INFO     [static_analyzer.engine.result_converter:106] Converted 246 nodes, 116 edges (0 skipped) for CSharp
2026-09-07 11:46:20 INFO     [static_analyzer.engine.result_converter:116] Reference edges for CSharp: 182 ({<EdgeKind.CONTAINS: 'contains'>: 166, <EdgeKind.INHERITS: 'inherits'>: 16})
2026-09-07 11:46:20 INFO     [static_analyzer:1004] convert_to_codeboarding_format for CSharp: 0.0s
2026-09-07 11:46:20 INFO     [static_analyzer:727] Engine analysis for CSharp completed in 35.3s
2026-09-07 11:46:22 INFO     [static_analyzer:935] Diagnostics for CSharp: 73 files, 111 items (cache=0, live=73)
2026-09-07 11:46:22 INFO     [static_analyzer:724] Starting engine analysis for CSharp in /Users/svilen/Documents/Projects/ReposForTesting/abp/modules/users
2026-09-07 11:46:22 INFO     [static_analyzer:984] Analyzing 25 CSharp files
2026-09-07 11:46:22 INFO     [static_analyzer.engine.call_graph_builder:220] Waiting for LSP server indexing (timeout=600s)...
2026-09-07 11:46:35 INFO     [static_analyzer.engine.lsp_client:858] LSP server: solution loaded (csharp-ls: Finished loading solution "/Users/svilen/Documents/Projects/ReposForTesting/abp/modules/users/Volo.Abp.Users.slnx")
2026-09-07 11:46:37 INFO     [static_analyzer.engine.call_graph_builder:224] Sync probe: 14.3s (1 symbols)
2026-09-07 11:46:37 INFO     [static_analyzer.engine.progress:72] Phase 0 (open): 100% (25/25 files, 0.0s elapsed)
2026-09-07 11:46:37 INFO     [static_analyzer.engine.progress:72] Phase 0 (open): 100% (25/25 files, 0.1s elapsed)
2026-09-07 11:46:37 INFO     [static_analyzer.engine.call_graph_builder:215] did_open 25 files: 0.1s
2026-09-07 11:46:37 INFO     [static_analyzer.engine.progress:72] Phase 1 (symbols): 12% (3/25 files, 0.1s elapsed | symbols=17)
2026-09-07 11:46:37 INFO     [static_analyzer.engine.progress:72] Phase 1 (symbols): 100% (25/25 files, 0.5s elapsed | symbols=193)
2026-09-07 11:46:37 INFO     [static_analyzer.engine.call_graph_builder:199] Discovered 193 symbols across 25 files
2026-09-07 11:46:37 INFO     [static_analyzer.engine.call_graph_builder:61] Phase 1 total (discover symbols): 14.9s
2026-09-07 11:46:37 INFO     [static_analyzer.engine.call_graph_builder:65] Build indices: 0.0s
2026-09-07 11:46:37 INFO     [static_analyzer.engine.lsp_recycler:84] LSP recycler armed at a 12.0GB budget
2026-09-07 11:46:37 INFO     [static_analyzer.engine.progress:72] Phase 2 (definitions): 12% (3/25 files, 0.1s elapsed | edges=0, resolved=0)
2026-09-07 11:46:38 INFO     [static_analyzer.engine.progress:72] Phase 2 (definitions): 100% (25/25 files, 0.6s elapsed | edges=28, resolved=151)
2026-09-07 11:46:38 INFO     [static_analyzer.engine.edge_builder:576] Phase 2b (implementations): 13 unique targets from 20 pending queries
2026-09-07 11:46:38 INFO     [static_analyzer.engine.progress:72] Phase 2b (impl): 100% (13/13 targets, 0.2s elapsed | edges=36, resolved=8)
2026-09-07 11:46:38 INFO     [static_analyzer.engine.progress:72] Phase 2b (impl): 100% (13/13 targets, 0.2s elapsed | edges=36, resolved=8)
2026-09-07 11:46:38 INFO     [static_analyzer.engine.edge_builder:334] Phase 2 summary: 349 call sites, 151 def resolved, 8 impl resolved, 0 iterated, 36 raw edges
2026-09-07 11:46:38 INFO     [static_analyzer.engine.call_graph_builder:73] Phase 2 total (build edges): 0.8s, 36 edges
2026-09-07 11:46:38 INFO     [static_analyzer.engine.hierarchy_builder:57] Hierarchy: 25 class symbols to process
2026-09-07 11:46:38 INFO     [static_analyzer.engine.hierarchy_builder:105] Hierarchy complete: 25 classes, 6 inheritance links in 0.3s
2026-09-07 11:46:38 INFO     [static_analyzer.engine.call_graph_builder:82] Phase 3 (hierarchy): 0.3s
2026-09-07 11:46:38 INFO     [static_analyzer.engine.call_graph_builder:87] Phase 4 (package deps): 0.0s
2026-09-07 11:46:38 INFO     [static_analyzer.engine.call_graph_builder:110] Pipeline complete: 25 files, 193 symbols, 36 edges, 25 hierarchy entries in 16.0s
2026-09-07 11:46:38 INFO     [static_analyzer:994] CallGraphBuilder.build() for CSharp: 16.0s
2026-09-07 11:46:38 INFO     [static_analyzer.engine.result_converter:106] Converted 66 nodes, 36 edges (0 skipped) for CSharp
2026-09-07 11:46:38 INFO     [static_analyzer.engine.result_converter:116] Reference edges for CSharp: 47 ({<EdgeKind.CONTAINS: 'contains'>: 41, <EdgeKind.INHERITS: 'inherits'>: 6})
2026-09-07 11:46:38 INFO     [static_analyzer:1004] convert_to_codeboarding_format for CSharp: 0.0s
2026-09-07 11:46:38 INFO     [static_analyzer:727] Engine analysis for CSharp completed in 16.0s
2026-09-07 11:46:40 INFO     [static_analyzer:935] Diagnostics for CSharp: 25 files, 2 items (cache=0, live=25)
2026-09-07 11:46:40 INFO     [static_analyzer:724] Starting engine analysis for CSharp in /Users/svilen/Documents/Projects/ReposForTesting/abp/modules/virtual-file-explorer
2026-09-07 11:46:40 INFO     [static_analyzer:984] Analyzing 24 CSharp files
2026-09-07 11:46:40 INFO     [static_analyzer.engine.call_graph_builder:220] Waiting for LSP server indexing (timeout=600s)...
2026-09-07 11:47:02 INFO     [static_analyzer.engine.lsp_client:858] LSP server: solution loaded (csharp-ls: Finished loading solution "/Users/svilen/Documents/Projects/ReposForTesting/abp/modules/virtual-file-explorer/Volo.Abp.VirtualFileExplorer.slnx")
2026-09-07 11:47:06 INFO     [static_analyzer.engine.call_graph_builder:224] Sync probe: 25.5s (1 symbols)
2026-09-07 11:47:06 INFO     [static_analyzer.engine.progress:72] Phase 0 (open): 100% (24/24 files, 0.0s elapsed)
2026-09-07 11:47:06 INFO     [static_analyzer.engine.progress:72] Phase 0 (open): 100% (24/24 files, 0.1s elapsed)
2026-09-07 11:47:06 INFO     [static_analyzer.engine.call_graph_builder:215] did_open 24 files: 0.1s
2026-09-07 11:47:06 INFO     [static_analyzer.engine.progress:72] Phase 1 (symbols): 12% (3/24 files, 0.3s elapsed | symbols=14)
2026-09-07 11:47:07 INFO     [static_analyzer.engine.progress:72] Phase 1 (symbols): 100% (24/24 files, 0.5s elapsed | symbols=129)
2026-09-07 11:47:07 INFO     [static_analyzer.engine.call_graph_builder:199] Discovered 129 symbols across 24 files
2026-09-07 11:47:07 INFO     [static_analyzer.engine.call_graph_builder:61] Phase 1 total (discover symbols): 26.2s
2026-09-07 11:47:07 INFO     [static_analyzer.engine.call_graph_builder:65] Build indices: 0.0s
2026-09-07 11:47:07 INFO     [static_analyzer.engine.lsp_recycler:84] LSP recycler armed at a 12.0GB budget
2026-09-07 11:47:07 INFO     [static_analyzer.engine.edge_builder:673] Skipped 2 ambiguous base type name(s) for virtual dispatch
2026-09-07 11:47:07 INFO     [static_analyzer.engine.progress:72] Phase 2 (definitions): 12% (3/24 files, 0.2s elapsed | edges=3, resolved=3)
2026-09-07 11:47:09 INFO     [static_analyzer.engine.progress:72] Phase 2 (definitions): 100% (24/24 files, 2.3s elapsed | edges=9, resolved=32)
2026-09-07 11:47:09 INFO     [static_analyzer.engine.edge_builder:576] Phase 2b (implementations): 5 unique targets from 6 pending queries
2026-09-07 11:47:09 INFO     [static_analyzer.engine.progress:72] Phase 2b (impl): 100% (5/5 targets, 0.0s elapsed | edges=9, resolved=0)
2026-09-07 11:47:09 INFO     [static_analyzer.engine.progress:72] Phase 2b (impl): 100% (5/5 targets, 0.0s elapsed | edges=9, resolved=0)
2026-09-07 11:47:09 INFO     [static_analyzer.engine.edge_builder:334] Phase 2 summary: 1843 call sites, 32 def resolved, 0 impl resolved, 0 iterated, 9 raw edges
2026-09-07 11:47:09 INFO     [static_analyzer.engine.call_graph_builder:73] Phase 2 total (build edges): 2.4s, 9 edges
2026-09-07 11:47:09 INFO     [static_analyzer.engine.hierarchy_builder:57] Hierarchy: 24 class symbols to process
2026-09-07 11:47:09 INFO     [static_analyzer.engine.hierarchy_builder:105] Hierarchy complete: 24 classes, 1 inheritance links in 0.5s
2026-09-07 11:47:09 INFO     [static_analyzer.engine.call_graph_builder:82] Phase 3 (hierarchy): 0.5s
2026-09-07 11:47:09 INFO     [static_analyzer.engine.call_graph_builder:87] Phase 4 (package deps): 0.0s
2026-09-07 11:47:09 INFO     [static_analyzer.engine.call_graph_builder:110] Pipeline complete: 24 files, 129 symbols, 9 edges, 24 hierarchy entries in 29.1s
2026-09-07 11:47:09 INFO     [static_analyzer:994] CallGraphBuilder.build() for CSharp: 29.1s
2026-09-07 11:47:09 INFO     [static_analyzer.engine.result_converter:106] Converted 52 nodes, 9 edges (0 skipped) for CSharp
2026-09-07 11:47:09 INFO     [static_analyzer.engine.result_converter:116] Reference edges for CSharp: 29 ({<EdgeKind.CONTAINS: 'contains'>: 28, <EdgeKind.INHERITS: 'inherits'>: 1})
2026-09-07 11:47:09 INFO     [static_analyzer:1004] convert_to_codeboarding_format for CSharp: 0.0s
2026-09-07 11:47:09 INFO     [static_analyzer:727] Engine analysis for CSharp completed in 29.1s
2026-09-07 11:47:11 INFO     [static_analyzer:935] Diagnostics for CSharp: 24 files, 21 items (cache=0, live=24)
2026-09-07 11:47:11 INFO     [static_analyzer:724] Starting engine analysis for CSharp in /Users/svilen/Documents/Projects/ReposForTesting/abp/templates/app/aspnet-core
2026-09-07 11:47:11 INFO     [static_analyzer:984] Analyzing 132 CSharp files
2026-09-07 11:47:11 INFO     [static_analyzer.engine.call_graph_builder:220] Waiting for LSP server indexing (timeout=600s)...
2026-09-07 11:47:48 INFO     [static_analyzer.engine.lsp_client:858] LSP server: solution loaded (csharp-ls: Finished loading solution "/Users/svilen/Documents/Projects/ReposForTesting/abp/templates/app/aspnet-core/MyCompanyName.MyProjectName.slnx")
2026-09-07 11:47:51 INFO     [static_analyzer.engine.call_graph_builder:224] Sync probe: 39.3s (1 symbols)
2026-09-07 11:47:51 INFO     [static_analyzer.engine.progress:72] Phase 0 (open): 37% (50/132 files, 0.0s elapsed)
2026-09-07 11:47:51 INFO     [static_analyzer.engine.progress:72] Phase 0 (open): 100% (132/132 files, 0.3s elapsed)
2026-09-07 11:47:51 INFO     [static_analyzer.engine.call_graph_builder:215] did_open 132 files: 0.3s
2026-09-07 11:47:53 INFO     [static_analyzer.engine.progress:72] Phase 1 (symbols): 5% (7/132 files, 2.0s elapsed | symbols=22)
2026-09-07 11:47:57 INFO     [static_analyzer.engine.progress:72] Phase 1 (symbols): 100% (132/132 files, 6.1s elapsed | symbols=646)
2026-09-07 11:47:57 INFO     [static_analyzer.engine.call_graph_builder:199] Discovered 646 symbols across 132 files
2026-09-07 11:47:57 INFO     [static_analyzer.engine.call_graph_builder:61] Phase 1 total (discover symbols): 45.7s
2026-09-07 11:47:57 INFO     [static_analyzer.engine.call_graph_builder:65] Build indices: 0.0s
2026-09-07 11:47:57 INFO     [static_analyzer.engine.lsp_recycler:84] LSP recycler armed at a 12.0GB budget
2026-09-07 11:47:57 INFO     [static_analyzer.engine.edge_builder:673] Skipped 20 ambiguous base type name(s) for virtual dispatch
2026-09-07 11:47:58 INFO     [static_analyzer.engine.progress:72] Phase 2 (definitions): 5% (7/132 files, 0.2s elapsed | edges=2, resolved=3)
2026-09-07 11:48:03 INFO     [static_analyzer.engine.progress:72] Phase 2 (definitions): 71% (94/132 files, 5.6s elapsed | edges=125, resolved=236)
2026-09-07 11:48:05 INFO     [static_analyzer.engine.progress:72] Phase 2 (definitions): 100% (132/132 files, 7.9s elapsed | edges=168, resolved=334)
2026-09-07 11:48:05 INFO     [static_analyzer.engine.edge_builder:576] Phase 2b (implementations): 124 unique targets from 138 pending queries
2026-09-07 11:48:05 INFO     [static_analyzer.engine.progress:72] Phase 2b (impl): 40% (50/124 targets, 0.0s elapsed | edges=168, resolved=0)
2026-09-07 11:48:06 INFO     [static_analyzer.engine.progress:72] Phase 2b (impl): 100% (124/124 targets, 0.7s elapsed | edges=168, resolved=3)
2026-09-07 11:48:06 INFO     [static_analyzer.engine.edge_builder:334] Phase 2 summary: 6111 call sites, 334 def resolved, 3 impl resolved, 0 iterated, 168 raw edges
2026-09-07 11:48:06 INFO     [static_analyzer.engine.call_graph_builder:73] Phase 2 total (build edges): 8.8s, 168 edges
2026-09-07 11:48:06 INFO     [static_analyzer.engine.hierarchy_builder:57] Hierarchy: 126 class symbols to process
2026-09-07 11:48:08 INFO     [static_analyzer.engine.hierarchy_builder:105] Hierarchy complete: 126 classes, 5 inheritance links in 1.6s
2026-09-07 11:48:08 INFO     [static_analyzer.engine.call_graph_builder:82] Phase 3 (hierarchy): 1.6s
2026-09-07 11:48:08 INFO     [static_analyzer.engine.call_graph_builder:87] Phase 4 (package deps): 0.0s
2026-09-07 11:48:08 INFO     [static_analyzer.engine.call_graph_builder:110] Pipeline complete: 132 files, 646 symbols, 168 edges, 126 hierarchy entries in 56.2s
2026-09-07 11:48:08 INFO     [static_analyzer:994] CallGraphBuilder.build() for CSharp: 56.2s
2026-09-07 11:48:08 INFO     [static_analyzer.engine.result_converter:106] Converted 374 nodes, 168 edges (0 skipped) for CSharp
2026-09-07 11:48:08 INFO     [static_analyzer.engine.result_converter:116] Reference edges for CSharp: 253 ({<EdgeKind.CONTAINS: 'contains'>: 248, <EdgeKind.INHERITS: 'inherits'>: 5})
2026-09-07 11:48:08 INFO     [static_analyzer:1004] convert_to_codeboarding_format for CSharp: 0.0s
2026-09-07 11:48:08 INFO     [static_analyzer:727] Engine analysis for CSharp completed in 56.2s
2026-09-07 11:48:10 INFO     [static_analyzer:935] Diagnostics for CSharp: 132 files, 74 items (cache=0, live=132)
2026-09-07 11:48:10 INFO     [static_analyzer:724] Starting engine analysis for CSharp in /Users/svilen/Documents/Projects/ReposForTesting/abp/templates/app-nolayers/aspnet-core
2026-09-07 11:48:10 INFO     [static_analyzer:984] Analyzing 134 CSharp files
2026-09-07 11:48:10 INFO     [static_analyzer.engine.call_graph_builder:220] Waiting for LSP server indexing (timeout=600s)...
2026-09-07 11:48:44 INFO     [static_analyzer.engine.lsp_client:858] LSP server: solution loaded (csharp-ls: Finished loading solution "/Users/svilen/Documents/Projects/ReposForTesting/abp/templates/app-nolayers/aspnet-core/MyCompanyName.MyProjectName.slnx")
2026-09-07 11:48:49 INFO     [static_analyzer.engine.call_graph_builder:224] Sync probe: 39.4s (1 symbols)
2026-09-07 11:48:49 INFO     [static_analyzer.engine.progress:72] Phase 0 (open): 37% (50/134 files, 0.0s elapsed)
2026-09-07 11:48:50 INFO     [static_analyzer.engine.progress:72] Phase 0 (open): 100% (134/134 files, 0.4s elapsed)
2026-09-07 11:48:50 INFO     [static_analyzer.engine.call_graph_builder:215] did_open 134 files: 0.4s
2026-09-07 11:48:51 INFO     [static_analyzer.engine.progress:72] Phase 1 (symbols): 5% (7/134 files, 1.9s elapsed | symbols=41)
2026-09-07 11:48:54 INFO     [static_analyzer.engine.progress:72] Phase 1 (symbols): 100% (134/134 files, 4.3s elapsed | symbols=737)
2026-09-07 11:48:54 INFO     [static_analyzer.engine.call_graph_builder:199] Discovered 737 symbols across 134 files
2026-09-07 11:48:54 INFO     [static_analyzer.engine.call_graph_builder:61] Phase 1 total (discover symbols): 44.1s
2026-09-07 11:48:54 INFO     [static_analyzer.engine.call_graph_builder:65] Build indices: 0.0s
2026-09-07 11:48:54 INFO     [static_analyzer.engine.lsp_recycler:84] LSP recycler armed at a 12.0GB budget
2026-09-07 11:48:55 INFO     [static_analyzer.engine.edge_builder:673] Skipped 23 ambiguous base type name(s) for virtual dispatch
2026-09-07 11:48:55 INFO     [static_analyzer.engine.progress:72] Phase 2 (definitions): 5% (7/134 files, 0.2s elapsed | edges=21, resolved=24)
2026-09-07 11:49:00 INFO     [static_analyzer.engine.progress:72] Phase 2 (definitions): 11% (16/134 files, 5.3s elapsed | edges=41, resolved=50)
2026-09-07 11:49:06 INFO     [static_analyzer.engine.progress:72] Phase 2 (definitions): 58% (79/134 files, 11.5s elapsed | edges=178, resolved=310)
2026-09-07 11:49:12 INFO     [static_analyzer.engine.progress:72] Phase 2 (definitions): 83% (112/134 files, 17.4s elapsed | edges=255, resolved=440)
2026-09-07 11:49:13 INFO     [static_analyzer.engine.progress:72] Phase 2 (definitions): 100% (134/134 files, 17.8s elapsed | edges=308, resolved=519)
2026-09-07 11:49:13 INFO     [static_analyzer.engine.edge_builder:576] Phase 2b (implementations): 216 unique targets from 272 pending queries
2026-09-07 11:49:13 INFO     [static_analyzer.engine.progress:72] Phase 2b (impl): 23% (50/216 targets, 0.0s elapsed | edges=308, resolved=0)
2026-09-07 11:49:13 INFO     [static_analyzer.engine.progress:72] Phase 2b (impl): 100% (216/216 targets, 0.2s elapsed | edges=308, resolved=0)
2026-09-07 11:49:13 INFO     [static_analyzer.engine.edge_builder:334] Phase 2 summary: 17400 call sites, 519 def resolved, 0 impl resolved, 0 iterated, 308 raw edges
2026-09-07 11:49:13 INFO     [static_analyzer.engine.call_graph_builder:73] Phase 2 total (build edges): 19.3s, 308 edges
2026-09-07 11:49:13 INFO     [static_analyzer.engine.hierarchy_builder:57] Hierarchy: 126 class symbols to process
2026-09-07 11:49:15 INFO     [static_analyzer.engine.hierarchy_builder:105] Hierarchy complete: 126 classes, 0 inheritance links in 1.8s
2026-09-07 11:49:15 INFO     [static_analyzer.engine.call_graph_builder:82] Phase 3 (hierarchy): 1.8s
2026-09-07 11:49:15 INFO     [static_analyzer.engine.call_graph_builder:87] Phase 4 (package deps): 0.0s
2026-09-07 11:49:15 INFO     [static_analyzer.engine.call_graph_builder:110] Pipeline complete: 134 files, 737 symbols, 308 edges, 126 hierarchy entries in 65.2s
2026-09-07 11:49:15 INFO     [static_analyzer:994] CallGraphBuilder.build() for CSharp: 65.2s
2026-09-07 11:49:15 INFO     [static_analyzer.engine.result_converter:106] Converted 456 nodes, 308 edges (0 skipped) for CSharp
2026-09-07 11:49:15 INFO     [static_analyzer.engine.result_converter:116] Reference edges for CSharp: 330 ({<EdgeKind.CONTAINS: 'contains'>: 330})
2026-09-07 11:49:15 INFO     [static_analyzer:1004] convert_to_codeboarding_format for CSharp: 0.0s
2026-09-07 11:49:15 INFO     [static_analyzer:727] Engine analysis for CSharp completed in 65.2s
2026-09-07 11:49:17 INFO     [static_analyzer:935] Diagnostics for CSharp: 134 files, 86 items (cache=0, live=134)
2026-09-07 11:49:17 INFO     [static_analyzer:724] Starting engine analysis for CSharp in /Users/svilen/Documents/Projects/ReposForTesting/abp/templates/console
2026-09-07 11:49:17 INFO     [static_analyzer:984] Analyzing 4 CSharp files
2026-09-07 11:49:17 INFO     [static_analyzer.engine.call_graph_builder:220] Waiting for LSP server indexing (timeout=600s)...
2026-09-07 11:49:20 INFO     [static_analyzer.engine.lsp_client:858] LSP server: solution loaded (csharp-ls: Finished loading solution "/Users/svilen/Documents/Projects/ReposForTesting/abp/templates/console/MyCompanyName.MyProjectName.slnx")
2026-09-07 11:49:21 INFO     [static_analyzer.engine.call_graph_builder:224] Sync probe: 3.9s (1 symbols)
2026-09-07 11:49:21 INFO     [static_analyzer.engine.progress:72] Phase 0 (open): 100% (4/4 files, 0.0s elapsed)
2026-09-07 11:49:21 INFO     [static_analyzer.engine.progress:72] Phase 0 (open): 100% (4/4 files, 0.1s elapsed)
2026-09-07 11:49:21 INFO     [static_analyzer.engine.call_graph_builder:215] did_open 4 files: 0.1s
2026-09-07 11:49:21 INFO     [static_analyzer.engine.progress:72] Phase 1 (symbols): 25% (1/4 files, 0.0s elapsed | symbols=6)
2026-09-07 11:49:21 INFO     [static_analyzer.engine.progress:72] Phase 1 (symbols): 100% (4/4 files, 0.1s elapsed | symbols=18)
2026-09-07 11:49:21 INFO     [static_analyzer.engine.call_graph_builder:199] Discovered 18 symbols across 4 files
2026-09-07 11:49:21 INFO     [static_analyzer.engine.call_graph_builder:61] Phase 1 total (discover symbols): 4.1s
2026-09-07 11:49:21 INFO     [static_analyzer.engine.call_graph_builder:65] Build indices: 0.0s
2026-09-07 11:49:21 INFO     [static_analyzer.engine.lsp_recycler:84] LSP recycler armed at a 12.0GB budget
2026-09-07 11:49:21 INFO     [static_analyzer.engine.progress:72] Phase 2 (definitions): 25% (1/4 files, 0.1s elapsed | edges=0, resolved=0)
2026-09-07 11:49:21 INFO     [static_analyzer.engine.progress:72] Phase 2 (definitions): 100% (4/4 files, 0.2s elapsed | edges=2, resolved=3)
2026-09-07 11:49:21 INFO     [static_analyzer.engine.edge_builder:576] Phase 2b (implementations): 1 unique targets from 1 pending queries
2026-09-07 11:49:21 INFO     [static_analyzer.engine.progress:72] Phase 2b (impl): 100% (1/1 targets, 0.0s elapsed | edges=2, resolved=0)
2026-09-07 11:49:21 INFO     [static_analyzer.engine.progress:72] Phase 2b (impl): 100% (1/1 targets, 0.0s elapsed | edges=2, resolved=0)
2026-09-07 11:49:21 INFO     [static_analyzer.engine.edge_builder:334] Phase 2 summary: 42 call sites, 3 def resolved, 0 impl resolved, 0 iterated, 2 raw edges
2026-09-07 11:49:21 INFO     [static_analyzer.engine.call_graph_builder:73] Phase 2 total (build edges): 0.2s, 2 edges
2026-09-07 11:49:21 INFO     [static_analyzer.engine.hierarchy_builder:57] Hierarchy: 4 class symbols to process
2026-09-07 11:49:21 INFO     [static_analyzer.engine.hierarchy_builder:105] Hierarchy complete: 4 classes, 0 inheritance links in 0.1s
2026-09-07 11:49:21 INFO     [static_analyzer.engine.call_graph_builder:82] Phase 3 (hierarchy): 0.1s
2026-09-07 11:49:21 INFO     [static_analyzer.engine.call_graph_builder:87] Phase 4 (package deps): 0.0s
2026-09-07 11:49:21 INFO     [static_analyzer.engine.call_graph_builder:110] Pipeline complete: 4 files, 18 symbols, 2 edges, 4 hierarchy entries in 4.4s
2026-09-07 11:49:21 INFO     [static_analyzer:994] CallGraphBuilder.build() for CSharp: 4.4s
2026-09-07 11:49:21 INFO     [static_analyzer.engine.result_converter:106] Converted 11 nodes, 2 edges (0 skipped) for CSharp
2026-09-07 11:49:21 INFO     [static_analyzer.engine.result_converter:116] Reference edges for CSharp: 7 ({<EdgeKind.CONTAINS: 'contains'>: 7})
2026-09-07 11:49:21 INFO     [static_analyzer:1004] convert_to_codeboarding_format for CSharp: 0.0s
2026-09-07 11:49:21 INFO     [static_analyzer:727] Engine analysis for CSharp completed in 4.4s
2026-09-07 11:49:24 INFO     [static_analyzer:935] Diagnostics for CSharp: 4 files, 1 items (cache=0, live=4)
2026-09-07 11:49:24 INFO     [static_analyzer:724] Starting engine analysis for CSharp in /Users/svilen/Documents/Projects/ReposForTesting/abp/templates/maui
2026-09-07 11:49:24 INFO     [static_analyzer:984] Analyzing 14 CSharp files
2026-09-07 11:49:24 INFO     [static_analyzer.engine.call_graph_builder:220] Waiting for LSP server indexing (timeout=600s)...
2026-09-07 11:49:26 INFO     [static_analyzer.engine.lsp_client:858] LSP server: solution loaded (csharp-ls: Finished loading solution "/Users/svilen/Documents/Projects/ReposForTesting/abp/templates/maui/MyCompanyName.MyProjectName.slnx")
2026-09-07 11:49:27 INFO     [static_analyzer.engine.call_graph_builder:224] Sync probe: 3.9s (1 symbols)
2026-09-07 11:49:27 INFO     [static_analyzer.engine.progress:72] Phase 0 (open): 100% (14/14 files, 0.0s elapsed)
2026-09-07 11:49:27 INFO     [static_analyzer.engine.progress:72] Phase 0 (open): 100% (14/14 files, 0.1s elapsed)
2026-09-07 11:49:27 INFO     [static_analyzer.engine.call_graph_builder:215] did_open 14 files: 0.1s
2026-09-07 11:49:28 INFO     [static_analyzer.engine.progress:72] Phase 1 (symbols): 14% (2/14 files, 0.0s elapsed | symbols=9)
2026-09-07 11:49:28 INFO     [static_analyzer.engine.progress:72] Phase 1 (symbols): 100% (14/14 files, 0.1s elapsed | symbols=61)
2026-09-07 11:49:28 INFO     [static_analyzer.engine.call_graph_builder:199] Discovered 61 symbols across 14 files
2026-09-07 11:49:28 INFO     [static_analyzer.engine.call_graph_builder:61] Phase 1 total (discover symbols): 4.1s
2026-09-07 11:49:28 INFO     [static_analyzer.engine.call_graph_builder:65] Build indices: 0.0s
2026-09-07 11:49:28 INFO     [static_analyzer.engine.lsp_recycler:84] LSP recycler armed at a 12.0GB budget
2026-09-07 11:49:28 INFO     [static_analyzer.engine.edge_builder:673] Skipped 3 ambiguous base type name(s) for virtual dispatch
2026-09-07 11:49:28 INFO     [static_analyzer.engine.progress:72] Phase 2 (definitions): 14% (2/14 files, 0.1s elapsed | edges=2, resolved=1)
2026-09-07 11:49:28 INFO     [static_analyzer.engine.progress:72] Phase 2 (definitions): 100% (14/14 files, 0.2s elapsed | edges=22, resolved=22)
2026-09-07 11:49:28 INFO     [static_analyzer.engine.edge_builder:576] Phase 2b (implementations): 5 unique targets from 9 pending queries
2026-09-07 11:49:28 INFO     [static_analyzer.engine.progress:72] Phase 2b (impl): 100% (5/5 targets, 0.0s elapsed | edges=22, resolved=0)
2026-09-07 11:49:28 INFO     [static_analyzer.engine.progress:72] Phase 2b (impl): 100% (5/5 targets, 0.0s elapsed | edges=22, resolved=0)
2026-09-07 11:49:28 INFO     [static_analyzer.engine.edge_builder:334] Phase 2 summary: 53 call sites, 22 def resolved, 0 impl resolved, 0 iterated, 22 raw edges
2026-09-07 11:49:28 INFO     [static_analyzer.engine.call_graph_builder:73] Phase 2 total (build edges): 0.2s, 22 edges
2026-09-07 11:49:28 INFO     [static_analyzer.engine.hierarchy_builder:57] Hierarchy: 14 class symbols to process
2026-09-07 11:49:28 INFO     [static_analyzer.engine.hierarchy_builder:105] Hierarchy complete: 14 classes, 0 inheritance links in 0.2s
2026-09-07 11:49:28 INFO     [static_analyzer.engine.call_graph_builder:82] Phase 3 (hierarchy): 0.2s
2026-09-07 11:49:28 INFO     [static_analyzer.engine.call_graph_builder:87] Phase 4 (package deps): 0.0s
2026-09-07 11:49:28 INFO     [static_analyzer.engine.call_graph_builder:110] Pipeline complete: 14 files, 61 symbols, 22 edges, 14 hierarchy entries in 4.5s
2026-09-07 11:49:28 INFO     [static_analyzer:994] CallGraphBuilder.build() for CSharp: 4.5s
2026-09-07 11:49:28 INFO     [static_analyzer.engine.result_converter:106] Converted 32 nodes, 22 edges (0 skipped) for CSharp
2026-09-07 11:49:28 INFO     [static_analyzer.engine.result_converter:116] Reference edges for CSharp: 18 ({<EdgeKind.CONTAINS: 'contains'>: 18})
2026-09-07 11:49:28 INFO     [static_analyzer:1004] convert_to_codeboarding_format for CSharp: 0.0s
2026-09-07 11:49:28 INFO     [static_analyzer:727] Engine analysis for CSharp completed in 4.5s
2026-09-07 11:49:30 INFO     [static_analyzer:935] Diagnostics for CSharp: 14 files, 102 items (cache=0, live=14)
2026-09-07 11:49:30 INFO     [static_analyzer:724] Starting engine analysis for CSharp in /Users/svilen/Documents/Projects/ReposForTesting/abp/templates/module/aspnet-core
2026-09-07 11:49:30 INFO     [static_analyzer:984] Analyzing 100 CSharp files
2026-09-07 11:49:30 INFO     [static_analyzer.engine.call_graph_builder:220] Waiting for LSP server indexing (timeout=600s)...
2026-09-07 11:50:04 INFO     [static_analyzer.engine.lsp_client:858] LSP server: solution loaded (csharp-ls: Finished loading solution "/Users/svilen/Documents/Projects/ReposForTesting/abp/templates/module/aspnet-core/MyCompanyName.MyProjectName.slnx")
2026-09-07 11:50:08 INFO     [static_analyzer.engine.call_graph_builder:224] Sync probe: 38.3s (1 symbols)
2026-09-07 11:50:09 INFO     [static_analyzer.engine.progress:72] Phase 0 (open): 50% (50/100 files, 0.0s elapsed)
2026-09-07 11:50:09 INFO     [static_analyzer.engine.progress:72] Phase 0 (open): 100% (100/100 files, 0.2s elapsed)
2026-09-07 11:50:09 INFO     [static_analyzer.engine.call_graph_builder:215] did_open 100 files: 0.2s
2026-09-07 11:50:10 INFO     [static_analyzer.engine.progress:72] Phase 1 (symbols): 5% (5/100 files, 1.5s elapsed | symbols=23)
2026-09-07 11:50:13 INFO     [static_analyzer.engine.progress:72] Phase 1 (symbols): 100% (100/100 files, 4.0s elapsed | symbols=399)
2026-09-07 11:50:13 INFO     [static_analyzer.engine.call_graph_builder:199] Discovered 399 symbols across 100 files
2026-09-07 11:50:13 INFO     [static_analyzer.engine.call_graph_builder:61] Phase 1 total (discover symbols): 42.6s
2026-09-07 11:50:13 INFO     [static_analyzer.engine.call_graph_builder:65] Build indices: 0.0s
2026-09-07 11:50:13 INFO     [static_analyzer.engine.lsp_recycler:84] LSP recycler armed at a 12.0GB budget
2026-09-07 11:50:13 INFO     [static_analyzer.engine.edge_builder:673] Skipped 13 ambiguous base type name(s) for virtual dispatch
2026-09-07 11:50:18 INFO     [static_analyzer.engine.progress:72] Phase 2 (definitions): 5% (5/100 files, 4.6s elapsed | edges=3, resolved=5)
2026-09-07 11:50:23 INFO     [static_analyzer.engine.progress:72] Phase 2 (definitions): 51% (51/100 files, 10.0s elapsed | edges=45, resolved=100)
2026-09-07 11:50:25 INFO     [static_analyzer.engine.progress:72] Phase 2 (definitions): 100% (100/100 files, 11.4s elapsed | edges=67, resolved=139)
2026-09-07 11:50:25 INFO     [static_analyzer.engine.edge_builder:576] Phase 2b (implementations): 35 unique targets from 42 pending queries
2026-09-07 11:50:25 INFO     [static_analyzer.engine.progress:72] Phase 2b (impl): 100% (35/35 targets, 0.5s elapsed | edges=67, resolved=2)
2026-09-07 11:50:25 INFO     [static_analyzer.engine.progress:72] Phase 2b (impl): 100% (35/35 targets, 0.5s elapsed | edges=67, resolved=2)
2026-09-07 11:50:25 INFO     [static_analyzer.engine.edge_builder:334] Phase 2 summary: 10867 call sites, 139 def resolved, 2 impl resolved, 0 iterated, 67 raw edges
2026-09-07 11:50:25 INFO     [static_analyzer.engine.call_graph_builder:73] Phase 2 total (build edges): 12.7s, 67 edges
2026-09-07 11:50:25 INFO     [static_analyzer.engine.hierarchy_builder:57] Hierarchy: 100 class symbols to process
2026-09-07 11:50:27 INFO     [static_analyzer.engine.hierarchy_builder:105] Hierarchy complete: 100 classes, 8 inheritance links in 1.2s
2026-09-07 11:50:27 INFO     [static_analyzer.engine.call_graph_builder:82] Phase 3 (hierarchy): 1.2s
2026-09-07 11:50:27 INFO     [static_analyzer.engine.call_graph_builder:87] Phase 4 (package deps): 0.0s
2026-09-07 11:50:27 INFO     [static_analyzer.engine.call_graph_builder:110] Pipeline complete: 100 files, 399 symbols, 67 edges, 100 hierarchy entries in 56.5s
2026-09-07 11:50:27 INFO     [static_analyzer:994] CallGraphBuilder.build() for CSharp: 56.5s
2026-09-07 11:50:27 INFO     [static_analyzer.engine.result_converter:106] Converted 227 nodes, 67 edges (0 skipped) for CSharp
2026-09-07 11:50:27 INFO     [static_analyzer.engine.result_converter:116] Reference edges for CSharp: 135 ({<EdgeKind.CONTAINS: 'contains'>: 127, <EdgeKind.INHERITS: 'inherits'>: 8})
2026-09-07 11:50:27 INFO     [static_analyzer:1004] convert_to_codeboarding_format for CSharp: 0.0s
2026-09-07 11:50:27 INFO     [static_analyzer:727] Engine analysis for CSharp completed in 56.5s
2026-09-07 11:50:29 INFO     [static_analyzer:935] Diagnostics for CSharp: 100 files, 57 items (cache=0, live=100)
2026-09-07 11:50:29 INFO     [static_analyzer:724] Starting engine analysis for CSharp in /Users/svilen/Documents/Projects/ReposForTesting/abp/templates/wpf
2026-09-07 11:50:29 INFO     [static_analyzer:984] Analyzing 5 CSharp files
2026-09-07 11:50:29 INFO     [static_analyzer.engine.call_graph_builder:220] Waiting for LSP server indexing (timeout=600s)...
2026-09-07 11:50:32 INFO     [static_analyzer.engine.lsp_client:858] LSP server: solution loaded (csharp-ls: Finished loading solution "/Users/svilen/Documents/Projects/ReposForTesting/abp/templates/wpf/MyCompanyName.MyProjectName.slnx")
2026-09-07 11:50:33 INFO     [static_analyzer.engine.call_graph_builder:224] Sync probe: 4.0s (1 symbols)
2026-09-07 11:50:33 INFO     [static_analyzer.engine.progress:72] Phase 0 (open): 100% (5/5 files, 0.0s elapsed)
2026-09-07 11:50:33 INFO     [static_analyzer.engine.progress:72] Phase 0 (open): 100% (5/5 files, 0.1s elapsed)
2026-09-07 11:50:33 INFO     [static_analyzer.engine.call_graph_builder:215] did_open 5 files: 0.1s
2026-09-07 11:50:33 INFO     [static_analyzer.engine.progress:72] Phase 1 (symbols): 20% (1/5 files, 0.0s elapsed | symbols=9)
2026-09-07 11:50:33 INFO     [static_analyzer.engine.progress:72] Phase 1 (symbols): 100% (5/5 files, 0.0s elapsed | symbols=26)
2026-09-07 11:50:33 INFO     [static_analyzer.engine.call_graph_builder:199] Discovered 26 symbols across 5 files
2026-09-07 11:50:33 INFO     [static_analyzer.engine.call_graph_builder:61] Phase 1 total (discover symbols): 4.1s
2026-09-07 11:50:33 INFO     [static_analyzer.engine.call_graph_builder:65] Build indices: 0.0s
2026-09-07 11:50:33 INFO     [static_analyzer.engine.lsp_recycler:84] LSP recycler armed at a 12.0GB budget
2026-09-07 11:50:33 INFO     [static_analyzer.engine.progress:72] Phase 2 (definitions): 20% (1/5 files, 0.1s elapsed | edges=0, resolved=0)
2026-09-07 11:50:33 INFO     [static_analyzer.engine.progress:72] Phase 2 (definitions): 100% (5/5 files, 0.1s elapsed | edges=2, resolved=2)
2026-09-07 11:50:33 INFO     [static_analyzer.engine.edge_builder:576] Phase 2b (implementations): 1 unique targets from 1 pending queries
2026-09-07 11:50:33 INFO     [static_analyzer.engine.progress:72] Phase 2b (impl): 100% (1/1 targets, 0.0s elapsed | edges=2, resolved=0)
2026-09-07 11:50:33 INFO     [static_analyzer.engine.progress:72] Phase 2b (impl): 100% (1/1 targets, 0.0s elapsed | edges=2, resolved=0)
2026-09-07 11:50:33 INFO     [static_analyzer.engine.edge_builder:334] Phase 2 summary: 30 call sites, 2 def resolved, 0 impl resolved, 0 iterated, 2 raw edges
2026-09-07 11:50:33 INFO     [static_analyzer.engine.call_graph_builder:73] Phase 2 total (build edges): 0.1s, 2 edges
2026-09-07 11:50:33 INFO     [static_analyzer.engine.hierarchy_builder:57] Hierarchy: 4 class symbols to process
2026-09-07 11:50:33 INFO     [static_analyzer.engine.hierarchy_builder:105] Hierarchy complete: 4 classes, 0 inheritance links in 0.1s
2026-09-07 11:50:33 INFO     [static_analyzer.engine.call_graph_builder:82] Phase 3 (hierarchy): 0.1s
2026-09-07 11:50:33 INFO     [static_analyzer.engine.call_graph_builder:87] Phase 4 (package deps): 0.0s
2026-09-07 11:50:33 INFO     [static_analyzer.engine.call_graph_builder:110] Pipeline complete: 5 files, 26 symbols, 2 edges, 4 hierarchy entries in 4.4s
2026-09-07 11:50:33 INFO     [static_analyzer:994] CallGraphBuilder.build() for CSharp: 4.4s
2026-09-07 11:50:33 INFO     [static_analyzer.engine.result_converter:106] Converted 11 nodes, 2 edges (0 skipped) for CSharp
2026-09-07 11:50:33 INFO     [static_analyzer.engine.result_converter:116] Reference edges for CSharp: 7 ({<EdgeKind.CONTAINS: 'contains'>: 7})
2026-09-07 11:50:33 INFO     [static_analyzer:1004] convert_to_codeboarding_format for CSharp: 0.0s
2026-09-07 11:50:33 INFO     [static_analyzer:727] Engine analysis for CSharp completed in 4.4s
2026-09-07 11:50:35 INFO     [static_analyzer:935] Diagnostics for CSharp: 5 files, 95 items (cache=0, live=5)
2026-09-07 11:50:35 INFO     [static_analyzer:724] Starting engine analysis for CSharp in /Users/svilen/Documents/Projects/ReposForTesting/abp/tools/localization-key-synchronizer
2026-09-07 11:50:35 INFO     [static_analyzer:984] Analyzing 11 CSharp files
2026-09-07 11:50:35 INFO     [static_analyzer.engine.call_graph_builder:220] Waiting for LSP server indexing (timeout=600s)...
2026-09-07 11:50:37 INFO     [static_analyzer.engine.lsp_client:858] LSP server: solution loaded (csharp-ls: Finished loading solution "/Users/svilen/Documents/Projects/ReposForTesting/abp/tools/localization-key-synchronizer/LocalizationKeySynchronizer.slnx")
2026-09-07 11:50:38 INFO     [static_analyzer.engine.call_graph_builder:224] Sync probe: 2.8s (1 symbols)
2026-09-07 11:50:38 INFO     [static_analyzer.engine.progress:72] Phase 0 (open): 100% (11/11 files, 0.0s elapsed)
2026-09-07 11:50:38 INFO     [static_analyzer.engine.progress:72] Phase 0 (open): 100% (11/11 files, 0.1s elapsed)
2026-09-07 11:50:38 INFO     [static_analyzer.engine.call_graph_builder:215] did_open 11 files: 0.1s
2026-09-07 11:50:38 INFO     [static_analyzer.engine.progress:72] Phase 1 (symbols): 18% (2/11 files, 0.1s elapsed | symbols=14)
2026-09-07 11:50:38 INFO     [static_analyzer.engine.progress:72] Phase 1 (symbols): 100% (11/11 files, 0.1s elapsed | symbols=102)
2026-09-07 11:50:38 INFO     [static_analyzer.engine.call_graph_builder:199] Discovered 102 symbols across 11 files
2026-09-07 11:50:38 INFO     [static_analyzer.engine.call_graph_builder:61] Phase 1 total (discover symbols): 3.0s
2026-09-07 11:50:38 INFO     [static_analyzer.engine.call_graph_builder:65] Build indices: 0.0s
2026-09-07 11:50:38 INFO     [static_analyzer.engine.lsp_recycler:84] LSP recycler armed at a 12.0GB budget
2026-09-07 11:50:38 INFO     [static_analyzer.engine.edge_builder:673] Skipped 1 ambiguous base type name(s) for virtual dispatch
2026-09-07 11:50:38 INFO     [static_analyzer.engine.progress:72] Phase 2 (definitions): 18% (2/11 files, 0.1s elapsed | edges=0, resolved=5)
2026-09-07 11:50:38 INFO     [static_analyzer.engine.progress:72] Phase 2 (definitions): 100% (11/11 files, 0.3s elapsed | edges=47, resolved=106)
2026-09-07 11:50:38 INFO     [static_analyzer.engine.edge_builder:576] Phase 2b (implementations): 21 unique targets from 33 pending queries
2026-09-07 11:50:38 INFO     [static_analyzer.engine.progress:72] Phase 2b (impl): 100% (21/21 targets, 0.0s elapsed | edges=47, resolved=0)
2026-09-07 11:50:38 INFO     [static_analyzer.engine.progress:72] Phase 2b (impl): 100% (21/21 targets, 0.0s elapsed | edges=47, resolved=0)
2026-09-07 11:50:38 INFO     [static_analyzer.engine.edge_builder:334] Phase 2 summary: 293 call sites, 106 def resolved, 0 impl resolved, 0 iterated, 47 raw edges
2026-09-07 11:50:38 INFO     [static_analyzer.engine.call_graph_builder:73] Phase 2 total (build edges): 0.3s, 47 edges
2026-09-07 11:50:38 INFO     [static_analyzer.engine.hierarchy_builder:57] Hierarchy: 16 class symbols to process
2026-09-07 11:50:39 INFO     [static_analyzer.engine.hierarchy_builder:105] Hierarchy complete: 16 classes, 2 inheritance links in 0.2s
2026-09-07 11:50:39 INFO     [static_analyzer.engine.call_graph_builder:82] Phase 3 (hierarchy): 0.2s
2026-09-07 11:50:39 INFO     [static_analyzer.engine.call_graph_builder:87] Phase 4 (package deps): 0.0s
2026-09-07 11:50:39 INFO     [static_analyzer.engine.call_graph_builder:110] Pipeline complete: 11 files, 102 symbols, 47 edges, 16 hierarchy entries in 3.5s
2026-09-07 11:50:39 INFO     [static_analyzer:994] CallGraphBuilder.build() for CSharp: 3.5s
2026-09-07 11:50:39 INFO     [static_analyzer.engine.result_converter:106] Converted 39 nodes, 47 edges (0 skipped) for CSharp
2026-09-07 11:50:39 INFO     [static_analyzer.engine.result_converter:116] Reference edges for CSharp: 24 ({<EdgeKind.CONTAINS: 'contains'>: 22, <EdgeKind.INHERITS: 'inherits'>: 2})
2026-09-07 11:50:39 INFO     [static_analyzer:1004] convert_to_codeboarding_format for CSharp: 0.0s
2026-09-07 11:50:39 INFO     [static_analyzer:727] Engine analysis for CSharp completed in 3.5s
2026-09-07 11:50:41 INFO     [static_analyzer:935] Diagnostics for CSharp: 11 files, 20 items (cache=0, live=11)
2026-09-07 11:50:41 INFO     [static_analyzer:724] Starting engine analysis for Go in /Users/svilen/Documents/Projects/ReposForTesting/abp
2026-09-07 11:50:41 INFO     [static_analyzer:984] Analyzing 8 Go files
2026-09-07 11:50:41 INFO     [static_analyzer.engine.call_graph_builder:220] Waiting for LSP server indexing (timeout=76s)...
2026-09-07 11:50:41 INFO     [static_analyzer.engine.call_graph_builder:224] Sync probe: 0.0s (4 symbols)
2026-09-07 11:50:41 INFO     [static_analyzer.engine.progress:72] Phase 1 (symbols): 12% (1/8 files, 0.5s elapsed | symbols=20)
2026-09-07 11:50:41 INFO     [static_analyzer.engine.progress:72] Phase 1 (symbols): 100% (8/8 files, 0.5s elapsed | symbols=86)
2026-09-07 11:50:41 INFO     [static_analyzer.engine.call_graph_builder:199] Discovered 86 symbols across 8 files
2026-09-07 11:50:41 INFO     [static_analyzer.engine.call_graph_builder:240] Phase 1.5 (warmup): triggering LSP index build with a single references request...
2026-09-07 11:50:41 WARNING  [static_analyzer.engine.lsp_client:634] LSP error for request 11 (textDocument/references): {'code': 0, 'message': 'no identifier found'}
2026-09-07 11:50:41 INFO     [static_analyzer.engine.call_graph_builder:246] Phase 1.5 (warmup): completed in 0.0s
2026-09-07 11:50:41 INFO     [static_analyzer.engine.call_graph_builder:61] Phase 1 total (discover symbols): 0.5s
2026-09-07 11:50:41 INFO     [static_analyzer.engine.call_graph_builder:65] Build indices: 0.0s
2026-09-07 11:50:41 INFO     [static_analyzer.engine.edge_builder:209] Phase 2 (edges): 36 trackable symbols at 36 unique positions (0% dedup)
2026-09-07 11:50:41 INFO     [static_analyzer.engine.progress:72] Phase 2 (edges): 27% (10/36 poss, 0.0s elapsed | edges=8, files=8)
2026-09-07 11:50:41 INFO     [static_analyzer.engine.progress:72] Phase 2 (edges): 100% (36/36 poss, 0.1s elapsed | edges=24, files=8)
2026-09-07 11:50:41 INFO     [static_analyzer.engine.edge_builder:167] Phase 2 (edges): 38/72 references were call sites (47% filtered out)
2026-09-07 11:50:41 INFO     [static_analyzer.engine.call_graph_builder:73] Phase 2 total (build edges): 0.1s, 24 edges
2026-09-07 11:50:41 INFO     [static_analyzer.engine.hierarchy_builder:57] Hierarchy: 5 class symbols to process
2026-09-07 11:50:41 INFO     [static_analyzer.engine.hierarchy_builder:105] Hierarchy complete: 5 classes, 0 inheritance links in 0.0s
2026-09-07 11:50:41 INFO     [static_analyzer.engine.call_graph_builder:82] Phase 3 (hierarchy): 0.0s
2026-09-07 11:50:41 INFO     [static_analyzer.engine.call_graph_builder:87] Phase 4 (package deps): 0.0s
2026-09-07 11:50:41 INFO     [static_analyzer.engine.call_graph_builder:110] Pipeline complete: 8 files, 86 symbols, 24 edges, 5 hierarchy entries in 0.7s
2026-09-07 11:50:41 INFO     [static_analyzer:994] CallGraphBuilder.build() for Go: 0.7s
2026-09-07 11:50:41 INFO     [static_analyzer.engine.result_converter:106] Converted 34 nodes, 24 edges (0 skipped) for Go
2026-09-07 11:50:41 INFO     [static_analyzer.engine.result_converter:116] Reference edges for Go: 0 ({})
2026-09-07 11:50:41 INFO     [static_analyzer:1004] convert_to_codeboarding_format for Go: 0.0s
2026-09-07 11:50:41 INFO     [static_analyzer:727] Engine analysis for Go completed in 0.7s
2026-09-07 11:50:41 INFO     [static_analyzer:935] Diagnostics for Go: 1 files, 0 items (cache=0, live=1)
2026-09-07 11:50:41 INFO     [static_analyzer:724] Starting engine analysis for TypeScript in /Users/svilen/Documents/Projects/ReposForTesting/abp
2026-09-07 11:50:41 INFO     [static_analyzer:984] Analyzing 324 TypeScript files
2026-09-07 11:50:41 INFO     [static_analyzer.engine.progress:72] Phase 0 (open): 15% (50/324 files, 0.0s elapsed)
2026-09-07 11:50:42 INFO     [static_analyzer.engine.progress:72] Phase 0 (open): 100% (324/324 files, 0.8s elapsed)
2026-09-07 11:50:42 INFO     [static_analyzer.engine.call_graph_builder:215] did_open 324 files: 0.8s
2026-09-07 11:50:42 INFO     [static_analyzer.engine.call_graph_builder:220] Waiting for LSP server indexing (timeout=708s)...
2026-09-07 11:50:43 INFO     [static_analyzer.engine.call_graph_builder:224] Sync probe: 1.2s (3 symbols)
2026-09-07 11:50:43 INFO     [static_analyzer.engine.progress:72] Phase 1 (symbols): 1% (4/324 files, 0.0s elapsed | symbols=14)
2026-09-07 11:50:45 INFO     [static_analyzer.engine.progress:72] Phase 1 (symbols): 100% (324/324 files, 1.3s elapsed | symbols=16938)
2026-09-07 11:50:45 INFO     [static_analyzer.engine.call_graph_builder:199] Discovered 16938 symbols across 324 files
2026-09-07 11:50:45 INFO     [static_analyzer.engine.call_graph_builder:61] Phase 1 total (discover symbols): 3.3s
2026-09-07 11:50:45 INFO     [static_analyzer.engine.call_graph_builder:65] Build indices: 0.0s
2026-09-07 11:50:45 INFO     [static_analyzer.engine.edge_builder:209] Phase 2 (edges): 4702 trackable symbols at 2086 unique positions (56% dedup)
2026-09-07 11:51:45 INFO     [static_analyzer.engine.progress:72] Phase 2 (edges): 2% (50/2086 poss, 60.0s elapsed | edges=788, files=301)
2026-09-07 11:51:49 INFO     [static_analyzer.engine.progress:72] Phase 2 (edges): 100% (2086/2086 poss, 64.3s elapsed | edges=12453, files=301)
2026-09-07 11:51:49 INFO     [static_analyzer.engine.edge_builder:167] Phase 2 (edges): 31726/46416 references were call sites (32% filtered out)
2026-09-07 11:51:49 INFO     [static_analyzer.engine.call_graph_builder:303] Removed 15 alias self-edges (same definition location)
2026-09-07 11:51:49 INFO     [static_analyzer.engine.call_graph_builder:73] Phase 2 total (build edges): 64.4s, 11859 edges
2026-09-07 11:51:49 INFO     [static_analyzer.engine.hierarchy_builder:57] Hierarchy: 98 class symbols to process
2026-09-07 11:51:49 INFO     [static_analyzer.engine.hierarchy_builder:95] Type hierarchy not supported by server, skipping remaining classes
2026-09-07 11:51:49 INFO     [static_analyzer.engine.hierarchy_builder:101] Type hierarchy not supported, inferring from source code
2026-09-07 11:51:49 INFO     [static_analyzer.engine.hierarchy_builder:105] Hierarchy complete: 98 classes, 0 inheritance links in 0.0s
2026-09-07 11:51:49 INFO     [static_analyzer.engine.call_graph_builder:82] Phase 3 (hierarchy): 0.0s
2026-09-07 11:51:50 INFO     [static_analyzer.engine.call_graph_builder:87] Phase 4 (package deps): 0.8s
2026-09-07 11:51:50 INFO     [static_analyzer.engine.call_graph_builder:110] Pipeline complete: 324 files, 16938 symbols, 11859 edges, 98 hierarchy entries in 68.5s
2026-09-07 11:51:50 INFO     [static_analyzer:994] CallGraphBuilder.build() for TypeScript: 68.5s
2026-09-07 11:51:50 INFO     [static_analyzer.engine.result_converter:106] Converted 1903 nodes, 11859 edges (0 skipped) for TypeScript
2026-09-07 11:51:50 INFO     [static_analyzer.engine.result_converter:116] Reference edges for TypeScript: 249 ({<EdgeKind.CONTAINS: 'contains'>: 249})
2026-09-07 11:51:50 INFO     [static_analyzer:1004] convert_to_codeboarding_format for TypeScript: 0.1s
2026-09-07 11:51:50 INFO     [static_analyzer:727] Engine analysis for TypeScript completed in 68.7s
2026-09-07 11:51:50 INFO     [static_analyzer:935] Diagnostics for TypeScript: 324 files, 596 items (cache=0, live=324)
2026-09-07 11:51:50 INFO     [static_analyzer:804] Static analysis complete: csharp: 6284 files, 38073 references, 24146 nodes, 33335 edges; go: 8 files, 61 references, 34 nodes, 24 edges; typescript: 324 files, 3256 references, 1903 nodes, 11859 edges
2026-09-07 11:52:05 INFO     [health.checks.unused_code_diagnostics:178] Processed 2234 diagnostics: 1129 recognized as unused code issues, 1105 skipped
2026-09-07 11:52:05 INFO     [health.checks.unused_code_diagnostics:181] Issues by category: {'unused_import': 1098, 'unused_variable': 7, 'unreachable_code': 24}
2026-09-07 11:52:05 INFO     [health.checks.unused_code_diagnostics:178] Processed 0 diagnostics: 0 recognized as unused code issues, 0 skipped
2026-09-07 11:52:05 INFO     [health.checks.unused_code_diagnostics:181] Issues by category: {}
2026-09-07 11:52:05 INFO     [health.checks.unused_code_diagnostics:178] Processed 596 diagnostics: 152 recognized as unused code issues, 444 skipped
2026-09-07 11:52:05 INFO     [health.checks.unused_code_diagnostics:181] Issues by category: {'unused_variable': 152}
2026-09-07 11:52:05 INFO     [diagram_analysis.diagram_generator:1125] Health report written to /Users/svilen/Documents/Projects/ReposForTesting/abp/.codeboarding/health/health_report.json (score: 0.929)
2026-09-07 11:52:05 INFO     [diagram_analysis.diagram_generator:1378] Generating initial analysis
2026-09-07 11:52:12 INFO     [diagram_analysis.scope_assembly:92] Component symbol coverage: 25749/25749 assigned
2026-09-07 11:52:12 INFO     [diagram_analysis.scope_assembly:319] Merged relations: 23 total (23 static-backed, 0 semantic-only)
2026-09-07 11:52:12 INFO     [agents.llm_config:353] Using Openai LLM with model: Kimi-K2.6
2026-09-07 11:52:23 INFO     [httpx:1025] HTTP Request: POST https://codeboarding-llm-api.openai.azure.com/openai/v1/chat/completions "HTTP/1.1 400 Bad Request"
2026-09-07 11:52:23 ERROR    [diagram_analysis.diagram_generator:801] Semantic analysis failed for scope root; retaining deterministic output
Traceback (most recent call last):
  File "/Users/svilen/Documents/Projects/CodeBoarding-Workspace/wt-core-main/diagram_analysis/diagram_generator.py", line 789, in _apply_scope_semantics
    semantics = self._scope_agent().analyze(
                ^^^^^^^^^^^^^^^^^^^^^^^^^^^^
  File "/Users/svilen/Documents/Projects/CodeBoarding-Workspace/wt-core-main/agents/scope_analysis_agent.py", line 150, in analyze
    response = agent.invoke(
               ^^^^^^^^^^^^^
  File "/Users/svilen/Documents/Projects/CodeBoarding-Workspace/wt-core-main/.venv/lib/python3.12/site-packages/langgraph/pregel/main.py", line 3071, in invoke
    for chunk in self.stream(
                 ^^^^^^^^^^^^
  File "/Users/svilen/Documents/Projects/CodeBoarding-Workspace/wt-core-main/.venv/lib/python3.12/site-packages/langgraph/pregel/main.py", line 2646, in stream
    for _ in runner.tick(
             ^^^^^^^^^^^^
  File "/Users/svilen/Documents/Projects/CodeBoarding-Workspace/wt-core-main/.venv/lib/python3.12/site-packages/langgraph/pregel/_runner.py", line 167, in tick
    run_with_retry(
  File "/Users/svilen/Documents/Projects/CodeBoarding-Workspace/wt-core-main/.venv/lib/python3.12/site-packages/langgraph/pregel/_retry.py", line 42, in run_with_retry
    return task.proc.invoke(task.input, config)
           ^^^^^^^^^^^^^^^^^^^^^^^^^^^^^^^^^^^^
  File "/Users/svilen/Documents/Projects/CodeBoarding-Workspace/wt-core-main/.venv/lib/python3.12/site-packages/langgraph/_internal/_runnable.py", line 656, in invoke
    input = context.run(step.invoke, input, config, **kwargs)
            ^^^^^^^^^^^^^^^^^^^^^^^^^^^^^^^^^^^^^^^^^^^^^^^^^
  File "/Users/svilen/Documents/Projects/CodeBoarding-Workspace/wt-core-main/.venv/lib/python3.12/site-packages/langgraph/_internal/_runnable.py", line 400, in invoke
    ret = self.func(*args, **kwargs)
          ^^^^^^^^^^^^^^^^^^^^^^^^^^
  File "/Users/svilen/Documents/Projects/CodeBoarding-Workspace/wt-core-main/.venv/lib/python3.12/site-packages/langchain/agents/factory.py", line 1131, in model_node
    response = _execute_model_sync(request)
               ^^^^^^^^^^^^^^^^^^^^^^^^^^^^
  File "/Users/svilen/Documents/Projects/CodeBoarding-Workspace/wt-core-main/.venv/lib/python3.12/site-packages/langchain/agents/factory.py", line 1102, in _execute_model_sync
    output = model_.invoke(messages)
             ^^^^^^^^^^^^^^^^^^^^^^^
  File "/Users/svilen/Documents/Projects/CodeBoarding-Workspace/wt-core-main/.venv/lib/python3.12/site-packages/langchain_core/runnables/base.py", line 5557, in invoke
    return self.bound.invoke(
           ^^^^^^^^^^^^^^^^^^
  File "/Users/svilen/Documents/Projects/CodeBoarding-Workspace/wt-core-main/.venv/lib/python3.12/site-packages/langchain_core/language_models/chat_models.py", line 398, in invoke
    self.generate_prompt(
  File "/Users/svilen/Documents/Projects/CodeBoarding-Workspace/wt-core-main/.venv/lib/python3.12/site-packages/langchain_core/language_models/chat_models.py", line 1117, in generate_prompt
    return self.generate(prompt_messages, stop=stop, callbacks=callbacks, **kwargs)
           ^^^^^^^^^^^^^^^^^^^^^^^^^^^^^^^^^^^^^^^^^^^^^^^^^^^^^^^^^^^^^^^^^^^^^^^^
  File "/Users/svilen/Documents/Projects/CodeBoarding-Workspace/wt-core-main/.venv/lib/python3.12/site-packages/langchain_core/language_models/chat_models.py", line 927, in generate
    self._generate_with_cache(
  File "/Users/svilen/Documents/Projects/CodeBoarding-Workspace/wt-core-main/.venv/lib/python3.12/site-packages/langchain_core/language_models/chat_models.py", line 1221, in _generate_with_cache
    result = self._generate(
             ^^^^^^^^^^^^^^^
  File "/Users/svilen/Documents/Projects/CodeBoarding-Workspace/wt-core-main/.venv/lib/python3.12/site-packages/langchain_openai/chat_models/base.py", line 1380, in _generate
    raise e
  File "/Users/svilen/Documents/Projects/CodeBoarding-Workspace/wt-core-main/.venv/lib/python3.12/site-packages/langchain_openai/chat_models/base.py", line 1375, in _generate
    raw_response = self.client.with_raw_response.create(**payload)
                   ^^^^^^^^^^^^^^^^^^^^^^^^^^^^^^^^^^^^^^^^^^^^^^^
  File "/Users/svilen/Documents/Projects/CodeBoarding-Workspace/wt-core-main/.venv/lib/python3.12/site-packages/openai/_legacy_response.py", line 364, in wrapped
    return cast(LegacyAPIResponse[R], func(*args, **kwargs))
                                      ^^^^^^^^^^^^^^^^^^^^^
  File "/Users/svilen/Documents/Projects/CodeBoarding-Workspace/wt-core-main/.venv/lib/python3.12/site-packages/openai/_utils/_utils.py", line 286, in wrapper
    return func(*args, **kwargs)
           ^^^^^^^^^^^^^^^^^^^^^
  File "/Users/svilen/Documents/Projects/CodeBoarding-Workspace/wt-core-main/.venv/lib/python3.12/site-packages/openai/resources/chat/completions/completions.py", line 1147, in create
    return self._post(
           ^^^^^^^^^^^
  File "/Users/svilen/Documents/Projects/CodeBoarding-Workspace/wt-core-main/.venv/lib/python3.12/site-packages/openai/_base_client.py", line 1259, in post
    return cast(ResponseT, self.request(cast_to, opts, stream=stream, stream_cls=stream_cls))
                           ^^^^^^^^^^^^^^^^^^^^^^^^^^^^^^^^^^^^^^^^^^^^^^^^^^^^^^^^^^^^^^^^^
  File "/Users/svilen/Documents/Projects/CodeBoarding-Workspace/wt-core-main/.venv/lib/python3.12/site-packages/openai/_base_client.py", line 1047, in request
    raise self._make_status_error_from_response(err.response) from None
openai.BadRequestError: {"error":{"code":"Bad Request","message":"{\"object\":\"error\",\"message\":\"The input (471947 tokens) is longer than the model's context length (262144 tokens).\",\"type\":\"BadRequestError\",\"param\":null,\"code\":400}","status":400}}
Please check this guide to understand why this error code might have been returned 
https://docs.microsoft.com/en-us/azure/machine-learning/how-to-troubleshoot-online-endpoints#http-status-codes
During task with name 'model' and id '26f7e787-3bc6-3a9e-8b60-4b312b30c629'
2026-09-07 11:52:23 INFO     [diagram_analysis.diagram_generator:1392] Found 9 components to analyze at level 1
2026-09-07 11:52:23 INFO     [diagram_analysis.diagram_generator:1301] Subcomponent generation started with 8 workers. Initial tasks: 9
2026-09-07 11:52:24 INFO     [diagram_analysis.scope_assembly:92] Component symbol coverage: 61/61 assigned
2026-09-07 11:52:24 INFO     [diagram_analysis.scope_assembly:319] Merged relations: 0 total (0 static-backed, 0 semantic-only)
2026-09-07 11:52:24 INFO     [diagram_analysis.scope_assembly:92] Component symbol coverage: 66/66 assigned
2026-09-07 11:52:24 INFO     [diagram_analysis.scope_assembly:319] Merged relations: 3 total (3 static-backed, 0 semantic-only)
2026-09-07 11:52:24 INFO     [diagram_analysis.scope_assembly:92] Component symbol coverage: 93/93 assigned
2026-09-07 11:52:24 INFO     [diagram_analysis.scope_assembly:319] Merged relations: 1 total (1 static-backed, 0 semantic-only)
2026-09-07 11:52:24 INFO     [diagram_analysis.scope_assembly:92] Component symbol coverage: 140/140 assigned
2026-09-07 11:52:24 INFO     [diagram_analysis.scope_assembly:319] Merged relations: 0 total (0 static-backed, 0 semantic-only)
2026-09-07 11:52:30 INFO     [diagram_analysis.scope_assembly:92] Component symbol coverage: 3443/3443 assigned
2026-09-07 11:52:30 INFO     [diagram_analysis.scope_assembly:319] Merged relations: 6 total (6 static-backed, 0 semantic-only)
2026-09-07 11:52:31 INFO     [httpx:1025] HTTP Request: POST https://codeboarding-llm-api.openai.azure.com/openai/v1/chat/completions "HTTP/1.1 200 OK"
2026-09-07 11:52:31 INFO     [monitoring:62] Token Usage: step=startup model=Kimi-K2.6 usage={"input_tokens": 2736, "output_tokens": 817, "total_tokens": 3553}
2026-09-07 11:52:31 INFO     [agents.tools.read_file:34] [ReadFile Tool] Reading file modules/openiddict/app/angular/src/main.ts around line 1
2026-09-07 11:52:31 INFO     [agents.tools.read_file:34] [ReadFile Tool] Reading file modules/openiddict/app/angular/src/app/app.module.ts around line 1
2026-09-07 11:52:31 INFO     [agents.tools.read_file:34] [ReadFile Tool] Reading file modules/openiddict/app/angular/src/app/app-routing.module.ts around line 1
2026-09-07 11:52:31 INFO     [agents.tools.read_file:72] [ReadFile Tool] Successfully read 43 lines from modules/openiddict/app/angular/src/app/app.module.ts 
2026-09-07 11:52:31 INFO     [agents.tools.read_file:72] [ReadFile Tool] Successfully read 13 lines from modules/openiddict/app/angular/src/main.ts 
2026-09-07 11:52:31 INFO     [agents.tools.read_file:72] [ReadFile Tool] Successfully read 34 lines from modules/openiddict/app/angular/src/app/app-routing.module.ts 
2026-09-07 11:52:32 INFO     [diagram_analysis.scope_assembly:92] Component symbol coverage: 4544/4544 assigned
2026-09-07 11:52:32 INFO     [diagram_analysis.scope_assembly:319] Merged relations: 117 total (117 static-backed, 0 semantic-only)
2026-09-07 11:52:32 INFO     [httpx:1025] HTTP Request: POST https://codeboarding-llm-api.openai.azure.com/openai/v1/chat/completions "HTTP/1.1 200 OK"
2026-09-07 11:52:32 INFO     [monitoring:62] Token Usage: step=startup model=Kimi-K2.6 usage={"input_tokens": 4014, "output_tokens": 68, "total_tokens": 4082}
2026-09-07 11:52:32 INFO     [agents.tools.read_file:34] [ReadFile Tool] Reading file modules/openiddict/app/angular/src/app/route.provider.ts around line 1
2026-09-07 11:52:32 INFO     [agents.tools.read_file:34] [ReadFile Tool] Reading file modules/openiddict/app/angular/src/app/home/home.module.ts around line 1
2026-09-07 11:52:32 INFO     [agents.tools.read_file:72] [ReadFile Tool] Successfully read 20 lines from modules/openiddict/app/angular/src/app/route.provider.ts 
2026-09-07 11:52:32 INFO     [agents.tools.read_file:72] [ReadFile Tool] Successfully read 10 lines from modules/openiddict/app/angular/src/app/home/home.module.ts 
2026-09-07 11:52:35 INFO     [diagram_analysis.scope_assembly:92] Component symbol coverage: 6057/6057 assigned
2026-09-07 11:52:35 INFO     [diagram_analysis.scope_assembly:319] Merged relations: 120 total (120 static-backed, 0 semantic-only)
2026-09-07 11:52:42 INFO     [diagram_analysis.scope_assembly:92] Component symbol coverage: 11314/11314 assigned
2026-09-07 11:52:42 INFO     [diagram_analysis.scope_assembly:319] Merged relations: 13 total (13 static-backed, 0 semantic-only)
2026-09-07 11:52:44 INFO     [httpx:1025] HTTP Request: POST https://codeboarding-llm-api.openai.azure.com/openai/v1/chat/completions "HTTP/1.1 200 OK"
2026-09-07 11:52:44 INFO     [monitoring:62] Token Usage: step=startup model=Kimi-K2.6 usage={"input_tokens": 4482, "output_tokens": 1548, "total_tokens": 6030}
2026-09-07 11:52:46 WARNING  [diagram_analysis.scope_assembly:200] Dropping unsupported semantic relation 8.6 -> 8.3
2026-09-07 11:52:47 WARNING  [diagram_analysis.scope_assembly:200] Dropping unsupported semantic relation 8.3 -> 8.1
2026-09-07 11:52:47 WARNING  [diagram_analysis.scope_assembly:200] Dropping unsupported semantic relation 8.1 -> 8.2
2026-09-07 11:52:47 WARNING  [diagram_analysis.scope_assembly:200] Dropping unsupported semantic relation 8.2 -> 8.1
2026-09-07 11:52:47 INFO     [diagram_analysis.scope_assembly:319] Merged relations: 0 total (0 static-backed, 0 semantic-only)
2026-09-07 11:52:49 INFO     [diagram_analysis.scope_assembly:92] Component symbol coverage: 31/31 assigned
2026-09-07 11:52:49 INFO     [diagram_analysis.scope_assembly:319] Merged relations: 1 total (1 static-backed, 0 semantic-only)
2026-09-07 11:52:49 INFO     [httpx:1025] HTTP Request: POST https://codeboarding-llm-api.openai.azure.com/openai/v1/chat/completions "HTTP/1.1 200 OK"
2026-09-07 11:52:49 INFO     [monitoring:62] Token Usage: step=startup model=Kimi-K2.6 usage={"input_tokens": 4725, "output_tokens": 2706, "total_tokens": 7431}
2026-09-07 11:52:49 INFO     [agents.tools.read_file:34] [ReadFile Tool] Reading file abp_io/AbpIoLocalization/AbpIoLocalization/AbpIoLocalizationModule.cs around line 1
2026-09-07 11:52:49 INFO     [agents.tools.read_file:72] [ReadFile Tool] Successfully read 73 lines from abp_io/AbpIoLocalization/AbpIoLocalization/AbpIoLocalizationModule.cs 
2026-09-07 11:52:53 INFO     [diagram_analysis.diagram_generator:1353] Progress: 1 completed, 8 in flight, 0 errors
2026-09-07 11:53:06 INFO     [httpx:1025] HTTP Request: POST https://codeboarding-llm-api.openai.azure.com/openai/v1/chat/completions "HTTP/1.1 200 OK"
2026-09-07 11:53:06 INFO     [monitoring:62] Token Usage: step=startup model=Kimi-K2.6 usage={"input_tokens": 2730, "output_tokens": 1944, "total_tokens": 4674}
2026-09-07 11:53:06 INFO     [agents.tools.read_file:34] [ReadFile Tool] Reading file tools/github-changelog-generator/src/GithubChangelogGenerator/cmd/root.go around line 1
2026-09-07 11:53:06 INFO     [agents.tools.read_file:34] [ReadFile Tool] Reading file tools/github-changelog-generator/src/GithubChangelogGenerator/main.go around line 1
2026-09-07 11:53:06 INFO     [agents.tools.read_file:34] [ReadFile Tool] Reading file tools/github-changelog-generator/src/GithubChangelogGenerator/pkg/repo.go around line 1
2026-09-07 11:53:06 INFO     [agents.tools.read_file:34] [ReadFile Tool] Reading file tools/github-changelog-generator/src/GithubChangelogGenerator/internal/config.go around line 1
2026-09-07 11:53:06 INFO     [agents.tools.read_file:72] [ReadFile Tool] Successfully read 50 lines from tools/github-changelog-generator/src/GithubChangelogGenerator/cmd/root.go 
2026-09-07 11:53:06 INFO     [agents.tools.read_file:72] [ReadFile Tool] Successfully read 7 lines from tools/github-changelog-generator/src/GithubChangelogGenerator/main.go 
2026-09-07 11:53:06 INFO     [agents.tools.read_file:34] [ReadFile Tool] Reading file tools/github-changelog-generator/src/GithubChangelogGenerator/internal/issues.go around line 1
2026-09-07 11:53:06 INFO     [agents.tools.read_file:72] [ReadFile Tool] Successfully read 28 lines from tools/github-changelog-generator/src/GithubChangelogGenerator/internal/config.go 
2026-09-07 11:53:06 INFO     [agents.tools.read_file:72] [ReadFile Tool] Successfully read 300 lines from tools/github-changelog-generator/src/GithubChangelogGenerator/pkg/repo.go 
2026-09-07 11:53:06 INFO     [agents.tools.read_file:72] [ReadFile Tool] Successfully read 70 lines from tools/github-changelog-generator/src/GithubChangelogGenerator/internal/issues.go 
2026-09-07 11:53:16 INFO     [httpx:1025] HTTP Request: POST https://codeboarding-llm-api.openai.azure.com/openai/v1/chat/completions "HTTP/1.1 200 OK"
2026-09-07 11:53:16 INFO     [monitoring:62] Token Usage: step=startup model=Kimi-K2.6 usage={"input_tokens": 7767, "output_tokens": 75, "total_tokens": 7842}
2026-09-07 11:53:16 INFO     [agents.tools.read_file:34] [ReadFile Tool] Reading file tools/github-changelog-generator/src/GithubChangelogGenerator/cmd/generate.go around line 1
2026-09-07 11:53:16 INFO     [agents.tools.read_file:72] [ReadFile Tool] Successfully read 162 lines from tools/github-changelog-generator/src/GithubChangelogGenerator/cmd/generate.go 
2026-09-07 11:53:23 INFO     [httpx:1025] HTTP Request: POST https://codeboarding-llm-api.openai.azure.com/openai/v1/chat/completions "HTTP/1.1 200 OK"
2026-09-07 11:53:23 INFO     [monitoring:62] Token Usage: step=startup model=Kimi-K2.6 usage={"input_tokens": 6049, "output_tokens": 4488, "total_tokens": 10537}
2026-09-07 11:53:23 INFO     [agents.tools.read_file:34] [ReadFile Tool] Reading file modules/users/src/Volo.Abp.Users.EntityFrameworkCore/Volo/Abp/Users/EntityFrameworkCore/EfCoreAbpUserRepositoryBase.cs around line 1
2026-09-07 11:53:23 INFO     [agents.tools.read_file:72] [ReadFile Tool] Successfully read 71 lines from modules/users/src/Volo.Abp.Users.EntityFrameworkCore/Volo/Abp/Users/EntityFrameworkCore/EfCoreAbpUserRepositoryBase.cs 
2026-09-07 11:53:32 INFO     [httpx:1025] HTTP Request: POST https://codeboarding-llm-api.openai.azure.com/openai/v1/chat/completions "HTTP/1.1 200 OK"
2026-09-07 11:53:32 INFO     [monitoring:62] Token Usage: step=startup model=Kimi-K2.6 usage={"input_tokens": 7021, "output_tokens": 1128, "total_tokens": 8149}
2026-09-07 11:53:32 INFO     [agents.tools.read_file:34] [ReadFile Tool] Reading file modules/users/src/Volo.Abp.Users.MongoDB/Volo/Abp/Users/MongoDB/MongoUserRepositoryBase.cs around line 1
2026-09-07 11:53:32 INFO     [agents.tools.read_file:72] [ReadFile Tool] Successfully read 76 lines from modules/users/src/Volo.Abp.Users.MongoDB/Volo/Abp/Users/MongoDB/MongoUserRepositoryBase.cs 
2026-09-07 11:53:36 INFO     [httpx:1025] HTTP Request: POST https://codeboarding-llm-api.openai.azure.com/openai/v1/chat/completions "HTTP/1.1 200 OK"
2026-09-07 11:53:36 INFO     [monitoring:62] Token Usage: step=startup model=Kimi-K2.6 usage={"input_tokens": 4453, "output_tokens": 7317, "total_tokens": 11770}
2026-09-07 11:53:38 INFO     [diagram_analysis.scope_assembly:319] Merged relations: 1 total (1 static-backed, 0 semantic-only)
2026-09-07 11:53:41 INFO     [diagram_analysis.diagram_generator:1351] Expanded '6' with 1 new children.
2026-09-07 11:53:41 INFO     [diagram_analysis.diagram_generator:1353] Progress: 2 completed, 8 in flight, 0 errors
2026-09-07 11:53:41 INFO     [diagram_analysis.scope_assembly:92] Component symbol coverage: 66/66 assigned
2026-09-07 11:53:41 INFO     [diagram_analysis.scope_assembly:319] Merged relations: 5 total (5 static-backed, 0 semantic-only)
2026-09-07 11:54:15 INFO     [httpx:1025] HTTP Request: POST https://codeboarding-llm-api.openai.azure.com/openai/v1/chat/completions "HTTP/1.1 200 OK"
2026-09-07 11:54:15 INFO     [monitoring:62] Token Usage: step=startup model=Kimi-K2.6 usage={"input_tokens": 8049, "output_tokens": 5979, "total_tokens": 14028}
2026-09-07 11:54:16 INFO     [httpx:1025] HTTP Request: POST https://codeboarding-llm-api.openai.azure.com/openai/v1/chat/completions "HTTP/1.1 200 OK"
2026-09-07 11:54:16 INFO     [monitoring:62] Token Usage: step=startup model=Kimi-K2.6 usage={"input_tokens": 5658, "output_tokens": 7125, "total_tokens": 12783}
2026-09-07 11:54:17 INFO     [static_analyzer.reference_resolver:394] [Reference Resolution] File path matched for Volo.Abp.Users.AbpUserExtensions:ToAbpUserData in csharp at /Users/svilen/Documents/Projects/ReposForTesting/abp/modules/users/src/Volo.Abp.Users.Domain/Volo/Abp/Users/AbpUserExtensions.cs
2026-09-07 11:54:18 INFO     [static_analyzer.reference_resolver:394] [Reference Resolution] File path matched for Volo.Abp.Users.UserLookupService:FindByIdAsync in csharp at /Users/svilen/Documents/Projects/ReposForTesting/abp/modules/users/src/Volo.Abp.Users.Domain/Volo/Abp/Users/UserLookupService.cs
2026-09-07 11:54:18 INFO     [static_analyzer.reference_resolver:394] [Reference Resolution] File path matched for Volo.Abp.Users.IExternalUserLookupServiceProvider:FindByIdAsync in csharp at /Users/svilen/Documents/Projects/ReposForTesting/abp/modules/users/src/Volo.Abp.Users.Abstractions/Volo/Abp/Users/IExternalUserLookupServiceProvider.cs
2026-09-07 11:54:18 INFO     [static_analyzer.reference_resolver:394] [Reference Resolution] File path matched for Volo.Abp.Users.UserLookupService:FindByUserNameAsync in csharp at /Users/svilen/Documents/Projects/ReposForTesting/abp/modules/users/src/Volo.Abp.Users.Domain/Volo/Abp/Users/UserLookupService.cs
2026-09-07 11:54:19 INFO     [static_analyzer.reference_resolver:394] [Reference Resolution] File path matched for Volo.Abp.Users.UserLookupService:FindByUserNameAsync in csharp at /Users/svilen/Documents/Projects/ReposForTesting/abp/modules/users/src/Volo.Abp.Users.Domain/Volo/Abp/Users/UserLookupService.cs
2026-09-07 11:54:19 INFO     [static_analyzer.reference_resolver:394] [Reference Resolution] File path matched for Volo.Abp.Users.EntityFrameworkCore.EfCoreUserRepositoryBase:FindByUserNameAsync in csharp at /Users/svilen/Documents/Projects/ReposForTesting/abp/modules/users/src/Volo.Abp.Users.EntityFrameworkCore/Volo/Abp/Users/EntityFrameworkCore/EfCoreAbpUserRepositoryBase.cs
2026-09-07 11:54:19 INFO     [static_analyzer.reference_resolver:394] [Reference Resolution] File path matched for Volo.Abp.Users.UserLookupService:GetCountAsync in csharp at /Users/svilen/Documents/Projects/ReposForTesting/abp/modules/users/src/Volo.Abp.Users.Domain/Volo/Abp/Users/UserLookupService.cs
2026-09-07 11:54:20 INFO     [static_analyzer.reference_resolver:394] [Reference Resolution] File path matched for Volo.Abp.Users.EntityFrameworkCore.EfCoreUserRepositoryBase:GetCountAsync in csharp at /Users/svilen/Documents/Projects/ReposForTesting/abp/modules/users/src/Volo.Abp.Users.EntityFrameworkCore/Volo/Abp/Users/EntityFrameworkCore/EfCoreAbpUserRepositoryBase.cs
2026-09-07 11:54:20 INFO     [httpx:1025] HTTP Request: POST https://codeboarding-llm-api.openai.azure.com/openai/v1/chat/completions "HTTP/1.1 200 OK"
2026-09-07 11:54:20 INFO     [monitoring:62] Token Usage: step=startup model=Kimi-K2.6 usage={"input_tokens": 9715, "output_tokens": 8131, "total_tokens": 17846}
2026-09-07 11:54:20 INFO     [static_analyzer.reference_resolver:394] [Reference Resolution] File path matched for Volo.Abp.Users.UserLookupService:SearchAsync in csharp at /Users/svilen/Documents/Projects/ReposForTesting/abp/modules/users/src/Volo.Abp.Users.Domain/Volo/Abp/Users/UserLookupService.cs
2026-09-07 11:54:20 INFO     [static_analyzer.reference_resolver:394] [Reference Resolution] File path matched for Volo.Abp.Users.EntityFrameworkCore.EfCoreUserRepositoryBase:SearchAsync in csharp at /Users/svilen/Documents/Projects/ReposForTesting/abp/modules/users/src/Volo.Abp.Users.EntityFrameworkCore/Volo/Abp/Users/EntityFrameworkCore/EfCoreAbpUserRepositoryBase.cs
2026-09-07 11:54:21 INFO     [static_analyzer.reference_resolver:394] [Reference Resolution] File path matched for Volo.Abp.Users.UserLookupService:FindByUserNameAsync in csharp at /Users/svilen/Documents/Projects/ReposForTesting/abp/modules/users/src/Volo.Abp.Users.Domain/Volo/Abp/Users/UserLookupService.cs
2026-09-07 11:54:21 INFO     [static_analyzer.reference_resolver:394] [Reference Resolution] File path matched for Volo.Abp.Users.MongoDB.MongoUserRepositoryBase:FindByUserNameAsync in csharp at /Users/svilen/Documents/Projects/ReposForTesting/abp/modules/users/src/Volo.Abp.Users.MongoDB/Volo/Abp/Users/MongoDB/MongoUserRepositoryBase.cs
2026-09-07 11:54:21 INFO     [static_analyzer.reference_resolver:394] [Reference Resolution] File path matched for Volo.Abp.Users.UserLookupService:GetCountAsync in csharp at /Users/svilen/Documents/Projects/ReposForTesting/abp/modules/users/src/Volo.Abp.Users.Domain/Volo/Abp/Users/UserLookupService.cs
2026-09-07 11:54:22 INFO     [static_analyzer.reference_resolver:394] [Reference Resolution] File path matched for Volo.Abp.Users.MongoDB.MongoUserRepositoryBase:GetCountAsync in csharp at /Users/svilen/Documents/Projects/ReposForTesting/abp/modules/users/src/Volo.Abp.Users.MongoDB/Volo/Abp/Users/MongoDB/MongoUserRepositoryBase.cs
2026-09-07 11:54:22 INFO     [static_analyzer.reference_resolver:394] [Reference Resolution] File path matched for Volo.Abp.Users.UserLookupService:SearchAsync in csharp at /Users/svilen/Documents/Projects/ReposForTesting/abp/modules/users/src/Volo.Abp.Users.Domain/Volo/Abp/Users/UserLookupService.cs
2026-09-07 11:54:22 INFO     [static_analyzer.reference_resolver:394] [Reference Resolution] File path matched for Volo.Abp.Users.MongoDB.MongoUserRepositoryBase:SearchAsync in csharp at /Users/svilen/Documents/Projects/ReposForTesting/abp/modules/users/src/Volo.Abp.Users.MongoDB/Volo/Abp/Users/MongoDB/MongoUserRepositoryBase.cs
2026-09-07 11:54:23 INFO     [static_analyzer.reference_resolver:394] [Reference Resolution] File path matched for Volo.Abp.Users.EntityFrameworkCore.EfCoreUserRepositoryBase in csharp at /Users/svilen/Documents/Projects/ReposForTesting/abp/modules/users/src/Volo.Abp.Users.EntityFrameworkCore/Volo/Abp/Users/EntityFrameworkCore/EfCoreAbpUserRepositoryBase.cs
2026-09-07 11:54:23 INFO     [static_analyzer.reference_resolver:394] [Reference Resolution] File path matched for Volo.Abp.Users.IUserRepository in csharp at /Users/svilen/Documents/Projects/ReposForTesting/abp/modules/users/src/Volo.Abp.Users.Domain/Volo/Abp/Users/IUserRepository.cs
2026-09-07 11:54:23 WARNING  [diagram_analysis.scope_assembly:200] Dropping unsupported semantic relation 7.3 -> 7.1
2026-09-07 11:54:23 INFO     [static_analyzer.reference_resolver:394] [Reference Resolution] File path matched for Volo.Abp.Users.MongoDB.MongoUserRepositoryBase in csharp at /Users/svilen/Documents/Projects/ReposForTesting/abp/modules/users/src/Volo.Abp.Users.MongoDB/Volo/Abp/Users/MongoDB/MongoUserRepositoryBase.cs
2026-09-07 11:54:24 INFO     [static_analyzer.reference_resolver:394] [Reference Resolution] File path matched for Volo.Abp.Users.IUserRepository in csharp at /Users/svilen/Documents/Projects/ReposForTesting/abp/modules/users/src/Volo.Abp.Users.Domain/Volo/Abp/Users/IUserRepository.cs
2026-09-07 11:54:24 WARNING  [diagram_analysis.scope_assembly:200] Dropping unsupported semantic relation 7.4 -> 7.1
2026-09-07 11:54:24 INFO     [diagram_analysis.scope_assembly:319] Merged relations: 3 total (3 static-backed, 0 semantic-only)
2026-09-07 11:54:28 WARNING  [diagram_analysis.scope_assembly:200] Dropping unsupported semantic relation 9.1 -> 9.2
2026-09-07 11:54:28 INFO     [static_analyzer.reference_resolver:413] [Reference Resolution] Path matched for tools.github-changelog-generator.src.GithubChangelogGenerator.internal.Config in go at /Users/svilen/Documents/Projects/ReposForTesting/abp/tools/github-changelog-generator/src/GithubChangelogGenerator/internal/Config.go
2026-09-07 11:54:29 WARNING  [diagram_analysis.scope_assembly:200] Dropping unsupported semantic relation 9.1 -> 9.3
2026-09-07 11:54:29 INFO     [diagram_analysis.scope_assembly:319] Merged relations: 1 total (1 static-backed, 0 semantic-only)
2026-09-07 11:54:30 INFO     [diagram_analysis.scope_assembly:319] Merged relations: 0 total (0 static-backed, 0 semantic-only)
2026-09-07 11:54:31 INFO     [diagram_analysis.diagram_generator:1351] Expanded '7' with 2 new children.
2026-09-07 11:54:31 INFO     [diagram_analysis.diagram_generator:1353] Progress: 3 completed, 9 in flight, 0 errors
2026-09-07 11:54:32 INFO     [httpx:1025] HTTP Request: POST https://codeboarding-llm-api.openai.azure.com/openai/v1/chat/completions "HTTP/1.1 200 OK"
2026-09-07 11:54:33 INFO     [monitoring:62] Token Usage: step=startup model=Kimi-K2.6 usage={"input_tokens": 89011, "output_tokens": 14857, "total_tokens": 103868}
2026-09-07 11:54:33 INFO     [diagram_analysis.scope_assembly:92] Component symbol coverage: 19/19 assigned
2026-09-07 11:54:33 INFO     [diagram_analysis.scope_assembly:319] Merged relations: 0 total (0 static-backed, 0 semantic-only)
2026-09-07 11:54:33 INFO     [diagram_analysis.scope_assembly:92] Component symbol coverage: 29/29 assigned
2026-09-07 11:54:33 INFO     [diagram_analysis.scope_assembly:319] Merged relations: 0 total (0 static-backed, 0 semantic-only)
2026-09-07 11:54:37 INFO     [httpx:1025] HTTP Request: POST https://codeboarding-llm-api.openai.azure.com/openai/v1/chat/completions "HTTP/1.1 200 OK"
2026-09-07 11:54:37 INFO     [monitoring:62] Token Usage: step=startup model=Kimi-K2.6 usage={"input_tokens": 2646, "output_tokens": 409, "total_tokens": 3055}
2026-09-07 11:54:37 INFO     [agents.tools.read_file:34] [ReadFile Tool] Reading file modules/users/src/Volo.Abp.Users.Abstractions/Volo/Abp/Users/UserEto.cs around line 1
2026-09-07 11:54:37 INFO     [agents.tools.read_file:72] [ReadFile Tool] Successfully read 32 lines from modules/users/src/Volo.Abp.Users.Abstractions/Volo/Abp/Users/UserEto.cs 
2026-09-07 11:54:38 INFO     [httpx:1025] HTTP Request: POST https://codeboarding-llm-api.openai.azure.com/openai/v1/chat/completions "HTTP/1.1 200 OK"
2026-09-07 11:54:38 INFO     [monitoring:62] Token Usage: step=startup model=Kimi-K2.6 usage={"input_tokens": 3053, "output_tokens": 44, "total_tokens": 3097}
2026-09-07 11:54:38 INFO     [agents.tools.read_file:34] [ReadFile Tool] Reading file modules/users/src/Volo.Abp.Users.Abstractions/Volo/Abp/Users/IUserData.cs around line 1
2026-09-07 11:54:38 INFO     [agents.tools.read_file:72] [ReadFile Tool] Successfully read 30 lines from modules/users/src/Volo.Abp.Users.Abstractions/Volo/Abp/Users/IUserData.cs 
2026-09-07 11:54:39 INFO     [httpx:1025] HTTP Request: POST https://codeboarding-llm-api.openai.azure.com/openai/v1/chat/completions "HTTP/1.1 200 OK"
2026-09-07 11:54:39 INFO     [monitoring:62] Token Usage: step=startup model=Kimi-K2.6 usage={"input_tokens": 2590, "output_tokens": 584, "total_tokens": 3174}
2026-09-07 11:54:39 INFO     [agents.tools.read_file:34] [ReadFile Tool] Reading file modules/users/src/Volo.Abp.Users.Domain/Volo/Abp/Users/AbpUsersDomainModule.cs around line 1
2026-09-07 11:54:39 INFO     [agents.tools.read_file:34] [ReadFile Tool] Reading file modules/users/src/Volo.Abp.Users.Domain.Shared/Volo/Abp/Users/AbpUsersDomainSharedModule.cs around line 1
2026-09-07 11:54:39 INFO     [agents.tools.read_file:72] [ReadFile Tool] Successfully read 14 lines from modules/users/src/Volo.Abp.Users.Domain/Volo/Abp/Users/AbpUsersDomainModule.cs 
2026-09-07 11:54:39 INFO     [agents.tools.read_file:72] [ReadFile Tool] Successfully read 8 lines from modules/users/src/Volo.Abp.Users.Domain.Shared/Volo/Abp/Users/AbpUsersDomainSharedModule.cs 
2026-09-07 11:54:40 INFO     [httpx:1025] HTTP Request: POST https://codeboarding-llm-api.openai.azure.com/openai/v1/chat/completions "HTTP/1.1 200 OK"
2026-09-07 11:54:40 INFO     [monitoring:62] Token Usage: step=startup model=Kimi-K2.6 usage={"input_tokens": 3395, "output_tokens": 48, "total_tokens": 3443}
2026-09-07 11:54:40 INFO     [agents.tools.read_file:34] [ReadFile Tool] Reading file modules/users/src/Volo.Abp.Users.Abstractions/Volo/Abp/Users/AbpUsersAbstractionModule.cs around line 1
2026-09-07 11:54:40 INFO     [agents.tools.read_file:72] [ReadFile Tool] Successfully read 16 lines from modules/users/src/Volo.Abp.Users.Abstractions/Volo/Abp/Users/AbpUsersAbstractionModule.cs 
2026-09-07 11:54:41 INFO     [httpx:1025] HTTP Request: POST https://codeboarding-llm-api.openai.azure.com/openai/v1/chat/completions "HTTP/1.1 200 OK"
2026-09-07 11:54:41 INFO     [monitoring:62] Token Usage: step=startup model=Kimi-K2.6 usage={"input_tokens": 3661, "output_tokens": 47, "total_tokens": 3708}
2026-09-07 11:54:41 INFO     [agents.tools.read_file:34] [ReadFile Tool] Reading file modules/users/src/Volo.Abp.Users.Abstractions/Volo/Abp/Users/IExternalUserLookupServiceProvider.cs around line 1
2026-09-07 11:54:41 INFO     [agents.tools.read_file:72] [ReadFile Tool] Successfully read 25 lines from modules/users/src/Volo.Abp.Users.Abstractions/Volo/Abp/Users/IExternalUserLookupServiceProvider.cs 
2026-09-07 11:54:45 INFO     [httpx:1025] HTTP Request: POST https://codeboarding-llm-api.openai.azure.com/openai/v1/chat/completions "HTTP/1.1 200 OK"
2026-09-07 11:54:45 INFO     [monitoring:62] Token Usage: step=startup model=Kimi-K2.6 usage={"input_tokens": 2980, "output_tokens": 739, "total_tokens": 3719}
2026-09-07 11:54:48 INFO     [httpx:1025] HTTP Request: POST https://codeboarding-llm-api.openai.azure.com/openai/v1/chat/completions "HTTP/1.1 200 OK"
2026-09-07 11:54:48 INFO     [monitoring:62] Token Usage: step=startup model=Kimi-K2.6 usage={"input_tokens": 6079, "output_tokens": 10302, "total_tokens": 16381}
2026-09-07 11:54:49 INFO     [diagram_analysis.scope_assembly:319] Merged relations: 6 total (6 static-backed, 0 semantic-only)
2026-09-07 11:54:49 INFO     [diagram_analysis.scope_assembly:319] Merged relations: 5 total (5 static-backed, 0 semantic-only)
2026-09-07 11:54:50 INFO     [httpx:1025] HTTP Request: POST https://codeboarding-llm-api.openai.azure.com/openai/v1/chat/completions "HTTP/1.1 200 OK"
2026-09-07 11:54:50 INFO     [monitoring:62] Token Usage: step=startup model=Kimi-K2.6 usage={"input_tokens": 4014, "output_tokens": 773, "total_tokens": 4787}
2026-09-07 11:54:52 INFO     [diagram_analysis.scope_assembly:319] Merged relations: 1 total (0 static-backed, 1 semantic-only)
2026-09-07 11:54:52 INFO     [diagram_analysis.scope_assembly:319] Merged relations: 1 total (0 static-backed, 1 semantic-only)
2026-09-07 11:54:52 WARNING  [diagram_analysis.diagram_generator:818] Scope 7.1: 1 of 2 editable groups keep deterministic names (7.1.1)
2026-09-07 11:54:53 INFO     [diagram_analysis.diagram_generator:1351] Expanded '5' with 1 new children.
2026-09-07 11:54:53 INFO     [diagram_analysis.diagram_generator:1353] Progress: 5 completed, 8 in flight, 0 errors
2026-09-07 11:54:56 INFO     [diagram_analysis.scope_assembly:92] Component symbol coverage: 136/136 assigned
2026-09-07 11:54:56 INFO     [diagram_analysis.scope_assembly:319] Merged relations: 1 total (1 static-backed, 0 semantic-only)
2026-09-07 11:55:06 INFO     [diagram_analysis.diagram_generator:1351] Expanded '3' with 3 new children.
2026-09-07 11:55:11 INFO     [diagram_analysis.scope_assembly:92] Component symbol coverage: 858/858 assigned
2026-09-07 11:55:11 INFO     [diagram_analysis.scope_assembly:319] Merged relations: 6 total (6 static-backed, 0 semantic-only)
2026-09-07 11:55:12 INFO     [diagram_analysis.scope_assembly:92] Component symbol coverage: 1019/1019 assigned
2026-09-07 11:55:12 INFO     [diagram_analysis.scope_assembly:319] Merged relations: 22 total (22 static-backed, 0 semantic-only)
2026-09-07 11:55:13 INFO     [diagram_analysis.scope_assembly:92] Component symbol coverage: 1558/1558 assigned
2026-09-07 11:55:13 INFO     [diagram_analysis.scope_assembly:319] Merged relations: 7 total (7 static-backed, 0 semantic-only)
2026-09-07 11:55:15 INFO     [diagram_analysis.diagram_generator:1353] Progress: 9 completed, 7 in flight, 0 errors
2026-09-07 11:55:52 INFO     [httpx:1025] HTTP Request: POST https://codeboarding-llm-api.openai.azure.com/openai/v1/chat/completions "HTTP/1.1 200 OK"
2026-09-07 11:55:52 INFO     [monitoring:62] Token Usage: step=startup model=Kimi-K2.6 usage={"input_tokens": 5046, "output_tokens": 7580, "total_tokens": 12626}
2026-09-07 11:55:53 INFO     [diagram_analysis.scope_assembly:319] Merged relations: 1 total (1 static-backed, 0 semantic-only)
2026-09-07 11:55:58 INFO     [httpx:1025] HTTP Request: POST https://codeboarding-llm-api.openai.azure.com/openai/v1/chat/completions "HTTP/1.1 200 OK"
2026-09-07 11:55:58 INFO     [monitoring:62] Token Usage: step=startup model=Kimi-K2.6 usage={"input_tokens": 145197, "output_tokens": 26373, "total_tokens": 171570}
2026-09-07 11:56:05 INFO     [diagram_analysis.diagram_generator:1353] Progress: 10 completed, 6 in flight, 0 errors
2026-09-07 11:56:09 INFO     [httpx:1025] HTTP Request: POST https://codeboarding-llm-api.openai.azure.com/openai/v1/chat/completions "HTTP/1.1 200 OK"
2026-09-07 11:56:10 INFO     [monitoring:62] Token Usage: step=startup model=Kimi-K2.6 usage={"input_tokens": 48164, "output_tokens": 8188, "total_tokens": 56352}
2026-09-07 11:56:10 INFO     [static_analyzer.reference_resolver:394] [Reference Resolution] File path matched for Volo.Abp.Application.Services.AbstractKeyCrudAppService in csharp at /Users/svilen/Documents/Projects/ReposForTesting/abp/framework/src/Volo.Abp.Ddd.Application/Volo/Abp/Application/Services/AbstractKeyCrudAppService.cs
2026-09-07 11:56:10 INFO     [static_analyzer.reference_resolver:394] [Reference Resolution] File path matched for Volo.Abp.Domain.Repositories.EntityFrameworkCore.EfCoreRepository in csharp at /Users/svilen/Documents/Projects/ReposForTesting/abp/framework/src/Volo.Abp.EntityFrameworkCore/Volo/Abp/Domain/Repositories/EntityFrameworkCore/EfCoreRepository.cs
2026-09-07 11:56:10 INFO     [static_analyzer.reference_resolver:394] [Reference Resolution] File path matched for Volo.Abp.Application.Services.AbstractKeyCrudAppService in csharp at /Users/svilen/Documents/Projects/ReposForTesting/abp/framework/src/Volo.Abp.Ddd.Application/Volo/Abp/Application/Services/AbstractKeyCrudAppService.cs
2026-09-07 11:56:10 INFO     [static_analyzer.reference_resolver:394] [Reference Resolution] File path matched for Volo.Abp.Domain.Repositories.MongoDB.MongoDbRepository in csharp at /Users/svilen/Documents/Projects/ReposForTesting/abp/framework/src/Volo.Abp.MongoDB/Volo/Abp/Domain/Repositories/MongoDB/MongoDbRepository.cs
2026-09-07 11:56:11 INFO     [static_analyzer.reference_resolver:394] [Reference Resolution] File path matched for Volo.Abp.Application.Services.AbstractKeyCrudAppService in csharp at /Users/svilen/Documents/Projects/ReposForTesting/abp/framework/src/Volo.Abp.Ddd.Application/Volo/Abp/Application/Services/AbstractKeyCrudAppService.cs
2026-09-07 11:56:12 INFO     [static_analyzer.reference_resolver:394] [Reference Resolution] File path matched for Volo.Abp.Domain.Repositories.MemoryDb.MemoryDbRepository in csharp at /Users/svilen/Documents/Projects/ReposForTesting/abp/framework/src/Volo.Abp.MemoryDb/Volo/Abp/Domain/Repositories/MemoryDb/MemoryDbRepository.cs
2026-09-07 11:56:12 INFO     [static_analyzer.reference_resolver:394] [Reference Resolution] File path matched for Volo.Abp.Application.Services.AbstractKeyReadOnlyAppService in csharp at /Users/svilen/Documents/Projects/ReposForTesting/abp/framework/src/Volo.Abp.Ddd.Application/Volo/Abp/Application/Services/AbstractKeyReadOnlyAppService.cs
2026-09-07 11:56:12 INFO     [static_analyzer.reference_resolver:394] [Reference Resolution] File path matched for Volo.Abp.Application.Services.AbstractKeyCrudAppService in csharp at /Users/svilen/Documents/Projects/ReposForTesting/abp/framework/src/Volo.Abp.Ddd.Application/Volo/Abp/Application/Services/AbstractKeyCrudAppService.cs
2026-09-07 11:56:13 INFO     [static_analyzer.reference_resolver:394] [Reference Resolution] File path matched for Volo.Abp.Domain.Repositories.BasicRepositoryBase in csharp at /Users/svilen/Documents/Projects/ReposForTesting/abp/framework/src/Volo.Abp.Ddd.Domain/Volo/Abp/Domain/Repositories/BasicRepositoryBase.cs
2026-09-07 11:56:15 INFO     [static_analyzer.reference_resolver:394] [Reference Resolution] File path matched for Volo.Abp.Domain.Entities.Caching.EntityCacheBase in csharp at /Users/svilen/Documents/Projects/ReposForTesting/abp/framework/src/Volo.Abp.Ddd.Domain/Volo/Abp/Domain/Entities/Caching/EntityCacheBase.cs
2026-09-07 11:56:15 INFO     [static_analyzer.reference_resolver:394] [Reference Resolution] File path matched for Volo.Abp.Caching.DistributedCache in csharp at /Users/svilen/Documents/Projects/ReposForTesting/abp/framework/src/Volo.Abp.Caching/Volo/Abp/Caching/DistributedCache.cs
2026-09-07 11:56:16 INFO     [static_analyzer.reference_resolver:394] [Reference Resolution] File path matched for Volo.Abp.Domain.Repositories.RepositoryBase in csharp at /Users/svilen/Documents/Projects/ReposForTesting/abp/framework/src/Volo.Abp.Ddd.Domain/Volo/Abp/Domain/Repositories/RepositoryBase.cs
2026-09-07 11:56:16 INFO     [static_analyzer.reference_resolver:394] [Reference Resolution] File path matched for Volo.Abp.Data.DataFilter in csharp at /Users/svilen/Documents/Projects/ReposForTesting/abp/framework/src/Volo.Abp.Data/Volo/Abp/Data/DataFilter.cs
2026-09-07 11:56:16 INFO     [static_analyzer.reference_resolver:394] [Reference Resolution] File path matched for Volo.Abp.EntityFrameworkCore.AbpDbContext in csharp at /Users/svilen/Documents/Projects/ReposForTesting/abp/framework/src/Volo.Abp.EntityFrameworkCore/Volo/Abp/EntityFrameworkCore/AbpDbContext.cs
2026-09-07 11:56:17 INFO     [static_analyzer.reference_resolver:394] [Reference Resolution] File path matched for Volo.Abp.EntityFrameworkCore.AbpDbContext in csharp at /Users/svilen/Documents/Projects/ReposForTesting/abp/framework/src/Volo.Abp.EntityFrameworkCore/Volo/Abp/EntityFrameworkCore/AbpDbContext.cs
2026-09-07 11:56:17 INFO     [static_analyzer.reference_resolver:394] [Reference Resolution] File path matched for Volo.Abp.Domain.Repositories.EntityFrameworkCore.EfCoreRepository in csharp at /Users/svilen/Documents/Projects/ReposForTesting/abp/framework/src/Volo.Abp.EntityFrameworkCore/Volo/Abp/Domain/Repositories/EntityFrameworkCore/EfCoreRepository.cs
2026-09-07 11:56:17 INFO     [static_analyzer.reference_resolver:394] [Reference Resolution] File path matched for Volo.Abp.EntityFrameworkCore.AbpDbContext in csharp at /Users/svilen/Documents/Projects/ReposForTesting/abp/framework/src/Volo.Abp.EntityFrameworkCore/Volo/Abp/EntityFrameworkCore/AbpDbContext.cs
2026-09-07 11:56:18 INFO     [static_analyzer.reference_resolver:394] [Reference Resolution] File path matched for Volo.Abp.EntityFrameworkCore.AbpDbContext in csharp at /Users/svilen/Documents/Projects/ReposForTesting/abp/framework/src/Volo.Abp.EntityFrameworkCore/Volo/Abp/EntityFrameworkCore/AbpDbContext.cs
2026-09-07 11:56:19 INFO     [static_analyzer.reference_resolver:394] [Reference Resolution] File path matched for Volo.Abp.Domain.Repositories.EntityFrameworkCore.EfCoreRepository in csharp at /Users/svilen/Documents/Projects/ReposForTesting/abp/framework/src/Volo.Abp.EntityFrameworkCore/Volo/Abp/Domain/Repositories/EntityFrameworkCore/EfCoreRepository.cs
2026-09-07 11:56:20 INFO     [static_analyzer.reference_resolver:394] [Reference Resolution] File path matched for Volo.Abp.Domain.Repositories.MongoDB.MongoDbRepository in csharp at /Users/svilen/Documents/Projects/ReposForTesting/abp/framework/src/Volo.Abp.MongoDB/Volo/Abp/Domain/Repositories/MongoDB/MongoDbRepository.cs
2026-09-07 11:56:20 INFO     [static_analyzer.reference_resolver:394] [Reference Resolution] File path matched for Volo.Abp.Domain.Repositories.MongoDB.MongoDbRepository in csharp at /Users/svilen/Documents/Projects/ReposForTesting/abp/framework/src/Volo.Abp.MongoDB/Volo/Abp/Domain/Repositories/MongoDB/MongoDbRepository.cs
2026-09-07 11:56:20 INFO     [static_analyzer.reference_resolver:394] [Reference Resolution] File path matched for Volo.Abp.Domain.Repositories.MongoDB.MongoDbRepository in csharp at /Users/svilen/Documents/Projects/ReposForTesting/abp/framework/src/Volo.Abp.MongoDB/Volo/Abp/Domain/Repositories/MongoDB/MongoDbRepository.cs
2026-09-07 11:56:22 INFO     [static_analyzer.reference_resolver:394] [Reference Resolution] File path matched for Volo.Abp.BlazoriseUI.AbpCrudPageBase in csharp at /Users/svilen/Documents/Projects/ReposForTesting/abp/framework/src/Volo.Abp.BlazoriseUI/AbpCrudPageBase.cs
2026-09-07 11:56:22 INFO     [static_analyzer.reference_resolver:394] [Reference Resolution] File path matched for Volo.Abp.Application.Services.ICreateAppService in csharp at /Users/svilen/Documents/Projects/ReposForTesting/abp/framework/src/Volo.Abp.Ddd.Application.Contracts/Volo/Abp/Application/Services/ICreateAppService.cs
2026-09-07 11:56:23 INFO     [static_analyzer.reference_resolver:394] [Reference Resolution] File path matched for Volo.Abp.BlazoriseUI.AbpCrudPageBase in csharp at /Users/svilen/Documents/Projects/ReposForTesting/abp/framework/src/Volo.Abp.BlazoriseUI/AbpCrudPageBase.cs
2026-09-07 11:56:23 INFO     [static_analyzer.reference_resolver:394] [Reference Resolution] File path matched for Volo.Abp.BlazoriseUI.AbpCrudPageBase in csharp at /Users/svilen/Documents/Projects/ReposForTesting/abp/framework/src/Volo.Abp.BlazoriseUI/AbpCrudPageBase.cs
2026-09-07 11:56:24 INFO     [static_analyzer.reference_resolver:394] [Reference Resolution] File path matched for Volo.Abp.BlazoriseUI.Components.AbpExtensibleDataGrid in csharp at /Users/svilen/Documents/Projects/ReposForTesting/abp/framework/src/Volo.Abp.BlazoriseUI/Components/AbpExtensibleDataGrid.razor.cs
2026-09-07 11:56:24 INFO     [static_analyzer.reference_resolver:394] [Reference Resolution] File path matched for Volo.Abp.MudBlazorUI.AbpMudCrudPageBase in csharp at /Users/svilen/Documents/Projects/ReposForTesting/abp/framework/src/Volo.Abp.MudBlazorUI/AbpMudCrudPageBase.cs
2026-09-07 11:56:24 INFO     [static_analyzer.reference_resolver:394] [Reference Resolution] File path matched for Volo.Abp.Application.Services.ICreateAppService in csharp at /Users/svilen/Documents/Projects/ReposForTesting/abp/framework/src/Volo.Abp.Ddd.Application.Contracts/Volo/Abp/Application/Services/ICreateAppService.cs
2026-09-07 11:56:25 INFO     [static_analyzer.reference_resolver:394] [Reference Resolution] File path matched for Volo.Abp.MudBlazorUI.AbpMudCrudPageBase in csharp at /Users/svilen/Documents/Projects/ReposForTesting/abp/framework/src/Volo.Abp.MudBlazorUI/AbpMudCrudPageBase.cs
2026-09-07 11:56:25 INFO     [static_analyzer.reference_resolver:394] [Reference Resolution] File path matched for Volo.Abp.MudBlazorUI.AbpMudCrudPageBase in csharp at /Users/svilen/Documents/Projects/ReposForTesting/abp/framework/src/Volo.Abp.MudBlazorUI/AbpMudCrudPageBase.cs
2026-09-07 11:56:26 INFO     [static_analyzer.reference_resolver:394] [Reference Resolution] File path matched for Volo.Abp.MudBlazorUI.Components.AbpMudExtensibleDataGrid in csharp at /Users/svilen/Documents/Projects/ReposForTesting/abp/framework/src/Volo.Abp.MudBlazorUI/Components/AbpMudExtensibleDataGrid.razor.cs
2026-09-07 11:56:26 INFO     [static_analyzer.reference_resolver:394] [Reference Resolution] File path matched for Volo.Abp.Domain.Repositories.RepositoryRegistrarBase in csharp at /Users/svilen/Documents/Projects/ReposForTesting/abp/framework/src/Volo.Abp.Ddd.Domain/Volo/Abp/Domain/Repositories/RepositoryRegistrarBase.cs
2026-09-07 11:56:26 INFO     [static_analyzer.reference_resolver:394] [Reference Resolution] File path matched for Volo.Abp.Domain.Repositories.MemoryDb.MemoryDbRepository in csharp at /Users/svilen/Documents/Projects/ReposForTesting/abp/framework/src/Volo.Abp.MemoryDb/Volo/Abp/Domain/Repositories/MemoryDb/MemoryDbRepository.cs
2026-09-07 11:56:27 INFO     [static_analyzer.reference_resolver:394] [Reference Resolution] File path matched for Volo.Abp.Domain.Repositories.MemoryDb.MemoryDbRepository in csharp at /Users/svilen/Documents/Projects/ReposForTesting/abp/framework/src/Volo.Abp.MemoryDb/Volo/Abp/Domain/Repositories/MemoryDb/MemoryDbRepository.cs
2026-09-07 11:56:27 INFO     [static_analyzer.reference_resolver:394] [Reference Resolution] File path matched for Volo.Abp.Caching.DistributedCache in csharp at /Users/svilen/Documents/Projects/ReposForTesting/abp/framework/src/Volo.Abp.Caching/Volo/Abp/Caching/DistributedCache.cs
2026-09-07 11:56:27 INFO     [httpx:1025] HTTP Request: POST https://codeboarding-llm-api.openai.azure.com/openai/v1/chat/completions "HTTP/1.1 200 OK"
2026-09-07 11:56:27 INFO     [monitoring:62] Token Usage: step=startup model=Kimi-K2.6 usage={"input_tokens": 27887, "output_tokens": 11117, "total_tokens": 39004}
2026-09-07 11:56:28 INFO     [static_analyzer.reference_resolver:394] [Reference Resolution] File path matched for Volo.Abp.Caching.DistributedCache in csharp at /Users/svilen/Documents/Projects/ReposForTesting/abp/framework/src/Volo.Abp.Caching/Volo/Abp/Caching/DistributedCache.cs
2026-09-07 11:56:28 INFO     [static_analyzer.reference_resolver:394] [Reference Resolution] File path matched for Volo.Abp.Caching.DistributedCache in csharp at /Users/svilen/Documents/Projects/ReposForTesting/abp/framework/src/Volo.Abp.Caching/Volo/Abp/Caching/DistributedCache.cs
2026-09-07 11:56:30 INFO     [static_analyzer.reference_resolver:394] [Reference Resolution] File path matched for Volo.Abp.Mapperly.IAbpMapperlyMapper in csharp at /Users/svilen/Documents/Projects/ReposForTesting/abp/framework/src/Volo.Abp.Mapperly/Volo/Abp/Mapperly/IAbpMapperlyMapper.cs
2026-09-07 11:56:31 INFO     [static_analyzer.reference_resolver:394] [Reference Resolution] File path matched for Volo.Abp.AutoMapper.AbpAutoMapperExtensibleObjectExtensions in csharp at /Users/svilen/Documents/Projects/ReposForTesting/abp/framework/src/Volo.Abp.AutoMapper/AutoMapper/AbpAutoMapperExtensibleObjectExtensions.cs
2026-09-07 11:56:31 INFO     [static_analyzer.reference_resolver:394] [Reference Resolution] File path matched for Volo.Abp.LuckyPenny.AutoMapper.AbpAutoMapperConventionalRegistrar in csharp at /Users/svilen/Documents/Projects/ReposForTesting/abp/framework/src/Volo.Abp.LuckyPenny.AutoMapper/Volo/Abp/AutoMapper/AbpAutoMapperConventionalRegistrar.cs
2026-09-07 11:56:32 INFO     [static_analyzer.reference_resolver:394] [Reference Resolution] File path matched for Volo.Abp.AutoMapper.AutoMapperAutoObjectMappingProvider in csharp at /Users/svilen/Documents/Projects/ReposForTesting/abp/framework/src/Volo.Abp.AutoMapper/Volo/Abp/AutoMapper/AutoMapperAutoObjectMappingProvider.cs
2026-09-07 11:56:33 INFO     [static_analyzer.reference_resolver:394] [Reference Resolution] File path matched for Volo.Abp.LuckyPenny.AutoMapper.AutoMapperAutoObjectMappingProvider in csharp at /Users/svilen/Documents/Projects/ReposForTesting/abp/framework/src/Volo.Abp.LuckyPenny.AutoMapper/Volo/Abp/AutoMapper/AutoMapperAutoObjectMappingProvider.cs
2026-09-07 11:56:34 INFO     [static_analyzer.reference_resolver:394] [Reference Resolution] File path matched for Volo.Abp.Castle.DynamicProxy.CastleAsyncAbpInterceptorAdapter in csharp at /Users/svilen/Documents/Projects/ReposForTesting/abp/framework/src/Volo.Abp.Castle.Core/Volo/Abp/Castle/DynamicProxy/CastleAsyncAbpInterceptorAdapter.cs
2026-09-07 11:56:34 INFO     [static_analyzer.reference_resolver:394] [Reference Resolution] File path matched for Volo.Abp.Castle.DynamicProxy.CastleAsyncAbpInterceptorAdapter in csharp at /Users/svilen/Documents/Projects/ReposForTesting/abp/framework/src/Volo.Abp.Castle.Core/Volo/Abp/Castle/DynamicProxy/CastleAsyncAbpInterceptorAdapter.cs
2026-09-07 11:56:35 INFO     [static_analyzer.reference_resolver:394] [Reference Resolution] File path matched for Volo.Abp.Castle.DynamicProxy.CastleAsyncAbpInterceptorAdapter in csharp at /Users/svilen/Documents/Projects/ReposForTesting/abp/framework/src/Volo.Abp.Castle.Core/Volo/Abp/Castle/DynamicProxy/CastleAsyncAbpInterceptorAdapter.cs
2026-09-07 11:56:35 INFO     [static_analyzer.reference_resolver:394] [Reference Resolution] File path matched for Volo.Abp.Castle.DynamicProxy.CastleAsyncAbpInterceptorAdapter in csharp at /Users/svilen/Documents/Projects/ReposForTesting/abp/framework/src/Volo.Abp.Castle.Core/Volo/Abp/Castle/DynamicProxy/CastleAsyncAbpInterceptorAdapter.cs
2026-09-07 11:56:36 INFO     [static_analyzer.reference_resolver:394] [Reference Resolution] File path matched for Volo.Abp.Domain.Repositories.Dapper.DapperRepository in csharp at /Users/svilen/Documents/Projects/ReposForTesting/abp/framework/src/Volo.Abp.Dapper/Volo/Abp/Domain/Repositories/Dapper/DapperRepository.cs
2026-09-07 11:56:36 INFO     [static_analyzer.reference_resolver:394] [Reference Resolution] File path matched for Volo.Abp.EntityFrameworkCore.IDbContextProvider in csharp at /Users/svilen/Documents/Projects/ReposForTesting/abp/framework/src/Volo.Abp.EntityFrameworkCore/Volo/Abp/EntityFrameworkCore/IDbContextProvider.cs
2026-09-07 11:56:36 INFO     [static_analyzer.reference_resolver:394] [Reference Resolution] File path matched for Volo.Abp.Domain.Repositories.Dapper.DapperRepository in csharp at /Users/svilen/Documents/Projects/ReposForTesting/abp/framework/src/Volo.Abp.Dapper/Volo/Abp/Domain/Repositories/Dapper/DapperRepository.cs
2026-09-07 11:56:37 INFO     [static_analyzer.reference_resolver:394] [Reference Resolution] File path matched for Volo.Abp.Threading.AmbientDataContextAmbientScopeProvider in csharp at /Users/svilen/Documents/Projects/ReposForTesting/abp/framework/src/Volo.Abp.Threading/Volo/Abp/Threading/AmbientDataContextAmbientScopeProvider.cs
2026-09-07 11:56:39 INFO     [diagram_analysis.scope_assembly:319] Merged relations: 117 total (117 static-backed, 0 semantic-only)
2026-09-07 11:56:49 INFO     [diagram_analysis.scope_assembly:319] Merged relations: 6 total (6 static-backed, 0 semantic-only)
2026-09-07 11:56:51 WARNING  [static_analyzer.reference_resolver:139] [Reference Resolution] Could not resolve reference Volo.Abp.AspNetCore.Mvc.UI.Bundling.Abstractions.Volo.Abp.AspNetCore.Mvc.UI.Bundling.BundleConfigurationExtensions.AddFiles in any language
2026-09-07 11:56:51 WARNING  [static_analyzer.reference_resolver:139] [Reference Resolution] Could not resolve reference Volo.Abp.AspNetCore.Mvc.UI.Bundling.Volo.Abp.AspNetCore.Mvc.UI.Bundling.TagHelpers.AbpBundleItemTagHelper.AbpBundleItemTagHelper<TTagHelper, TTagHelperService>.AbpBundleItemTagHelper in any language
2026-09-07 11:56:52 WARNING  [static_analyzer.reference_resolver:139] [Reference Resolution] Could not resolve reference Volo.Abp.AspNetCore.Mvc.UI.Bundling.Volo.Abp.AspNetCore.Mvc.UI.Bundling.TagHelpers.AbpBundleTagHelper.AbpBundleTagHelper<TTagHelper, TService>.AbpBundleTagHelper in any language
2026-09-07 11:56:53 WARNING  [static_analyzer.reference_resolver:139] [Reference Resolution] Could not resolve reference Volo.Abp.AspNetCore.Bundling.Volo.Abp.AspNetCore.Bundling.BundleManagerBase.GetBundleFilesAsync in any language
2026-09-07 11:56:53 INFO     [diagram_analysis.scope_assembly:319] Merged relations: 7 total (7 static-backed, 0 semantic-only)
2026-09-07 11:56:54 INFO     [diagram_analysis.diagram_generator:1351] Expanded '4' with 23 new children.
2026-09-07 11:56:54 INFO     [diagram_analysis.diagram_generator:1353] Progress: 11 completed, 28 in flight, 0 errors
2026-09-07 11:56:59 INFO     [diagram_analysis.scope_assembly:92] Component symbol coverage: 113/113 assigned
2026-09-07 11:56:59 INFO     [diagram_analysis.scope_assembly:319] Merged relations: 1 total (1 static-backed, 0 semantic-only)
2026-09-07 11:56:59 INFO     [diagram_analysis.scope_assembly:92] Component symbol coverage: 331/331 assigned
2026-09-07 11:56:59 INFO     [diagram_analysis.scope_assembly:319] Merged relations: 11 total (11 static-backed, 0 semantic-only)
2026-09-07 11:57:00 INFO     [diagram_analysis.scope_assembly:92] Component symbol coverage: 583/583 assigned
2026-09-07 11:57:00 INFO     [diagram_analysis.scope_assembly:319] Merged relations: 4 total (4 static-backed, 0 semantic-only)
2026-09-07 11:57:00 INFO     [diagram_analysis.scope_assembly:92] Component symbol coverage: 665/665 assigned
2026-09-07 11:57:00 INFO     [diagram_analysis.scope_assembly:319] Merged relations: 1 total (1 static-backed, 0 semantic-only)
2026-09-07 11:57:00 INFO     [diagram_analysis.scope_assembly:92] Component symbol coverage: 686/686 assigned
2026-09-07 11:57:00 INFO     [diagram_analysis.scope_assembly:319] Merged relations: 19 total (19 static-backed, 0 semantic-only)
2026-09-07 11:57:04 INFO     [httpx:1025] HTTP Request: POST https://codeboarding-llm-api.openai.azure.com/openai/v1/chat/completions "HTTP/1.1 200 OK"
2026-09-07 11:57:04 INFO     [monitoring:62] Token Usage: step=startup model=Kimi-K2.6 usage={"input_tokens": 207190, "output_tokens": 26842, "total_tokens": 234032}
2026-09-07 11:57:07 INFO     [httpx:1025] HTTP Request: POST https://codeboarding-llm-api.openai.azure.com/openai/v1/chat/completions "HTTP/1.1 200 OK"
2026-09-07 11:57:08 INFO     [monitoring:62] Token Usage: step=startup model=Kimi-K2.6 usage={"input_tokens": 169063, "output_tokens": 25541, "total_tokens": 194604}
2026-09-07 11:57:31 INFO     [diagram_analysis.diagram_generator:1353] Progress: 13 completed, 26 in flight, 0 errors
2026-09-07 11:57:34 INFO     [diagram_analysis.scope_assembly:319] Merged relations: 120 total (120 static-backed, 0 semantic-only)
2026-09-07 11:57:39 INFO     [diagram_analysis.scope_assembly:92] Component symbol coverage: 127/127 assigned
2026-09-07 11:57:39 INFO     [diagram_analysis.scope_assembly:319] Merged relations: 1 total (1 static-backed, 0 semantic-only)
2026-09-07 11:57:54 INFO     [static_analyzer.reference_resolver:394] [Reference Resolution] File path matched for Volo.CmsKit.Domain.Shared.Volo.Abp.GlobalFeatures.GlobalModuleFeaturesDictionaryCmsKitExtensions.CmsKit in csharp at /Users/svilen/Documents/Projects/ReposForTesting/abp/modules/cms-kit/src/Volo.CmsKit.Domain.Shared/Volo/Abp/GlobalFeatures/GlobalModuleFeaturesDictionaryCmsKitExtensions.cs
2026-09-07 11:57:57 INFO     [httpx:1025] HTTP Request: POST https://codeboarding-llm-api.openai.azure.com/openai/v1/chat/completions "HTTP/1.1 200 OK"
2026-09-07 11:57:57 INFO     [monitoring:62] Token Usage: step=startup model=Kimi-K2.6 usage={"input_tokens": 6954, "output_tokens": 7956, "total_tokens": 14910}
2026-09-07 11:57:57 INFO     [static_analyzer.reference_resolver:394] [Reference Resolution] File path matched for Volo.Abp.Security.System.Security.Principal.AbpClaimsIdentityExtensions.FindEditionId in csharp at /Users/svilen/Documents/Projects/ReposForTesting/abp/framework/src/Volo.Abp.Security/System/Security/Principal/AbpClaimsIdentityExtensions.cs
2026-09-07 11:58:00 INFO     [static_analyzer.reference_resolver:394] [Reference Resolution] File path matched for Volo.Abp.PermissionManagement.Domain.IdentityServer.Volo.Abp.PermissionManagement.IdentityServer.ClientResourcePermissionProviderKeyLookupService.SearchAsync in csharp at /Users/svilen/Documents/Projects/ReposForTesting/abp/modules/identityserver/src/Volo.Abp.PermissionManagement.Domain.IdentityServer/Volo/Abp/PermissionManagement/IdentityServer/ClientResourcePermissionProviderKeyLookupService.cs
2026-09-07 11:58:00 INFO     [diagram_analysis.scope_assembly:319] Merged relations: 1 total (1 static-backed, 0 semantic-only)
2026-09-07 11:58:00 INFO     [static_analyzer.reference_resolver:394] [Reference Resolution] File path matched for Volo.Abp.PermissionManagement.Domain.IdentityServer.Volo.Abp.PermissionManagement.IdentityServer.ClientResourcePermissionProviderKeyLookupService.SearchAsync in csharp at /Users/svilen/Documents/Projects/ReposForTesting/abp/modules/identityserver/src/Volo.Abp.PermissionManagement.Domain.IdentityServer/Volo/Abp/PermissionManagement/IdentityServer/ClientResourcePermissionProviderKeyLookupService.cs
2026-09-07 11:58:01 INFO     [static_analyzer.reference_resolver:394] [Reference Resolution] File path matched for Volo.Abp.PermissionManagement.Domain.IdentityServer.Volo.Abp.PermissionManagement.IdentityServer.ClientResourcePermissionProviderKeyLookupService.SearchAsync in csharp at /Users/svilen/Documents/Projects/ReposForTesting/abp/modules/identityserver/src/Volo.Abp.PermissionManagement.Domain.IdentityServer/Volo/Abp/PermissionManagement/IdentityServer/ClientResourcePermissionProviderKeyLookupService.cs
2026-09-07 11:58:01 INFO     [static_analyzer.reference_resolver:394] [Reference Resolution] File path matched for Volo.Abp.PermissionManagement.Domain.Identity.Volo.Abp.PermissionManagement.Identity.RolePermissionManagementProvider.CheckAsync in csharp at /Users/svilen/Documents/Projects/ReposForTesting/abp/modules/identity/src/Volo.Abp.PermissionManagement.Domain.Identity/Volo/Abp/PermissionManagement/Identity/RolePermissionManagementProvider.cs
2026-09-07 11:58:01 INFO     [static_analyzer.reference_resolver:394] [Reference Resolution] File path matched for Volo.Abp.PermissionManagement.Domain.Identity.Volo.Abp.PermissionManagement.Identity.RolePermissionManagementProvider.CheckAsync in csharp at /Users/svilen/Documents/Projects/ReposForTesting/abp/modules/identity/src/Volo.Abp.PermissionManagement.Domain.Identity/Volo/Abp/PermissionManagement/Identity/RolePermissionManagementProvider.cs
2026-09-07 11:58:02 INFO     [static_analyzer.reference_resolver:394] [Reference Resolution] File path matched for Volo.Abp.PermissionManagement.Domain.Identity.Volo.Abp.PermissionManagement.Identity.RolePermissionManagementProvider.CheckAsync in csharp at /Users/svilen/Documents/Projects/ReposForTesting/abp/modules/identity/src/Volo.Abp.PermissionManagement.Domain.Identity/Volo/Abp/PermissionManagement/Identity/RolePermissionManagementProvider.cs
2026-09-07 11:58:02 INFO     [static_analyzer.reference_resolver:394] [Reference Resolution] File path matched for Volo.Abp.PermissionManagement.Domain.Identity.Volo.Abp.PermissionManagement.Identity.RolePermissionManagementProvider.CheckAsync in csharp at /Users/svilen/Documents/Projects/ReposForTesting/abp/modules/identity/src/Volo.Abp.PermissionManagement.Domain.Identity/Volo/Abp/PermissionManagement/Identity/RolePermissionManagementProvider.cs
2026-09-07 11:58:03 INFO     [static_analyzer.reference_resolver:394] [Reference Resolution] File path matched for Volo.Abp.PermissionManagement.Domain.Identity.Volo.Abp.PermissionManagement.Identity.RoleResourcePermissionManagementProvider.CheckAsync in csharp at /Users/svilen/Documents/Projects/ReposForTesting/abp/modules/identity/src/Volo.Abp.PermissionManagement.Domain.Identity/Volo/Abp/PermissionManagement/Identity/RoleResourcePermissionManagementProvider.cs
2026-09-07 11:58:06 INFO     [diagram_analysis.scope_assembly:319] Merged relations: 13 total (13 static-backed, 0 semantic-only)
2026-09-07 11:58:06 INFO     [diagram_analysis.scope_assembly:92] Component symbol coverage: 139/139 assigned
2026-09-07 11:58:06 INFO     [diagram_analysis.scope_assembly:319] Merged relations: 4 total (4 static-backed, 0 semantic-only)
2026-09-07 11:58:06 INFO     [diagram_analysis.scope_assembly:92] Component symbol coverage: 109/109 assigned
2026-09-07 11:58:06 INFO     [diagram_analysis.scope_assembly:319] Merged relations: 2 total (2 static-backed, 0 semantic-only)
2026-09-07 11:58:07 INFO     [diagram_analysis.diagram_generator:1351] Expanded '2' with 25 new children.
2026-09-07 11:58:07 INFO     [diagram_analysis.diagram_generator:1353] Progress: 14 completed, 50 in flight, 0 errors
2026-09-07 11:58:14 INFO     [httpx:1025] HTTP Request: POST https://codeboarding-llm-api.openai.azure.com/openai/v1/chat/completions "HTTP/1.1 200 OK"
2026-09-07 11:58:14 INFO     [monitoring:62] Token Usage: step=startup model=Kimi-K2.6 usage={"input_tokens": 5748, "output_tokens": 5195, "total_tokens": 10943}
2026-09-07 11:58:14 INFO     [diagram_analysis.scope_assembly:319] Merged relations: 1 total (1 static-backed, 0 semantic-only)
2026-09-07 11:58:14 INFO     [diagram_analysis.scope_assembly:92] Component symbol coverage: 110/110 assigned
2026-09-07 11:58:14 INFO     [diagram_analysis.scope_assembly:319] Merged relations: 2 total (2 static-backed, 0 semantic-only)
2026-09-07 11:58:16 INFO     [diagram_analysis.diagram_generator:1351] Expanded '1' with 23 new children.
2026-09-07 11:58:20 INFO     [httpx:1025] HTTP Request: POST https://codeboarding-llm-api.openai.azure.com/openai/v1/chat/completions "HTTP/1.1 200 OK"
2026-09-07 11:58:20 INFO     [monitoring:62] Token Usage: step=startup model=Kimi-K2.6 usage={"input_tokens": 15703, "output_tokens": 11866, "total_tokens": 27569}
2026-09-07 11:58:25 INFO     [static_analyzer.reference_resolver:394] [Reference Resolution] File path matched for Volo.Abp.MongoDB.DistributedEvents.MongoDbContextEventInbox in csharp at /Users/svilen/Documents/Projects/ReposForTesting/abp/framework/src/Volo.Abp.MongoDB/Volo/Abp/MongoDB/DistributedEvents/MongoDbContextEventInbox.cs
2026-09-07 11:58:25 INFO     [static_analyzer.reference_resolver:394] [Reference Resolution] File path matched for Volo.Abp.MongoDB.DistributedEvents.MongoDbContextEventOutbox in csharp at /Users/svilen/Documents/Projects/ReposForTesting/abp/framework/src/Volo.Abp.MongoDB/Volo/Abp/MongoDB/DistributedEvents/MongoDbContextEventOutbox.cs
2026-09-07 11:58:26 INFO     [static_analyzer.reference_resolver:394] [Reference Resolution] File path matched for Volo.Abp.Domain.Repositories.MongoDB.IMongoDbRepositoryFilterer in csharp at /Users/svilen/Documents/Projects/ReposForTesting/abp/framework/src/Volo.Abp.MongoDB/Volo/Abp/Domain/Repositories/MongoDB/IMongoDbRepositoryFilterer.cs
2026-09-07 11:58:26 INFO     [static_analyzer.reference_resolver:394] [Reference Resolution] File path matched for Volo.Abp.Domain.Repositories.MongoDB.MongoDbRepositoryFilterer in csharp at /Users/svilen/Documents/Projects/ReposForTesting/abp/framework/src/Volo.Abp.MongoDB/Volo/Abp/Domain/Repositories/MongoDB/MongoDbRepositoryFilterer.cs
2026-09-07 11:58:27 INFO     [static_analyzer.reference_resolver:394] [Reference Resolution] File path matched for Volo.Abp.Uow.MongoDB.UnitOfWorkMongoDbContextProvider in csharp at /Users/svilen/Documents/Projects/ReposForTesting/abp/framework/src/Volo.Abp.MongoDB/Volo/Abp/Uow/MongoDB/UnitOfWorkMongoDbContextProvider.cs
2026-09-07 11:58:28 INFO     [static_analyzer.reference_resolver:394] [Reference Resolution] File path matched for Volo.Abp.MongoDB.DistributedEvents.MongoDbContextEventInbox.EnqueueAsync in csharp at /Users/svilen/Documents/Projects/ReposForTesting/abp/framework/src/Volo.Abp.MongoDB/Volo/Abp/MongoDB/DistributedEvents/MongoDbContextEventInbox.cs
2026-09-07 11:58:28 INFO     [static_analyzer.reference_resolver:394] [Reference Resolution] File path matched for Volo.Abp.Uow.MongoDB.UnitOfWorkMongoDbContextProvider.GetDbContextAsync in csharp at /Users/svilen/Documents/Projects/ReposForTesting/abp/framework/src/Volo.Abp.MongoDB/Volo/Abp/Uow/MongoDB/UnitOfWorkMongoDbContextProvider.cs
2026-09-07 11:58:28 INFO     [static_analyzer.reference_resolver:394] [Reference Resolution] File path matched for Volo.Abp.MongoDB.DistributedEvents.MongoDbContextEventInbox.DeleteOldEventsAsync in csharp at /Users/svilen/Documents/Projects/ReposForTesting/abp/framework/src/Volo.Abp.MongoDB/Volo/Abp/MongoDB/DistributedEvents/MongoDbContextEventInbox.cs
2026-09-07 11:58:29 INFO     [static_analyzer.reference_resolver:394] [Reference Resolution] File path matched for Volo.Abp.Uow.MongoDB.UnitOfWorkMongoDbContextProvider.GetDbContextAsync in csharp at /Users/svilen/Documents/Projects/ReposForTesting/abp/framework/src/Volo.Abp.MongoDB/Volo/Abp/Uow/MongoDB/UnitOfWorkMongoDbContextProvider.cs
2026-09-07 11:58:29 INFO     [static_analyzer.reference_resolver:394] [Reference Resolution] File path matched for Volo.Abp.Domain.Repositories.MongoDB.MongoDbRepository in csharp at /Users/svilen/Documents/Projects/ReposForTesting/abp/framework/src/Volo.Abp.MongoDB/Volo/Abp/Domain/Repositories/MongoDB/MongoDbRepository.cs
2026-09-07 11:58:29 INFO     [static_analyzer.reference_resolver:394] [Reference Resolution] File path matched for Volo.Abp.Domain.Repositories.MongoDB.MongoDbRepository in csharp at /Users/svilen/Documents/Projects/ReposForTesting/abp/framework/src/Volo.Abp.MongoDB/Volo/Abp/Domain/Repositories/MongoDB/MongoDbRepository.cs
2026-09-07 11:58:30 INFO     [static_analyzer.reference_resolver:394] [Reference Resolution] File path matched for Volo.Abp.Domain.Repositories.MongoDB.MongoDbRepository.GetDbContext in csharp at /Users/svilen/Documents/Projects/ReposForTesting/abp/framework/src/Volo.Abp.MongoDB/Volo/Abp/Domain/Repositories/MongoDB/MongoDbRepository.cs
2026-09-07 11:58:30 INFO     [static_analyzer.reference_resolver:394] [Reference Resolution] File path matched for Volo.Abp.Uow.MongoDB.UnitOfWorkMongoDbContextProvider.GetDbContext in csharp at /Users/svilen/Documents/Projects/ReposForTesting/abp/framework/src/Volo.Abp.MongoDB/Volo/Abp/Uow/MongoDB/UnitOfWorkMongoDbContextProvider.cs
2026-09-07 11:58:30 INFO     [static_analyzer.reference_resolver:394] [Reference Resolution] File path matched for Volo.Abp.Domain.Repositories.MongoDB.MongoDbRepository.GetDbContextAsync in csharp at /Users/svilen/Documents/Projects/ReposForTesting/abp/framework/src/Volo.Abp.MongoDB/Volo/Abp/Domain/Repositories/MongoDB/MongoDbRepository.cs
2026-09-07 11:58:31 INFO     [static_analyzer.reference_resolver:394] [Reference Resolution] File path matched for Volo.Abp.Uow.MongoDB.UnitOfWorkMongoDbContextProvider.GetDbContextAsync in csharp at /Users/svilen/Documents/Projects/ReposForTesting/abp/framework/src/Volo.Abp.MongoDB/Volo/Abp/Uow/MongoDB/UnitOfWorkMongoDbContextProvider.cs
2026-09-07 11:58:31 INFO     [httpx:1025] HTTP Request: POST https://codeboarding-llm-api.openai.azure.com/openai/v1/chat/completions "HTTP/1.1 200 OK"
2026-09-07 11:58:31 INFO     [monitoring:62] Token Usage: step=startup model=Kimi-K2.6 usage={"input_tokens": 11202, "output_tokens": 8004, "total_tokens": 19206}
2026-09-07 11:58:31 INFO     [static_analyzer.reference_resolver:394] [Reference Resolution] File path matched for Volo.Abp.Uow.MongoDB.UnitOfWorkMongoDbContextProvider.CreateDbContext in csharp at /Users/svilen/Documents/Projects/ReposForTesting/abp/framework/src/Volo.Abp.MongoDB/Volo/Abp/Uow/MongoDB/UnitOfWorkMongoDbContextProvider.cs
2026-09-07 11:58:32 INFO     [static_analyzer.reference_resolver:394] [Reference Resolution] File path matched for Volo.Abp.Uow.MongoDB.UnitOfWorkMongoDbContextProvider.CreateDbContext in csharp at /Users/svilen/Documents/Projects/ReposForTesting/abp/framework/src/Volo.Abp.MongoDB/Volo/Abp/Uow/MongoDB/UnitOfWorkMongoDbContextProvider.cs
2026-09-07 11:58:32 INFO     [static_analyzer.reference_resolver:394] [Reference Resolution] File path matched for Volo.Abp.Uow.MongoDB.UnitOfWorkMongoDbContextProvider.CreateDbContextAsync in csharp at /Users/svilen/Documents/Projects/ReposForTesting/abp/framework/src/Volo.Abp.MongoDB/Volo/Abp/Uow/MongoDB/UnitOfWorkMongoDbContextProvider.cs
2026-09-07 11:58:33 INFO     [static_analyzer.reference_resolver:394] [Reference Resolution] File path matched for Volo.Abp.Uow.MongoDB.UnitOfWorkMongoDbContextProvider.CreateDbContext in csharp at /Users/svilen/Documents/Projects/ReposForTesting/abp/framework/src/Volo.Abp.MongoDB/Volo/Abp/Uow/MongoDB/UnitOfWorkMongoDbContextProvider.cs
2026-09-07 11:58:33 INFO     [static_analyzer.reference_resolver:394] [Reference Resolution] File path matched for Volo.Abp.MongoDB.Clients.AbpMongoClientFactory.Get in csharp at /Users/svilen/Documents/Projects/ReposForTesting/abp/framework/src/Volo.Abp.MongoDB/Volo/Abp/MongoDB/Clients/AbpMongoClientFactory.cs
2026-09-07 11:58:33 INFO     [static_analyzer.reference_resolver:394] [Reference Resolution] File path matched for Volo.Abp.Uow.MongoDB.UnitOfWorkMongoDbContextProvider.CreateDbContextAsync in csharp at /Users/svilen/Documents/Projects/ReposForTesting/abp/framework/src/Volo.Abp.MongoDB/Volo/Abp/Uow/MongoDB/UnitOfWorkMongoDbContextProvider.cs
2026-09-07 11:58:34 INFO     [diagram_analysis.scope_assembly:319] Merged relations: 11 total (11 static-backed, 0 semantic-only)
2026-09-07 11:58:34 INFO     [diagram_analysis.scope_assembly:92] Component symbol coverage: 159/159 assigned
2026-09-07 11:58:34 INFO     [diagram_analysis.scope_assembly:319] Merged relations: 12 total (12 static-backed, 0 semantic-only)
2026-09-07 11:58:38 INFO     [diagram_analysis.scope_assembly:319] Merged relations: 1 total (1 static-backed, 0 semantic-only)
2026-09-07 11:58:38 INFO     [diagram_analysis.scope_assembly:92] Component symbol coverage: 170/170 assigned
2026-09-07 11:58:38 INFO     [diagram_analysis.scope_assembly:319] Merged relations: 1 total (1 static-backed, 0 semantic-only)
2026-09-07 11:58:38 INFO     [httpx:1025] HTTP Request: POST https://codeboarding-llm-api.openai.azure.com/openai/v1/chat/completions "HTTP/1.1 200 OK"
2026-09-07 11:58:38 INFO     [monitoring:62] Token Usage: step=startup model=Kimi-K2.6 usage={"input_tokens": 44992, "output_tokens": 26397, "total_tokens": 71389}
2026-09-07 11:58:46 INFO     [static_analyzer.reference_resolver:394] [Reference Resolution] File path matched for Volo.Abp.AspNetCore.Mvc.AbpAspNetCoreMvcModule:AddToApplicationParts in csharp at /Users/svilen/Documents/Projects/ReposForTesting/abp/framework/src/Volo.Abp.AspNetCore.Mvc/Volo/Abp/AspNetCore/Mvc/AbpAspNetCoreMvcModule.cs
2026-09-07 11:58:46 INFO     [static_analyzer.reference_resolver:394] [Reference Resolution] File path matched for Volo.Abp.AspNetCore.Mvc.Microsoft.Extensions.DependencyInjection.AbpMvcBuilderExtensions:AddIfNotContains in csharp at /Users/svilen/Documents/Projects/ReposForTesting/abp/framework/src/Volo.Abp.AspNetCore.Mvc/Microsoft/Extensions/DependencyInjection/AbpMvcBuilderExtensions.cs
2026-09-07 11:58:46 INFO     [static_analyzer.reference_resolver:394] [Reference Resolution] File path matched for Volo.Abp.AspNetCore.Mvc.AntiForgery.AbpAutoValidateAntiforgeryTokenAuthorizationFilter:ShouldValidate in csharp at /Users/svilen/Documents/Projects/ReposForTesting/abp/framework/src/Volo.Abp.AspNetCore.Mvc/Volo/Abp/AspNetCore/Mvc/AntiForgery/AbpAutoValidateAntiforgeryTokenAuthorizationFilter.cs
2026-09-07 11:58:47 INFO     [static_analyzer.reference_resolver:394] [Reference Resolution] File path matched for Volo.Abp.AspNetCore.Mvc.ApplicationConfigurations.AbpApplicationConfigurationAppService:GetAsync in csharp at /Users/svilen/Documents/Projects/ReposForTesting/abp/framework/src/Volo.Abp.AspNetCore.Mvc/Volo/Abp/AspNetCore/Mvc/ApplicationConfigurations/AbpApplicationConfigurationAppService.cs
2026-09-07 11:58:47 INFO     [static_analyzer.reference_resolver:394] [Reference Resolution] File path matched for Volo.Abp.AspNetCore.Mvc.ApplicationConfigurations.AbpApplicationConfigurationAppService:GetAsync in csharp at /Users/svilen/Documents/Projects/ReposForTesting/abp/framework/src/Volo.Abp.AspNetCore.Mvc/Volo/Abp/AspNetCore/Mvc/ApplicationConfigurations/AbpApplicationConfigurationAppService.cs
2026-09-07 11:58:47 INFO     [static_analyzer.reference_resolver:394] [Reference Resolution] File path matched for Volo.Abp.AspNetCore.Mvc.ApplicationConfigurations.AbpApplicationConfigurationAppService:GetAsync in csharp at /Users/svilen/Documents/Projects/ReposForTesting/abp/framework/src/Volo.Abp.AspNetCore.Mvc/Volo/Abp/AspNetCore/Mvc/ApplicationConfigurations/AbpApplicationConfigurationAppService.cs
2026-09-07 11:58:47 INFO     [static_analyzer.reference_resolver:394] [Reference Resolution] File path matched for Volo.Abp.AspNetCore.Mvc.ExceptionHandling.AbpExceptionFilter:HandleAndWrapException in csharp at /Users/svilen/Documents/Projects/ReposForTesting/abp/framework/src/Volo.Abp.AspNetCore.Mvc/Volo/Abp/AspNetCore/Mvc/ExceptionHandling/AbpExceptionFilter.cs
2026-09-07 11:58:48 INFO     [static_analyzer.reference_resolver:394] [Reference Resolution] File path matched for Volo.Abp.AspNetCore.Volo.Abp.AspNetCore.ExceptionHandling.DefaultAbpAuthorizationExceptionHandler:HandleAsync in csharp at /Users/svilen/Documents/Projects/ReposForTesting/abp/framework/src/Volo.Abp.AspNetCore/Volo/Abp/AspNetCore/ExceptionHandling/DefaultAbpAuthorizationExceptionHandler.cs
2026-09-07 11:58:48 INFO     [static_analyzer.reference_resolver:394] [Reference Resolution] File path matched for Volo.Abp.AspNetCore.Mvc.ExceptionHandling.AbpExceptionFilter:HandleAndWrapException in csharp at /Users/svilen/Documents/Projects/ReposForTesting/abp/framework/src/Volo.Abp.AspNetCore.Mvc/Volo/Abp/AspNetCore/Mvc/ExceptionHandling/AbpExceptionFilter.cs
2026-09-07 11:58:48 INFO     [static_analyzer.reference_resolver:394] [Reference Resolution] File path matched for Volo.Abp.AspNetCore.Mvc.ApplicationConfigurations.AbpApplicationConfigurationAppService:GetSettingConfigAsync in csharp at /Users/svilen/Documents/Projects/ReposForTesting/abp/framework/src/Volo.Abp.AspNetCore.Mvc/Volo/Abp/AspNetCore/Mvc/ApplicationConfigurations/AbpApplicationConfigurationAppService.cs
2026-09-07 11:58:48 INFO     [static_analyzer.reference_resolver:394] [Reference Resolution] File path matched for Volo.Abp.AspNetCore.Mvc.Client.Common.Volo.Abp.AspNetCore.Mvc.Client.RemoteSettingProvider:GetAllAsync in csharp at /Users/svilen/Documents/Projects/ReposForTesting/abp/framework/src/Volo.Abp.AspNetCore.Mvc.Client.Common/Volo/Abp/AspNetCore/Mvc/Client/RemoteSettingProvider.cs
2026-09-07 11:58:49 INFO     [static_analyzer.reference_resolver:394] [Reference Resolution] File path matched for Volo.Abp.AspNetCore.Mvc.ApplicationConfigurations.AbpApplicationConfigurationAppService:GetTimingConfigAsync in csharp at /Users/svilen/Documents/Projects/ReposForTesting/abp/framework/src/Volo.Abp.AspNetCore.Mvc/Volo/Abp/AspNetCore/Mvc/ApplicationConfigurations/AbpApplicationConfigurationAppService.cs
2026-09-07 11:58:49 INFO     [static_analyzer.reference_resolver:394] [Reference Resolution] File path matched for Volo.Abp.AspNetCore.Mvc.AbpAspNetCoreMvcModule:ConfigureServices in csharp at /Users/svilen/Documents/Projects/ReposForTesting/abp/framework/src/Volo.Abp.AspNetCore.Mvc/Volo/Abp/AspNetCore/Mvc/AbpAspNetCoreMvcModule.cs
2026-09-07 11:58:50 INFO     [static_analyzer.reference_resolver:394] [Reference Resolution] File path matched for Volo.Abp.AspNetCore.Microsoft.Extensions.DependencyInjection.AbpAspNetCoreServiceCollectionExtensions:GetHostingEnvironment in csharp at /Users/svilen/Documents/Projects/ReposForTesting/abp/framework/src/Volo.Abp.AspNetCore/Microsoft/Extensions/DependencyInjection/AbpAspNetCoreServiceCollectionExtensions.cs
2026-09-07 11:58:50 INFO     [static_analyzer.reference_resolver:394] [Reference Resolution] File path matched for Volo.Abp.AspNetCore.Mvc.ExceptionHandling.AbpExceptionFilter:ShouldHandleException in csharp at /Users/svilen/Documents/Projects/ReposForTesting/abp/framework/src/Volo.Abp.AspNetCore.Mvc/Volo/Abp/AspNetCore/Mvc/ExceptionHandling/AbpExceptionFilter.cs
2026-09-07 11:58:50 INFO     [static_analyzer.reference_resolver:394] [Reference Resolution] File path matched for Volo.Abp.AspNetCore.Microsoft.AspNetCore.Http.AbpHttpRequestExtensions:IsAjax in csharp at /Users/svilen/Documents/Projects/ReposForTesting/abp/framework/src/Volo.Abp.AspNetCore/Microsoft/AspNetCore/Http/AbpHttpRequestExtensions.cs
2026-09-07 11:58:50 INFO     [static_analyzer.reference_resolver:394] [Reference Resolution] File path matched for Volo.Abp.AspNetCore.Mvc.DependencyInjection.AbpAspNetCoreMvcConventionalRegistrar:IsConventionalRegistrationDisabled in csharp at /Users/svilen/Documents/Projects/ReposForTesting/abp/framework/src/Volo.Abp.AspNetCore.Mvc/Volo/Abp/AspNetCore/Mvc/DependencyInjection/AbpAspNetCoreMvcConventionalRegistrar.cs
2026-09-07 11:58:51 INFO     [httpx:1025] HTTP Request: POST https://codeboarding-llm-api.openai.azure.com/openai/v1/chat/completions "HTTP/1.1 200 OK"
2026-09-07 11:58:51 INFO     [static_analyzer.reference_resolver:394] [Reference Resolution] File path matched for Volo.Abp.AspNetCore.SignalR.Volo.Abp.AspNetCore.SignalR.AbpSignalRConventionalRegistrar:IsConventionalRegistrationDisabled in csharp at /Users/svilen/Documents/Projects/ReposForTesting/abp/framework/src/Volo.Abp.AspNetCore.SignalR/Volo/Abp/AspNetCore/SignalR/AbpSignalRConventionalRegistrar.cs
2026-09-07 11:58:51 INFO     [monitoring:62] Token Usage: step=startup model=Kimi-K2.6 usage={"input_tokens": 6378, "output_tokens": 6116, "total_tokens": 12494}
2026-09-07 11:58:51 INFO     [static_analyzer.reference_resolver:394] [Reference Resolution] File path matched for Volo.Abp.AspNetCore.Mvc.Microsoft.AspNetCore.Mvc.Abstractions.ActionDescriptorExtensions:HasObjectResult in csharp at /Users/svilen/Documents/Projects/ReposForTesting/abp/framework/src/Volo.Abp.AspNetCore.Mvc/Microsoft/AspNetCore/Mvc/Abstractions/ActionDescriptorExtensions.cs
2026-09-07 11:58:51 INFO     [httpx:1025] HTTP Request: POST https://codeboarding-llm-api.openai.azure.com/openai/v1/chat/completions "HTTP/1.1 200 OK"
2026-09-07 11:58:51 INFO     [httpx:1025] HTTP Request: POST https://codeboarding-llm-api.openai.azure.com/openai/v1/chat/completions "HTTP/1.1 200 OK"
2026-09-07 11:58:51 INFO     [static_analyzer.reference_resolver:394] [Reference Resolution] File path matched for Volo.Abp.AspNetCore.Mvc.Microsoft.Extensions.DependencyInjection.AbpApiVersioningExtensions:ConfigureAbp in csharp at /Users/svilen/Documents/Projects/ReposForTesting/abp/framework/src/Volo.Abp.AspNetCore.Mvc/Microsoft/Extensions/DependencyInjection/AbpApiVersioningExtensions.cs
2026-09-07 11:58:52 INFO     [monitoring:62] Token Usage: step=startup model=Kimi-K2.6 usage={"input_tokens": 5597, "output_tokens": 4293, "total_tokens": 9890}
2026-09-07 11:58:52 INFO     [monitoring:62] Token Usage: step=startup model=Kimi-K2.6 usage={"input_tokens": 16363, "output_tokens": 10736, "total_tokens": 27099}
2026-09-07 11:58:52 INFO     [static_analyzer.reference_resolver:394] [Reference Resolution] File path matched for Volo.Abp.AspNetCore.Mvc.Microsoft.AspNetCore.Builder.AbpAspNetCoreMvcApplicationBuilderExtensions:UseMvcWithDefaultRouteAndArea in csharp at /Users/svilen/Documents/Projects/ReposForTesting/abp/framework/src/Volo.Abp.AspNetCore.Mvc/Microsoft/AspNetCore/Builder/AbpAspNetCoreMvcApplicationBuilderExtensions.cs
2026-09-07 11:58:52 INFO     [static_analyzer.reference_resolver:394] [Reference Resolution] File path matched for Volo.Abp.AspNetCore.Microsoft.AspNetCore.Builder.AbpAspNetCoreApplicationBuilderExtensions:UseConfiguredEndpoints in csharp at /Users/svilen/Documents/Projects/ReposForTesting/abp/framework/src/Volo.Abp.AspNetCore/Microsoft/AspNetCore/Builder/AbpAspNetCoreApplicationBuilderExtensions.cs
2026-09-07 11:58:52 INFO     [static_analyzer.reference_resolver:394] [Reference Resolution] File path matched for Volo.Abp.AspNetCore.Mvc.Contracts.Volo.Abp.AspNetCore.Mvc.ApplicationConfigurations.ApplicationConfigurationDto:.ctor in csharp at /Users/svilen/Documents/Projects/ReposForTesting/abp/framework/src/Volo.Abp.AspNetCore.Mvc.Contracts/Volo/Abp/AspNetCore/Mvc/ApplicationConfigurations/ApplicationConfigurationDto.cs
2026-09-07 11:58:53 INFO     [httpx:1025] HTTP Request: POST https://codeboarding-llm-api.openai.azure.com/openai/v1/chat/completions "HTTP/1.1 200 OK"
2026-09-07 11:58:53 INFO     [monitoring:62] Token Usage: step=startup model=Kimi-K2.6 usage={"input_tokens": 4351, "output_tokens": 1960, "total_tokens": 6311}
2026-09-07 11:58:53 INFO     [agents.tools.read_file:34] [ReadFile Tool] Reading file framework/src/Volo.Abp.BlazoriseUI/Components/ObjectExtending/ExtensionPropertyComponentBase.cs around line 1
2026-09-07 11:58:53 INFO     [agents.tools.read_file:72] [ReadFile Tool] Successfully read 91 lines from framework/src/Volo.Abp.BlazoriseUI/Components/ObjectExtending/ExtensionPropertyComponentBase.cs 
2026-09-07 11:58:53 INFO     [static_analyzer.reference_resolver:394] [Reference Resolution] File path matched for Volo.Abp.AspNetCore.Volo.Abp.AspNetCore.RazorViews.AbpCompilationRazorPageBase:ExecuteAsync in csharp at /Users/svilen/Documents/Projects/ReposForTesting/abp/framework/src/Volo.Abp.AspNetCore/Volo/Abp/AspNetCore/RazorViews/AbpCompilationRazorPageBase.cs
2026-09-07 11:58:53 INFO     [static_analyzer.reference_resolver:394] [Reference Resolution] File path matched for Volo.Abp.AspNetCore.Mvc.Volo.Abp.AspNetCore.Mvc.Libs.AbpMvcLibsErrorPage.Designer.AbpMvcLibsErrorPage:ExecuteAsync in csharp at /Users/svilen/Documents/Projects/ReposForTesting/abp/framework/src/Volo.Abp.AspNetCore.Mvc/Volo/Abp/AspNetCore/Mvc/Libs/AbpMvcLibsErrorPage.Designer.cs
2026-09-07 11:58:54 INFO     [static_analyzer.reference_resolver:394] [Reference Resolution] File path matched for Volo.Abp.AspNetCore.Volo.Abp.AspNetCore.AbpAspNetCoreModule:ConfigureServices in csharp at /Users/svilen/Documents/Projects/ReposForTesting/abp/framework/src/Volo.Abp.AspNetCore/Volo/Abp/AspNetCore/AbpAspNetCoreModule.cs
2026-09-07 11:58:54 INFO     [static_analyzer.reference_resolver:394] [Reference Resolution] File path matched for Volo.Abp.AspNetCore.Microsoft.Extensions.DependencyInjection.AbpAspNetCoreServiceCollectionExtensions:GetHostingEnvironment in csharp at /Users/svilen/Documents/Projects/ReposForTesting/abp/framework/src/Volo.Abp.AspNetCore/Microsoft/Extensions/DependencyInjection/AbpAspNetCoreServiceCollectionExtensions.cs
2026-09-07 11:58:54 INFO     [static_analyzer.reference_resolver:394] [Reference Resolution] File path matched for Volo.Abp.AspNetCore.Volo.Abp.AspNetCore.RazorViews.AbpCompilationRazorPageBase:ExecuteAsync in csharp at /Users/svilen/Documents/Projects/ReposForTesting/abp/framework/src/Volo.Abp.AspNetCore/Volo/Abp/AspNetCore/RazorViews/AbpCompilationRazorPageBase.cs
2026-09-07 11:58:55 INFO     [static_analyzer.reference_resolver:394] [Reference Resolution] File path matched for Volo.Abp.AspNetCore.MultiTenancy.Volo.Abp.AspNetCore.MultiTenancy.Views.MultiTenancyMiddlewareErrorPage.Designer.MultiTenancyMiddlewareErrorPage:ExecuteAsync in csharp at /Users/svilen/Documents/Projects/ReposForTesting/abp/framework/src/Volo.Abp.AspNetCore.MultiTenancy/Volo/Abp/AspNetCore/MultiTenancy/Views/MultiTenancyMiddlewareErrorPage.Designer.cs
2026-09-07 11:58:55 INFO     [httpx:1025] HTTP Request: POST https://codeboarding-llm-api.openai.azure.com/openai/v1/chat/completions "HTTP/1.1 200 OK"
2026-09-07 11:58:55 INFO     [monitoring:62] Token Usage: step=startup model=Kimi-K2.6 usage={"input_tokens": 5538, "output_tokens": 46, "total_tokens": 5584}
2026-09-07 11:58:55 INFO     [agents.tools.read_file:34] [ReadFile Tool] Reading file framework/src/Volo.Abp.BlazoriseUI/Components/ObjectExtending/ExtensionProperties.razor.cs around line 1
2026-09-07 11:58:55 INFO     [static_analyzer.reference_resolver:394] [Reference Resolution] File path matched for Volo.Abp.AspNetCore.Mvc.Volo.Abp.AspNetCore.Mvc.ModelBinding.Metadata.AbpModelMetadataProvider:NormalizeValidationAttribute in csharp at /Users/svilen/Documents/Projects/ReposForTesting/abp/framework/src/Volo.Abp.AspNetCore.Mvc/Volo/Abp/AspNetCore/Mvc/ModelBinding/Metadata/AbpModelMetadataProvider.cs
2026-09-07 11:58:55 INFO     [agents.tools.read_file:72] [ReadFile Tool] Successfully read 42 lines from framework/src/Volo.Abp.BlazoriseUI/Components/ObjectExtending/ExtensionProperties.razor.cs 
2026-09-07 11:58:55 INFO     [static_analyzer.reference_resolver:394] [Reference Resolution] File path matched for Volo.Abp.AspNetCore.Mvc.Volo.Abp.AspNetCore.Mvc.Validation.ValidationAttributeHelper:SetDefaultErrorMessage in csharp at /Users/svilen/Documents/Projects/ReposForTesting/abp/framework/src/Volo.Abp.AspNetCore.Mvc/Volo/Abp/AspNetCore/Mvc/Validation/ValidationAttributeHelper.cs
2026-09-07 11:58:55 INFO     [static_analyzer.reference_resolver:394] [Reference Resolution] File path matched for Volo.Abp.AspNetCore.Mvc.Volo.Abp.AspNetCore.Mvc.ViewFeatures.AbpValidationHtmlAttributeProvider:AddExtraPropertyValidationsAttributes in csharp at /Users/svilen/Documents/Projects/ReposForTesting/abp/framework/src/Volo.Abp.AspNetCore.Mvc/Volo/Abp/AspNetCore/Mvc/ViewFeatures/AbpValidationHtmlAttributeProvider.cs
2026-09-07 11:58:56 INFO     [static_analyzer.reference_resolver:394] [Reference Resolution] File path matched for Volo.Abp.AspNetCore.Mvc.Volo.Abp.AspNetCore.Mvc.ModelBinding.ExtraPropertyBindingHelper:ExtractExtraPropertyName in csharp at /Users/svilen/Documents/Projects/ReposForTesting/abp/framework/src/Volo.Abp.AspNetCore.Mvc/Volo/Abp/AspNetCore/Mvc/ModelBinding/ExtraPropertyBindingHelper.cs
2026-09-07 11:58:56 INFO     [static_analyzer.reference_resolver:394] [Reference Resolution] File path matched for Volo.Abp.AspNetCore.Microsoft.AspNetCore.Builder.AbpApplicationBuilderExtensions:UseStaticFilesForPatterns in csharp at /Users/svilen/Documents/Projects/ReposForTesting/abp/framework/src/Volo.Abp.AspNetCore/Microsoft/AspNetCore/Builder/AbpApplicationBuilderExtensions.cs
2026-09-07 11:58:57 INFO     [static_analyzer.reference_resolver:394] [Reference Resolution] File path matched for Volo.Abp.AspNetCore.Volo.Abp.AspNetCore.StaticFiles.AbpStaticFileProvider:.ctor in csharp at /Users/svilen/Documents/Projects/ReposForTesting/abp/framework/src/Volo.Abp.AspNetCore/Volo/Abp/AspNetCore/StaticFiles/AbpStaticFileProvider.cs
2026-09-07 11:58:57 INFO     [static_analyzer.reference_resolver:394] [Reference Resolution] File path matched for Volo.Abp.AspNetCore.Microsoft.AspNetCore.Builder.AbpApplicationBuilderExtensions:UseVirtualStaticFiles in csharp at /Users/svilen/Documents/Projects/ReposForTesting/abp/framework/src/Volo.Abp.AspNetCore/Microsoft/AspNetCore/Builder/AbpApplicationBuilderExtensions.cs
2026-09-07 11:58:57 INFO     [httpx:1025] HTTP Request: POST https://codeboarding-llm-api.openai.azure.com/openai/v1/chat/completions "HTTP/1.1 200 OK"
2026-09-07 11:58:57 INFO     [monitoring:62] Token Usage: step=startup model=Kimi-K2.6 usage={"input_tokens": 6120, "output_tokens": 48, "total_tokens": 6168}
2026-09-07 11:58:57 INFO     [agents.tools.read_file:34] [ReadFile Tool] Reading file framework/src/Volo.Abp.BlazoriseUI/Components/ObjectExtending/DateTimeExtensionProperty.razor.cs around line 1
2026-09-07 11:58:57 INFO     [static_analyzer.reference_resolver:394] [Reference Resolution] File path matched for Volo.Abp.AspNetCore.Volo.Abp.AspNetCore.VirtualFileSystem.WebContentFileProvider:.ctor in csharp at /Users/svilen/Documents/Projects/ReposForTesting/abp/framework/src/Volo.Abp.AspNetCore/Volo/Abp/AspNetCore/VirtualFileSystem/WebContentFileProvider.cs
2026-09-07 11:58:57 INFO     [agents.tools.read_file:72] [ReadFile Tool] Successfully read 17 lines from framework/src/Volo.Abp.BlazoriseUI/Components/ObjectExtending/DateTimeExtensionProperty.razor.cs 
2026-09-07 11:58:58 INFO     [static_analyzer.reference_resolver:394] [Reference Resolution] File path matched for Volo.Abp.AspNetCore.Microsoft.AspNetCore.RequestLocalization.DefaultAbpRequestLocalizationOptionsProvider:GetLocalizationOptionsAsync in csharp at /Users/svilen/Documents/Projects/ReposForTesting/abp/framework/src/Volo.Abp.AspNetCore/Microsoft/AspNetCore/RequestLocalization/DefaultAbpRequestLocalizationOptionsProvider.cs
2026-09-07 11:58:58 INFO     [static_analyzer.reference_resolver:394] [Reference Resolution] File path matched for Volo.Abp.AspNetCore.Mvc.Client.Common.Volo.Abp.AspNetCore.Mvc.Client.RemoteSettingProvider:GetOrNullAsync in csharp at /Users/svilen/Documents/Projects/ReposForTesting/abp/framework/src/Volo.Abp.AspNetCore.Mvc.Client.Common/Volo/Abp/AspNetCore/Mvc/Client/RemoteSettingProvider.cs
2026-09-07 11:58:58 INFO     [static_analyzer.reference_resolver:394] [Reference Resolution] File path matched for Volo.Abp.AspNetCore.MultiTenancy.Volo.Abp.AspNetCore.MultiTenancy.AbpAspNetCoreMultiTenancyOptions:.ctor in csharp at /Users/svilen/Documents/Projects/ReposForTesting/abp/framework/src/Volo.Abp.AspNetCore.MultiTenancy/Volo/Abp/AspNetCore/MultiTenancy/AbpAspNetCoreMultiTenancyOptions.cs
2026-09-07 11:58:58 INFO     [static_analyzer.reference_resolver:394] [Reference Resolution] File path matched for Volo.Abp.AspNetCore.Volo.Abp.AspNetCore.RazorViews.AbpCompilationRazorPageBase:ExecuteAsync in csharp at /Users/svilen/Documents/Projects/ReposForTesting/abp/framework/src/Volo.Abp.AspNetCore/Volo/Abp/AspNetCore/RazorViews/AbpCompilationRazorPageBase.cs
2026-09-07 11:58:59 INFO     [static_analyzer.reference_resolver:394] [Reference Resolution] File path matched for Volo.Abp.AspNetCore.MultiTenancy.Volo.Abp.AspNetCore.MultiTenancy.HttpTenantResolveContributorBase:ResolveAsync in csharp at /Users/svilen/Documents/Projects/ReposForTesting/abp/framework/src/Volo.Abp.AspNetCore.MultiTenancy/Volo/Abp/AspNetCore/MultiTenancy/HttpTenantResolveContributorBase.cs
2026-09-07 11:58:59 INFO     [static_analyzer.reference_resolver:394] [Reference Resolution] File path matched for Volo.Abp.AspNetCore.Volo.Abp.ServiceProviderAccessorExtensions:GetHttpContext in csharp at /Users/svilen/Documents/Projects/ReposForTesting/abp/framework/src/Volo.Abp.AspNetCore/Volo/Abp/ServiceProviderAccessorExtensions.cs
2026-09-07 11:58:59 INFO     [static_analyzer.reference_resolver:394] [Reference Resolution] File path matched for Volo.Abp.AspNetCore.MultiTenancy.Volo.Abp.AspNetCore.MultiTenancy.CookieTenantResolveContributor:GetTenantIdOrNameFromHttpContextOrNullAsync in csharp at /Users/svilen/Documents/Projects/ReposForTesting/abp/framework/src/Volo.Abp.AspNetCore.MultiTenancy/Volo/Abp/AspNetCore/MultiTenancy/CookieTenantResolveContributor.cs
2026-09-07 11:58:59 INFO     [httpx:1025] HTTP Request: POST https://codeboarding-llm-api.openai.azure.com/openai/v1/chat/completions "HTTP/1.1 200 OK"
2026-09-07 11:58:59 INFO     [monitoring:62] Token Usage: step=startup model=Kimi-K2.6 usage={"input_tokens": 6395, "output_tokens": 46, "total_tokens": 6441}
2026-09-07 11:58:59 INFO     [agents.tools.read_file:34] [ReadFile Tool] Reading file framework/src/Volo.Abp.BlazoriseUI/Components/ObjectExtending/TextExtensionProperty.razor.cs around line 1
2026-09-07 11:58:59 INFO     [agents.tools.read_file:72] [ReadFile Tool] Successfully read 16 lines from framework/src/Volo.Abp.BlazoriseUI/Components/ObjectExtending/TextExtensionProperty.razor.cs 
2026-09-07 11:58:59 INFO     [static_analyzer.reference_resolver:394] [Reference Resolution] File path matched for Volo.Abp.AspNetCore.MultiTenancy.Volo.Abp.AspNetCore.MultiTenancy.TenantResolveContextExtensions:GetAbpAspNetCoreMultiTenancyOptions in csharp at /Users/svilen/Documents/Projects/ReposForTesting/abp/framework/src/Volo.Abp.AspNetCore.MultiTenancy/Volo/Abp/AspNetCore/MultiTenancy/TenantResolveContextExtensions.cs
2026-09-07 11:59:00 INFO     [static_analyzer.reference_resolver:394] [Reference Resolution] File path matched for Volo.Abp.AspNetCore.MultiTenancy.Volo.Abp.AspNetCore.MultiTenancy.AbpAspNetCoreMultiTenancyOptions:.ctor in csharp at /Users/svilen/Documents/Projects/ReposForTesting/abp/framework/src/Volo.Abp.AspNetCore.MultiTenancy/Volo/Abp/AspNetCore/MultiTenancy/AbpAspNetCoreMultiTenancyOptions.cs
2026-09-07 11:59:00 INFO     [static_analyzer.reference_resolver:394] [Reference Resolution] File path matched for Volo.Abp.AspNetCore.Microsoft.AspNetCore.Http.AbpHttpRequestExtensions:IsAjax in csharp at /Users/svilen/Documents/Projects/ReposForTesting/abp/framework/src/Volo.Abp.AspNetCore/Microsoft/AspNetCore/Http/AbpHttpRequestExtensions.cs
2026-09-07 11:59:01 INFO     [static_analyzer.reference_resolver:394] [Reference Resolution] File path matched for Volo.Abp.AspNetCore.MultiTenancy.Volo.Abp.AspNetCore.MultiTenancy.MultiTenancyMiddleware:InvokeAsync in csharp at /Users/svilen/Documents/Projects/ReposForTesting/abp/framework/src/Volo.Abp.AspNetCore.MultiTenancy/Volo/Abp/AspNetCore/MultiTenancy/MultiTenancyMiddleware.cs
2026-09-07 11:59:01 INFO     [static_analyzer.reference_resolver:394] [Reference Resolution] File path matched for Volo.Abp.AspNetCore.Authentication.OpenIdConnect.Microsoft.Extensions.DependencyInjection.AbpOpenIdConnectExtensions:AddAbpOpenIdConnect in csharp at /Users/svilen/Documents/Projects/ReposForTesting/abp/framework/src/Volo.Abp.AspNetCore.Authentication.OpenIdConnect/Microsoft/Extensions/DependencyInjection/AbpOpenIdConnectExtensions.cs
2026-09-07 11:59:01 INFO     [static_analyzer.reference_resolver:394] [Reference Resolution] File path matched for Volo.Abp.AspNetCore.Microsoft.AspNetCore.RequestLocalization.AbpRequestCultureCookieHelper:SetCultureCookie in csharp at /Users/svilen/Documents/Projects/ReposForTesting/abp/framework/src/Volo.Abp.AspNetCore/Microsoft/AspNetCore/RequestLocalization/AbpRequestCultureCookieHelper.cs
2026-09-07 11:59:02 INFO     [static_analyzer.reference_resolver:394] [Reference Resolution] File path matched for Volo.Abp.AspNetCore.SignalR.Volo.Abp.AspNetCore.SignalR.AbpSignalRConventionalRegistrar:IsConventionalRegistrationDisabled in csharp at /Users/svilen/Documents/Projects/ReposForTesting/abp/framework/src/Volo.Abp.AspNetCore.SignalR/Volo/Abp/AspNetCore/SignalR/AbpSignalRConventionalRegistrar.cs
2026-09-07 11:59:02 INFO     [static_analyzer.reference_resolver:394] [Reference Resolution] File path matched for Volo.Abp.AspNetCore.Mvc.Volo.Abp.AspNetCore.Mvc.DependencyInjection.AbpAspNetCoreMvcConventionalRegistrar:IsConventionalRegistrationDisabled in csharp at /Users/svilen/Documents/Projects/ReposForTesting/abp/framework/src/Volo.Abp.AspNetCore.Mvc/Volo/Abp/AspNetCore/Mvc/DependencyInjection/AbpAspNetCoreMvcConventionalRegistrar.cs
2026-09-07 11:59:02 INFO     [httpx:1025] HTTP Request: POST https://codeboarding-llm-api.openai.azure.com/openai/v1/chat/completions "HTTP/1.1 200 OK"
2026-09-07 11:59:02 INFO     [monitoring:62] Token Usage: step=startup model=Kimi-K2.6 usage={"input_tokens": 6656, "output_tokens": 47, "total_tokens": 6703}
2026-09-07 11:59:02 INFO     [static_analyzer.reference_resolver:394] [Reference Resolution] File path matched for Volo.Abp.AspNetCore.SignalR.Volo.Abp.AspNetCore.SignalR.AbpHubContextAccessorHubFilter:InvokeMethodAsync in csharp at /Users/svilen/Documents/Projects/ReposForTesting/abp/framework/src/Volo.Abp.AspNetCore.SignalR/Volo/Abp/AspNetCore/SignalR/AbpHubContextAccessorHubFilter.cs
2026-09-07 11:59:02 INFO     [agents.tools.read_file:34] [ReadFile Tool] Reading file framework/src/Volo.Abp.BlazoriseUI/Components/ObjectExtending/LookupExtensionProperty.razor.cs around line 1
2026-09-07 11:59:02 INFO     [diagram_analysis.scope_assembly:319] Merged relations: 4 total (4 static-backed, 0 semantic-only)
2026-09-07 11:59:03 INFO     [agents.tools.read_file:72] [ReadFile Tool] Successfully read 98 lines from framework/src/Volo.Abp.BlazoriseUI/Components/ObjectExtending/LookupExtensionProperty.razor.cs 
2026-09-07 11:59:03 INFO     [static_analyzer.reference_resolver:394] [Reference Resolution] File path matched for Volo.Abp.AspNetCore.SignalR.Volo.Abp.AspNetCore.SignalR.IAbpHubContextAccessor:Change in csharp at /Users/svilen/Documents/Projects/ReposForTesting/abp/framework/src/Volo.Abp.AspNetCore.SignalR/Volo/Abp/AspNetCore/SignalR/IAbpHubContextAccessor.cs
2026-09-07 11:59:03 INFO     [static_analyzer.reference_resolver:394] [Reference Resolution] File path matched for Volo.Abp.AspNetCore.TestBase.Volo.Abp.AspNetCore.TestBase.AbpAspNetCoreAsyncIntegratedTestBase:InitializeAsync in csharp at /Users/svilen/Documents/Projects/ReposForTesting/abp/framework/src/Volo.Abp.AspNetCore.TestBase/Volo/Abp/AspNetCore/TestBase/AbpAspNetCoreAsyncIntegratedTestBase.cs
2026-09-07 11:59:03 INFO     [static_analyzer.reference_resolver:394] [Reference Resolution] File path matched for Volo.Abp.AspNetCore.Microsoft.AspNetCore.Builder.AbpApplicationBuilderExtensions:InitializeApplicationAsync in csharp at /Users/svilen/Documents/Projects/ReposForTesting/abp/framework/src/Volo.Abp.AspNetCore/Microsoft/AspNetCore/Builder/AbpApplicationBuilderExtensions.cs
2026-09-07 11:59:04 INFO     [static_analyzer.reference_resolver:394] [Reference Resolution] File path matched for Volo.Abp.AspNetCore.TestBase.Volo.Abp.AspNetCore.TestBase.TestStartup:Configure in csharp at /Users/svilen/Documents/Projects/ReposForTesting/abp/framework/src/Volo.Abp.AspNetCore.TestBase/Volo/Abp/AspNetCore/TestBase/TestStartup.cs
2026-09-07 11:59:04 INFO     [static_analyzer.reference_resolver:394] [Reference Resolution] File path matched for Volo.Abp.AspNetCore.Microsoft.AspNetCore.Builder.AbpApplicationBuilderExtensions:InitializeApplicationAsync in csharp at /Users/svilen/Documents/Projects/ReposForTesting/abp/framework/src/Volo.Abp.AspNetCore/Microsoft/AspNetCore/Builder/AbpApplicationBuilderExtensions.cs
2026-09-07 11:59:04 INFO     [diagram_analysis.scope_assembly:319] Merged relations: 22 total (22 static-backed, 0 semantic-only)
2026-09-07 11:59:06 INFO     [diagram_analysis.scope_assembly:92] Component symbol coverage: 114/114 assigned
2026-09-07 11:59:06 INFO     [diagram_analysis.scope_assembly:319] Merged relations: 7 total (7 static-backed, 0 semantic-only)
2026-09-07 11:59:06 INFO     [diagram_analysis.scope_assembly:92] Component symbol coverage: 110/110 assigned
2026-09-07 11:59:06 INFO     [diagram_analysis.scope_assembly:319] Merged relations: 7 total (7 static-backed, 0 semantic-only)
2026-09-07 11:59:07 INFO     [diagram_analysis.scope_assembly:319] Merged relations: 2 total (2 static-backed, 0 semantic-only)
2026-09-07 11:59:09 INFO     [diagram_analysis.scope_assembly:319] Merged relations: 2 total (2 static-backed, 0 semantic-only)
2026-09-07 11:59:09 INFO     [diagram_analysis.scope_assembly:92] Component symbol coverage: 172/172 assigned
2026-09-07 11:59:09 INFO     [diagram_analysis.scope_assembly:319] Merged relations: 1 total (1 static-backed, 0 semantic-only)
2026-09-07 11:59:09 INFO     [diagram_analysis.scope_assembly:92] Component symbol coverage: 106/106 assigned
2026-09-07 11:59:09 INFO     [diagram_analysis.scope_assembly:319] Merged relations: 5 total (5 static-backed, 0 semantic-only)
2026-09-07 11:59:10 INFO     [diagram_analysis.diagram_generator:1353] Progress: 16 completed, 71 in flight, 0 errors
2026-09-07 11:59:23 INFO     [httpx:1025] HTTP Request: POST https://codeboarding-llm-api.openai.azure.com/openai/v1/chat/completions "HTTP/1.1 200 OK"
2026-09-07 11:59:24 INFO     [monitoring:62] Token Usage: step=startup model=Kimi-K2.6 usage={"input_tokens": 7764, "output_tokens": 2610, "total_tokens": 10374}
2026-09-07 11:59:24 INFO     [agents.tools.read_file:34] [ReadFile Tool] Reading file framework/src/Volo.Abp.BlazoriseUI/Components/ObjectExtending/CheckExtensionProperty.razor.cs around line 1
2026-09-07 11:59:24 INFO     [agents.tools.read_file:72] [ReadFile Tool] Successfully read 16 lines from framework/src/Volo.Abp.BlazoriseUI/Components/ObjectExtending/CheckExtensionProperty.razor.cs 
2026-09-07 11:59:38 INFO     [httpx:1025] HTTP Request: POST https://codeboarding-llm-api.openai.azure.com/openai/v1/chat/completions "HTTP/1.1 200 OK"
2026-09-07 11:59:38 INFO     [monitoring:62] Token Usage: step=startup model=Kimi-K2.6 usage={"input_tokens": 8025, "output_tokens": 2118, "total_tokens": 10143}
2026-09-07 11:59:43 INFO     [httpx:1025] HTTP Request: POST https://codeboarding-llm-api.openai.azure.com/openai/v1/chat/completions "HTTP/1.1 200 OK"
2026-09-07 11:59:43 INFO     [monitoring:62] Token Usage: step=startup model=Kimi-K2.6 usage={"input_tokens": 27921, "output_tokens": 18040, "total_tokens": 45961}
2026-09-07 11:59:50 INFO     [diagram_analysis.scope_assembly:319] Merged relations: 19 total (19 static-backed, 0 semantic-only)
2026-09-07 11:59:50 INFO     [diagram_analysis.scope_assembly:92] Component symbol coverage: 189/189 assigned
2026-09-07 11:59:50 INFO     [diagram_analysis.scope_assembly:319] Merged relations: 3 total (3 static-backed, 0 semantic-only)
2026-09-07 12:00:06 INFO     [httpx:1025] HTTP Request: POST https://codeboarding-llm-api.openai.azure.com/openai/v1/chat/completions "HTTP/1.1 200 OK"
2026-09-07 12:00:06 INFO     [monitoring:62] Token Usage: step=startup model=Kimi-K2.6 usage={"input_tokens": 8097, "output_tokens": 5000, "total_tokens": 13097}
2026-09-07 12:00:07 INFO     [httpx:1025] HTTP Request: POST https://codeboarding-llm-api.openai.azure.com/openai/v1/chat/completions "HTTP/1.1 200 OK"
2026-09-07 12:00:07 INFO     [monitoring:62] Token Usage: step=startup model=Kimi-K2.6 usage={"input_tokens": 8332, "output_tokens": 16309, "total_tokens": 24641}
2026-09-07 12:00:08 INFO     [diagram_analysis.scope_assembly:319] Merged relations: 4 total (4 static-backed, 0 semantic-only)
2026-09-07 12:00:10 INFO     [static_analyzer.reference_resolver:394] [Reference Resolution] File path matched for Volo.Abp.BlazoriseUI.Components.EntityAction:ActionClickedAsync in csharp at /Users/svilen/Documents/Projects/ReposForTesting/abp/framework/src/Volo.Abp.BlazoriseUI/Components/EntityAction.razor.cs
2026-09-07 12:00:10 INFO     [static_analyzer.reference_resolver:394] [Reference Resolution] File path matched for Volo.Abp.BlazoriseUI.BlazoriseUiMessageService:Confirm in csharp at /Users/svilen/Documents/Projects/ReposForTesting/abp/framework/src/Volo.Abp.BlazoriseUI/BlazoriseUiMessageService.cs
2026-09-07 12:00:10 INFO     [diagram_analysis.scope_assembly:319] Merged relations: 1 total (1 static-backed, 0 semantic-only)
2026-09-07 12:00:10 INFO     [diagram_analysis.scope_assembly:92] Component symbol coverage: 68/68 assigned
2026-09-07 12:00:10 INFO     [diagram_analysis.scope_assembly:319] Merged relations: 5 total (5 static-backed, 0 semantic-only)
2026-09-07 12:00:10 INFO     [httpx:1025] HTTP Request: POST https://codeboarding-llm-api.openai.azure.com/openai/v1/chat/completions "HTTP/1.1 200 OK"
2026-09-07 12:00:10 INFO     [diagram_analysis.scope_assembly:92] Component symbol coverage: 249/249 assigned
2026-09-07 12:00:10 INFO     [diagram_analysis.scope_assembly:319] Merged relations: 0 total (0 static-backed, 0 semantic-only)
2026-09-07 12:00:10 INFO     [monitoring:62] Token Usage: step=startup model=Kimi-K2.6 usage={"input_tokens": 4026, "output_tokens": 8007, "total_tokens": 12033}
2026-09-07 12:00:11 INFO     [diagram_analysis.scope_assembly:319] Merged relations: 1 total (1 static-backed, 0 semantic-only)
2026-09-07 12:00:11 INFO     [diagram_analysis.scope_assembly:92] Component symbol coverage: 42/42 assigned
2026-09-07 12:00:11 INFO     [diagram_analysis.scope_assembly:319] Merged relations: 2 total (2 static-backed, 0 semantic-only)
2026-09-07 12:00:12 INFO     [httpx:1025] HTTP Request: POST https://codeboarding-llm-api.openai.azure.com/openai/v1/chat/completions "HTTP/1.1 200 OK"
2026-09-07 12:00:12 INFO     [monitoring:62] Token Usage: step=startup model=Kimi-K2.6 usage={"input_tokens": 6764, "output_tokens": 9539, "total_tokens": 16303}
2026-09-07 12:00:16 INFO     [static_analyzer.reference_resolver:394] [Reference Resolution] File path matched for Volo.Abp.Data.AbpDbConnectionOptions:.ctor in csharp at /Users/svilen/Documents/Projects/ReposForTesting/abp/framework/src/Volo.Abp.Data/Volo/Abp/Data/AbpDbConnectionOptions.cs
2026-09-07 12:00:16 INFO     [static_analyzer.reference_resolver:394] [Reference Resolution] File path matched for Volo.Abp.Data.AbpDataSeedOptions:.ctor in csharp at /Users/svilen/Documents/Projects/ReposForTesting/abp/framework/src/Volo.Abp.Data/Volo/Abp/Data/AbpDataSeedOptions.cs
2026-09-07 12:00:17 INFO     [httpx:1025] HTTP Request: POST https://codeboarding-llm-api.openai.azure.com/openai/v1/chat/completions "HTTP/1.1 200 OK"
2026-09-07 12:00:17 INFO     [static_analyzer.reference_resolver:394] [Reference Resolution] File path matched for Volo.Abp.Data.AbpDataModule:ConfigureServices in csharp at /Users/svilen/Documents/Projects/ReposForTesting/abp/framework/src/Volo.Abp.Data/Volo/Abp/Data/AbpDataModule.cs
2026-09-07 12:00:17 INFO     [monitoring:62] Token Usage: step=startup model=Kimi-K2.6 usage={"input_tokens": 2999, "output_tokens": 659, "total_tokens": 3658}
2026-09-07 12:00:17 INFO     [agents.tools.read_file:34] [ReadFile Tool] Reading file framework/src/Volo.Abp.Threading/Volo/Abp/Linq/AsyncQueryableExecuter.cs around line 1
2026-09-07 12:00:17 INFO     [agents.tools.read_file:72] [ReadFile Tool] Successfully read 300 lines from framework/src/Volo.Abp.Threading/Volo/Abp/Linq/AsyncQueryableExecuter.cs 
2026-09-07 12:00:17 INFO     [static_analyzer.reference_resolver:394] [Reference Resolution] File path matched for Volo.Abp.Data.DataFilter in csharp at /Users/svilen/Documents/Projects/ReposForTesting/abp/framework/src/Volo.Abp.Data/Volo/Abp/Data/DataFilter.cs
2026-09-07 12:00:17 INFO     [static_analyzer.reference_resolver:394] [Reference Resolution] File path matched for Volo.Abp.Data.AbpDataModule:ConfigureServices in csharp at /Users/svilen/Documents/Projects/ReposForTesting/abp/framework/src/Volo.Abp.Data/Volo/Abp/Data/AbpDataModule.cs
2026-09-07 12:00:18 INFO     [static_analyzer.reference_resolver:394] [Reference Resolution] File path matched for Volo.Abp.Data.DefaultConnectionStringChecker:CheckAsync in csharp at /Users/svilen/Documents/Projects/ReposForTesting/abp/framework/src/Volo.Abp.Data/Volo/Abp/Data/DefaultConnectionStringChecker.cs
2026-09-07 12:00:18 INFO     [static_analyzer.reference_resolver:394] [Reference Resolution] File path matched for Volo.Abp.Data.DefaultConnectionStringResolver:ResolveInternal in csharp at /Users/svilen/Documents/Projects/ReposForTesting/abp/framework/src/Volo.Abp.Data/Volo/Abp/Data/DefaultConnectionStringResolver.cs
2026-09-07 12:00:19 INFO     [static_analyzer.reference_resolver:394] [Reference Resolution] File path matched for Volo.Abp.Data.DefaultConnectionStringResolver:ResolveInternal in csharp at /Users/svilen/Documents/Projects/ReposForTesting/abp/framework/src/Volo.Abp.Data/Volo/Abp/Data/DefaultConnectionStringResolver.cs
2026-09-07 12:00:19 INFO     [static_analyzer.reference_resolver:394] [Reference Resolution] File path matched for Volo.Abp.Data.AbpDbConnectionOptions:GetConnectionStringOrNull in csharp at /Users/svilen/Documents/Projects/ReposForTesting/abp/framework/src/Volo.Abp.Data/Volo/Abp/Data/AbpDbConnectionOptions.cs
2026-09-07 12:00:19 INFO     [static_analyzer.reference_resolver:394] [Reference Resolution] File path matched for Volo.Abp.Data.DataFilter:Disable in csharp at /Users/svilen/Documents/Projects/ReposForTesting/abp/framework/src/Volo.Abp.Data/Volo/Abp/Data/DataFilter.cs
2026-09-07 12:00:20 INFO     [static_analyzer.reference_resolver:394] [Reference Resolution] File path matched for Volo.Abp.Data.DataFilter:Disable in csharp at /Users/svilen/Documents/Projects/ReposForTesting/abp/framework/src/Volo.Abp.Data/Volo/Abp/Data/DataFilter.cs
2026-09-07 12:00:20 INFO     [static_analyzer.reference_resolver:394] [Reference Resolution] File path matched for Volo.Abp.Data.IDataFilter:Disable in csharp at /Users/svilen/Documents/Projects/ReposForTesting/abp/framework/src/Volo.Abp.Data/Volo/Abp/Data/IDataFilter.cs
2026-09-07 12:00:20 INFO     [static_analyzer.reference_resolver:394] [Reference Resolution] File path matched for Volo.Abp.Data.DataFilter:Enable in csharp at /Users/svilen/Documents/Projects/ReposForTesting/abp/framework/src/Volo.Abp.Data/Volo/Abp/Data/DataFilter.cs
2026-09-07 12:00:21 INFO     [static_analyzer.reference_resolver:394] [Reference Resolution] File path matched for Volo.Abp.Data.DataFilter:Enable in csharp at /Users/svilen/Documents/Projects/ReposForTesting/abp/framework/src/Volo.Abp.Data/Volo/Abp/Data/DataFilter.cs
2026-09-07 12:00:21 INFO     [static_analyzer.reference_resolver:394] [Reference Resolution] File path matched for Volo.Abp.Data.IDataFilter:Enable in csharp at /Users/svilen/Documents/Projects/ReposForTesting/abp/framework/src/Volo.Abp.Data/Volo/Abp/Data/IDataFilter.cs
2026-09-07 12:00:21 INFO     [static_analyzer.reference_resolver:394] [Reference Resolution] File path matched for Volo.Abp.Data.DataFilterExtensions:Disable in csharp at /Users/svilen/Documents/Projects/ReposForTesting/abp/framework/src/Volo.Abp.Data/Volo/Abp/Data/DataFilterExtensions.cs
2026-09-07 12:00:22 INFO     [static_analyzer.reference_resolver:394] [Reference Resolution] File path matched for Volo.Abp.Data.DataFilter:Disable in csharp at /Users/svilen/Documents/Projects/ReposForTesting/abp/framework/src/Volo.Abp.Data/Volo/Abp/Data/DataFilter.cs
2026-09-07 12:00:22 INFO     [diagram_analysis.scope_assembly:319] Merged relations: 7 total (7 static-backed, 0 semantic-only)
2026-09-07 12:00:22 INFO     [diagram_analysis.scope_assembly:92] Component symbol coverage: 50/50 assigned
2026-09-07 12:00:22 INFO     [diagram_analysis.scope_assembly:319] Merged relations: 3 total (3 static-backed, 0 semantic-only)
2026-09-07 12:00:22 INFO     [httpx:1025] HTTP Request: POST https://codeboarding-llm-api.openai.azure.com/openai/v1/chat/completions "HTTP/1.1 200 OK"
2026-09-07 12:00:22 INFO     [monitoring:62] Token Usage: step=startup model=Kimi-K2.6 usage={"input_tokens": 6340, "output_tokens": 524, "total_tokens": 6864}
2026-09-07 12:00:22 INFO     [agents.tools.read_file:34] [ReadFile Tool] Reading file framework/src/Volo.Abp.Threading/Volo/Abp/Threading/AbpThreadingModule.cs around line 1
2026-09-07 12:00:22 INFO     [agents.tools.read_file:72] [ReadFile Tool] Successfully read 13 lines from framework/src/Volo.Abp.Threading/Volo/Abp/Threading/AbpThreadingModule.cs 
2026-09-07 12:00:24 INFO     [httpx:1025] HTTP Request: POST https://codeboarding-llm-api.openai.azure.com/openai/v1/chat/completions "HTTP/1.1 200 OK"
2026-09-07 12:00:24 INFO     [monitoring:62] Token Usage: step=startup model=Kimi-K2.6 usage={"input_tokens": 12403, "output_tokens": 15996, "total_tokens": 28399}
2026-09-07 12:00:30 INFO     [diagram_analysis.scope_assembly:319] Merged relations: 12 total (12 static-backed, 0 semantic-only)
2026-09-07 12:00:32 INFO     [diagram_analysis.scope_assembly:92] Component symbol coverage: 49/49 assigned
2026-09-07 12:00:32 INFO     [diagram_analysis.scope_assembly:319] Merged relations: 1 total (1 static-backed, 0 semantic-only)
2026-09-07 12:00:35 INFO     [diagram_analysis.diagram_generator:1353] Progress: 23 completed, 64 in flight, 0 errors
2026-09-07 12:00:37 INFO     [httpx:1025] HTTP Request: POST https://codeboarding-llm-api.openai.azure.com/openai/v1/chat/completions "HTTP/1.1 200 OK"
2026-09-07 12:00:37 INFO     [monitoring:62] Token Usage: step=startup model=Kimi-K2.6 usage={"input_tokens": 6586, "output_tokens": 1512, "total_tokens": 8098}
2026-09-07 12:00:39 INFO     [httpx:1025] HTTP Request: POST https://codeboarding-llm-api.openai.azure.com/openai/v1/chat/completions "HTTP/1.1 200 OK"
2026-09-07 12:00:39 INFO     [monitoring:62] Token Usage: step=startup model=Kimi-K2.6 usage={"input_tokens": 6632, "output_tokens": 7570, "total_tokens": 14202}
2026-09-07 12:00:42 INFO     [httpx:1025] HTTP Request: POST https://codeboarding-llm-api.openai.azure.com/openai/v1/chat/completions "HTTP/1.1 200 OK"
2026-09-07 12:00:42 INFO     [monitoring:62] Token Usage: step=startup model=Kimi-K2.6 usage={"input_tokens": 10789, "output_tokens": 9719, "total_tokens": 20508}
2026-09-07 12:00:43 INFO     [static_analyzer.reference_resolver:394] [Reference Resolution] File path matched for Volo.Abp.Imaging.Abstractions.Volo.Abp.Imaging.ImageCompressor.CompressAsync in csharp at /Users/svilen/Documents/Projects/ReposForTesting/abp/framework/src/Volo.Abp.Imaging.Abstractions/Volo/Abp/Imaging/ImageCompressor.cs
2026-09-07 12:00:44 INFO     [static_analyzer.reference_resolver:394] [Reference Resolution] File path matched for Volo.Abp.Imaging.ImageSharp.Volo.Abp.Imaging.ImageSharpImageCompressorContributor.TryCompressAsync in csharp at /Users/svilen/Documents/Projects/ReposForTesting/abp/framework/src/Volo.Abp.Imaging.ImageSharp/Volo/Abp/Imaging/ImageSharpImageCompressorContributor.cs
2026-09-07 12:00:44 INFO     [httpx:1025] HTTP Request: POST https://codeboarding-llm-api.openai.azure.com/openai/v1/chat/completions "HTTP/1.1 200 OK"
2026-09-07 12:00:44 INFO     [monitoring:62] Token Usage: step=startup model=Kimi-K2.6 usage={"input_tokens": 4101, "output_tokens": 4759, "total_tokens": 8860}
2026-09-07 12:00:44 INFO     [static_analyzer.reference_resolver:394] [Reference Resolution] File path matched for Volo.Abp.Imaging.Abstractions.Volo.Abp.Imaging.ImageResizer.ResizeAsync in csharp at /Users/svilen/Documents/Projects/ReposForTesting/abp/framework/src/Volo.Abp.Imaging.Abstractions/Volo/Abp/Imaging/ImageResizer.cs
2026-09-07 12:00:44 INFO     [static_analyzer.reference_resolver:394] [Reference Resolution] File path matched for Volo.Abp.Imaging.ImageSharp.Volo.Abp.Imaging.ImageSharpImageResizerContributor.TryResizeAsync in csharp at /Users/svilen/Documents/Projects/ReposForTesting/abp/framework/src/Volo.Abp.Imaging.ImageSharp/Volo/Abp/Imaging/ImageSharpImageResizerContributor.cs
2026-09-07 12:00:45 INFO     [static_analyzer.reference_resolver:394] [Reference Resolution] File path matched for Volo.Abp.Imaging.Abstractions.Volo.Abp.Imaging.ImageCompressor.CompressAsync in csharp at /Users/svilen/Documents/Projects/ReposForTesting/abp/framework/src/Volo.Abp.Imaging.Abstractions/Volo/Abp/Imaging/ImageCompressor.cs
2026-09-07 12:00:45 INFO     [static_analyzer.reference_resolver:394] [Reference Resolution] File path matched for Volo.Abp.Imaging.MagickNet.Volo.Abp.Imaging.MagickImageCompressorContributor.TryCompressAsync in csharp at /Users/svilen/Documents/Projects/ReposForTesting/abp/framework/src/Volo.Abp.Imaging.MagickNet/Volo/Abp/Imaging/MagickImageCompressorContributor.cs
2026-09-07 12:00:45 INFO     [static_analyzer.reference_resolver:394] [Reference Resolution] File path matched for Volo.Abp.Imaging.Abstractions.Volo.Abp.Imaging.ImageResizer.ResizeAsync in csharp at /Users/svilen/Documents/Projects/ReposForTesting/abp/framework/src/Volo.Abp.Imaging.Abstractions/Volo/Abp/Imaging/ImageResizer.cs
2026-09-07 12:00:46 INFO     [static_analyzer.reference_resolver:394] [Reference Resolution] File path matched for Volo.Abp.Imaging.MagickNet.Volo.Abp.Imaging.MagickImageResizerContributor.TryResizeAsync in csharp at /Users/svilen/Documents/Projects/ReposForTesting/abp/framework/src/Volo.Abp.Imaging.MagickNet/Volo/Abp/Imaging/MagickImageResizerContributor.cs
2026-09-07 12:00:46 INFO     [static_analyzer.reference_resolver:394] [Reference Resolution] File path matched for Volo.Abp.Imaging.Abstractions.Volo.Abp.Imaging.ImageCompressor.CompressAsync in csharp at /Users/svilen/Documents/Projects/ReposForTesting/abp/framework/src/Volo.Abp.Imaging.Abstractions/Volo/Abp/Imaging/ImageCompressor.cs
2026-09-07 12:00:46 INFO     [static_analyzer.reference_resolver:394] [Reference Resolution] File path matched for Volo.Abp.Imaging.SkiaSharp.Volo.Abp.Imaging.SkiaSharpImageCompressorContributor.TryCompressAsync in csharp at /Users/svilen/Documents/Projects/ReposForTesting/abp/framework/src/Volo.Abp.Imaging.SkiaSharp/Volo/Abp/Imaging/SkiaSharpImageCompressorContributor.cs
2026-09-07 12:00:47 INFO     [static_analyzer.reference_resolver:394] [Reference Resolution] File path matched for Volo.Abp.Imaging.Abstractions.Volo.Abp.Imaging.ImageResizer.ResizeAsync in csharp at /Users/svilen/Documents/Projects/ReposForTesting/abp/framework/src/Volo.Abp.Imaging.Abstractions/Volo/Abp/Imaging/ImageResizer.cs
2026-09-07 12:00:47 INFO     [static_analyzer.reference_resolver:394] [Reference Resolution] File path matched for Volo.Abp.Imaging.SkiaSharp.Volo.Abp.Imaging.SkiaSharpImageResizerContributor.TryResizeAsync in csharp at /Users/svilen/Documents/Projects/ReposForTesting/abp/framework/src/Volo.Abp.Imaging.SkiaSharp/Volo/Abp/Imaging/SkiaSharpImageResizerContributor.cs
2026-09-07 12:00:47 INFO     [static_analyzer.reference_resolver:394] [Reference Resolution] File path matched for Volo.Abp.Imaging.ImageSharp.Volo.Abp.Imaging.ImageSharpImageCompressorContributor.TryCompressAsync in csharp at /Users/svilen/Documents/Projects/ReposForTesting/abp/framework/src/Volo.Abp.Imaging.ImageSharp/Volo/Abp/Imaging/ImageSharpImageCompressorContributor.cs
2026-09-07 12:00:48 INFO     [static_analyzer.reference_resolver:394] [Reference Resolution] File path matched for Volo.Abp.Imaging.ImageSharp.Volo.Abp.Imaging.ImageSharpImageResizerContributor.TryResizeAsync in csharp at /Users/svilen/Documents/Projects/ReposForTesting/abp/framework/src/Volo.Abp.Imaging.ImageSharp/Volo/Abp/Imaging/ImageSharpImageResizerContributor.cs
2026-09-07 12:00:48 INFO     [static_analyzer.reference_resolver:394] [Reference Resolution] File path matched for Volo.Abp.Imaging.MagickNet.Volo.Abp.Imaging.MagickImageCompressorContributor.TryCompressAsync in csharp at /Users/svilen/Documents/Projects/ReposForTesting/abp/framework/src/Volo.Abp.Imaging.MagickNet/Volo/Abp/Imaging/MagickImageCompressorContributor.cs
2026-09-07 12:00:48 INFO     [static_analyzer.reference_resolver:394] [Reference Resolution] File path matched for Volo.Abp.Imaging.MagickNet.Volo.Abp.Imaging.MagickImageResizerContributor.TryResizeAsync in csharp at /Users/svilen/Documents/Projects/ReposForTesting/abp/framework/src/Volo.Abp.Imaging.MagickNet/Volo/Abp/Imaging/MagickImageResizerContributor.cs
2026-09-07 12:00:49 INFO     [static_analyzer.reference_resolver:394] [Reference Resolution] File path matched for Volo.Abp.Imaging.SkiaSharp.Volo.Abp.Imaging.SkiaSharpImageCompressorContributor.TryCompressAsync in csharp at /Users/svilen/Documents/Projects/ReposForTesting/abp/framework/src/Volo.Abp.Imaging.SkiaSharp/Volo/Abp/Imaging/SkiaSharpImageCompressorContributor.cs
2026-09-07 12:00:49 INFO     [static_analyzer.reference_resolver:394] [Reference Resolution] File path matched for Volo.Abp.Imaging.SkiaSharp.Volo.Abp.Imaging.SkiaSharpImageResizerContributor.TryResizeAsync in csharp at /Users/svilen/Documents/Projects/ReposForTesting/abp/framework/src/Volo.Abp.Imaging.SkiaSharp/Volo/Abp/Imaging/SkiaSharpImageResizerContributor.cs
2026-09-07 12:00:50 INFO     [static_analyzer.reference_resolver:394] [Reference Resolution] File path matched for Volo.Abp.Imaging.AspNetCore.Volo.Abp.Imaging.CompressImageAttribute.CompressImageAsync in csharp at /Users/svilen/Documents/Projects/ReposForTesting/abp/framework/src/Volo.Abp.Imaging.AspNetCore/Volo/Abp/Imaging/CompressImageAttribute.cs
2026-09-07 12:00:50 INFO     [static_analyzer.reference_resolver:394] [Reference Resolution] File path matched for Volo.Abp.Imaging.AspNetCore.Volo.Abp.Imaging.CompressImageAttribute.CompressImageAsync in csharp at /Users/svilen/Documents/Projects/ReposForTesting/abp/framework/src/Volo.Abp.Imaging.AspNetCore/Volo/Abp/Imaging/CompressImageAttribute.cs
2026-09-07 12:00:51 INFO     [static_analyzer.reference_resolver:394] [Reference Resolution] File path matched for Volo.Abp.Imaging.Abstractions.Volo.Abp.Imaging.IImageCompressor.CompressAsync in csharp at /Users/svilen/Documents/Projects/ReposForTesting/abp/framework/src/Volo.Abp.Imaging.Abstractions/Volo/Abp/Imaging/IImageCompressor.cs
2026-09-07 12:00:51 INFO     [diagram_analysis.scope_assembly:319] Merged relations: 7 total (7 static-backed, 0 semantic-only)
2026-09-07 12:00:52 INFO     [diagram_analysis.scope_assembly:319] Merged relations: 2 total (2 static-backed, 0 semantic-only)
2026-09-07 12:00:52 INFO     [diagram_analysis.scope_assembly:92] Component symbol coverage: 46/46 assigned
2026-09-07 12:00:52 INFO     [diagram_analysis.scope_assembly:319] Merged relations: 2 total (2 static-backed, 0 semantic-only)
2026-09-07 12:00:53 INFO     [diagram_analysis.scope_assembly:92] Component symbol coverage: 40/40 assigned
2026-09-07 12:00:53 INFO     [diagram_analysis.scope_assembly:319] Merged relations: 3 total (3 static-backed, 0 semantic-only)
2026-09-07 12:00:55 INFO     [diagram_analysis.scope_assembly:319] Merged relations: 0 total (0 static-backed, 0 semantic-only)
2026-09-07 12:00:55 INFO     [diagram_analysis.scope_assembly:319] Merged relations: 3 total (3 static-backed, 0 semantic-only)
2026-09-07 12:00:56 INFO     [diagram_analysis.scope_assembly:92] Component symbol coverage: 1200/1200 assigned
2026-09-07 12:00:56 INFO     [diagram_analysis.scope_assembly:319] Merged relations: 25 total (25 static-backed, 0 semantic-only)
2026-09-07 12:00:57 INFO     [diagram_analysis.scope_assembly:92] Component symbol coverage: 1604/1604 assigned
2026-09-07 12:00:57 INFO     [diagram_analysis.scope_assembly:319] Merged relations: 14 total (14 static-backed, 0 semantic-only)
2026-09-07 12:01:08 INFO     [httpx:1025] HTTP Request: POST https://codeboarding-llm-api.openai.azure.com/openai/v1/chat/completions "HTTP/1.1 200 OK"
2026-09-07 12:01:08 INFO     [monitoring:62] Token Usage: step=startup model=Kimi-K2.6 usage={"input_tokens": 3296, "output_tokens": 5321, "total_tokens": 8617}
2026-09-07 12:01:09 INFO     [diagram_analysis.scope_assembly:319] Merged relations: 1 total (1 static-backed, 0 semantic-only)
2026-09-07 12:01:10 INFO     [diagram_analysis.scope_assembly:92] Component symbol coverage: 330/330 assigned
2026-09-07 12:01:10 INFO     [diagram_analysis.scope_assembly:319] Merged relations: 1 total (1 static-backed, 0 semantic-only)
2026-09-07 12:01:11 INFO     [httpx:1025] HTTP Request: POST https://codeboarding-llm-api.openai.azure.com/openai/v1/chat/completions "HTTP/1.1 200 OK"
2026-09-07 12:01:11 INFO     [monitoring:62] Token Usage: step=startup model=Kimi-K2.6 usage={"input_tokens": 6284, "output_tokens": 11312, "total_tokens": 17596}
2026-09-07 12:01:12 INFO     [diagram_analysis.scope_assembly:319] Merged relations: 5 total (5 static-backed, 0 semantic-only)
2026-09-07 12:01:12 INFO     [diagram_analysis.scope_assembly:92] Component symbol coverage: 345/345 assigned
2026-09-07 12:01:12 INFO     [diagram_analysis.scope_assembly:319] Merged relations: 3 total (3 static-backed, 0 semantic-only)
2026-09-07 12:01:19 INFO     [httpx:1025] HTTP Request: POST https://codeboarding-llm-api.openai.azure.com/openai/v1/chat/completions "HTTP/1.1 200 OK"
2026-09-07 12:01:19 INFO     [monitoring:62] Token Usage: step=startup model=Kimi-K2.6 usage={"input_tokens": 3874, "output_tokens": 8015, "total_tokens": 11889}
2026-09-07 12:01:23 INFO     [diagram_analysis.scope_assembly:319] Merged relations: 3 total (3 static-backed, 0 semantic-only)
2026-09-07 12:01:23 INFO     [diagram_analysis.scope_assembly:92] Component symbol coverage: 561/561 assigned
2026-09-07 12:01:23 INFO     [diagram_analysis.scope_assembly:319] Merged relations: 11 total (11 static-backed, 0 semantic-only)
2026-09-07 12:01:51 INFO     [httpx:1025] HTTP Request: POST https://codeboarding-llm-api.openai.azure.com/openai/v1/chat/completions "HTTP/1.1 200 OK"
2026-09-07 12:01:51 INFO     [monitoring:62] Token Usage: step=startup model=Kimi-K2.6 usage={"input_tokens": 3967, "output_tokens": 5626, "total_tokens": 9593}
2026-09-07 12:01:55 INFO     [diagram_analysis.scope_assembly:319] Merged relations: 2 total (2 static-backed, 0 semantic-only)
2026-09-07 12:01:56 INFO     [diagram_analysis.scope_assembly:92] Component symbol coverage: 311/311 assigned
2026-09-07 12:01:56 INFO     [diagram_analysis.scope_assembly:319] Merged relations: 12 total (12 static-backed, 0 semantic-only)
2026-09-07 12:02:00 INFO     [diagram_analysis.diagram_generator:1353] Progress: 29 completed, 58 in flight, 0 errors
2026-09-07 12:02:02 INFO     [httpx:1025] HTTP Request: POST https://codeboarding-llm-api.openai.azure.com/openai/v1/chat/completions "HTTP/1.1 200 OK"
2026-09-07 12:02:02 INFO     [monitoring:62] Token Usage: step=startup model=Kimi-K2.6 usage={"input_tokens": 8535, "output_tokens": 7381, "total_tokens": 15916}
2026-09-07 12:02:03 INFO     [httpx:1025] HTTP Request: POST https://codeboarding-llm-api.openai.azure.com/openai/v1/chat/completions "HTTP/1.1 200 OK"
2026-09-07 12:02:04 INFO     [monitoring:62] Token Usage: step=startup model=Kimi-K2.6 usage={"input_tokens": 4677, "output_tokens": 7384, "total_tokens": 12061}
2026-09-07 12:02:07 INFO     [httpx:1025] HTTP Request: POST https://codeboarding-llm-api.openai.azure.com/openai/v1/chat/completions "HTTP/1.1 200 OK"
2026-09-07 12:02:07 INFO     [monitoring:62] Token Usage: step=startup model=Kimi-K2.6 usage={"input_tokens": 41827, "output_tokens": 7964, "total_tokens": 49791}
2026-09-07 12:02:09 INFO     [diagram_analysis.scope_assembly:319] Merged relations: 3 total (3 static-backed, 0 semantic-only)
2026-09-07 12:02:10 INFO     [diagram_analysis.scope_assembly:92] Component symbol coverage: 220/220 assigned
2026-09-07 12:02:10 INFO     [diagram_analysis.scope_assembly:319] Merged relations: 9 total (9 static-backed, 0 semantic-only)
2026-09-07 12:02:13 INFO     [diagram_analysis.scope_assembly:319] Merged relations: 1 total (1 static-backed, 0 semantic-only)
2026-09-07 12:02:13 INFO     [httpx:1025] HTTP Request: POST https://codeboarding-llm-api.openai.azure.com/openai/v1/chat/completions "HTTP/1.1 200 OK"
2026-09-07 12:02:13 INFO     [monitoring:62] Token Usage: step=startup model=Kimi-K2.6 usage={"input_tokens": 12770, "output_tokens": 6197, "total_tokens": 18967}
2026-09-07 12:02:13 INFO     [diagram_analysis.scope_assembly:92] Component symbol coverage: 182/182 assigned
2026-09-07 12:02:13 INFO     [diagram_analysis.scope_assembly:319] Merged relations: 4 total (4 static-backed, 0 semantic-only)
2026-09-07 12:02:19 INFO     [diagram_analysis.scope_assembly:319] Merged relations: 3 total (3 static-backed, 0 semantic-only)
2026-09-07 12:02:19 INFO     [diagram_analysis.scope_assembly:92] Component symbol coverage: 178/178 assigned
2026-09-07 12:02:19 INFO     [diagram_analysis.scope_assembly:319] Merged relations: 12 total (12 static-backed, 0 semantic-only)
2026-09-07 12:02:28 INFO     [static_analyzer.reference_resolver:394] [Reference Resolution] File path matched for Volo.Abp.Cli.ServiceProxying.ServiceProxyGeneratorBase.GetApplicationApiDescriptionModelAsync in csharp at /Users/svilen/Documents/Projects/ReposForTesting/abp/framework/src/Volo.Abp.Cli.Core/Volo/Abp/Cli/ServiceProxying/ServiceProxyGeneratorBase.cs
2026-09-07 12:02:29 INFO     [static_analyzer.reference_resolver:394] [Reference Resolution] File path matched for Volo.Abp.Cli.Utils.CmdHelper.RunCmdAndGetOutput in csharp at /Users/svilen/Documents/Projects/ReposForTesting/abp/framework/src/Volo.Abp.Cli.Core/Volo/Abp/Cli/Utils/CmdHelper.cs
2026-09-07 12:02:30 INFO     [static_analyzer.reference_resolver:394] [Reference Resolution] File path matched for Volo.Abp.Cli.Utils.ICmdHelper.RunCmdAndGetOutput in csharp at /Users/svilen/Documents/Projects/ReposForTesting/abp/framework/src/Volo.Abp.Cli.Core/Volo/Abp/Cli/Utils/ICmdHelper.cs
2026-09-07 12:02:30 INFO     [static_analyzer.reference_resolver:394] [Reference Resolution] File path matched for Volo.Abp.Cli.Utils.CmdHelper.RunCmd in csharp at /Users/svilen/Documents/Projects/ReposForTesting/abp/framework/src/Volo.Abp.Cli.Core/Volo/Abp/Cli/Utils/CmdHelper.cs
2026-09-07 12:02:30 INFO     [static_analyzer.reference_resolver:394] [Reference Resolution] File path matched for Volo.Abp.Cli.ProjectModification.NpmPackagesUpdater.Update in csharp at /Users/svilen/Documents/Projects/ReposForTesting/abp/framework/src/Volo.Abp.Cli.Core/Volo/Abp/Cli/ProjectModification/NpmPackagesUpdater.cs
2026-09-07 12:02:31 INFO     [static_analyzer.reference_resolver:394] [Reference Resolution] File path matched for Volo.Abp.Cli.Commands.Services.IMcpLogger.Error in csharp at /Users/svilen/Documents/Projects/ReposForTesting/abp/framework/src/Volo.Abp.Cli.Core/Volo/Abp/Cli/Commands/Services/IMcpLogger.cs
2026-09-07 12:02:31 INFO     [static_analyzer.reference_resolver:394] [Reference Resolution] File path matched for Volo.Abp.Cli.Commands.Services.McpLogger.McpLogger.Error in csharp at /Users/svilen/Documents/Projects/ReposForTesting/abp/framework/src/Volo.Abp.Cli.Core/Volo/Abp/Cli/Commands/Services/McpLogger.cs
2026-09-07 12:02:32 INFO     [diagram_analysis.scope_assembly:319] Merged relations: 14 total (14 static-backed, 0 semantic-only)
2026-09-07 12:02:32 INFO     [diagram_analysis.scope_assembly:92] Component symbol coverage: 125/125 assigned
2026-09-07 12:02:32 INFO     [diagram_analysis.scope_assembly:319] Merged relations: 0 total (0 static-backed, 0 semantic-only)
2026-09-07 12:02:33 INFO     [httpx:1025] HTTP Request: POST https://codeboarding-llm-api.openai.azure.com/openai/v1/chat/completions "HTTP/1.1 200 OK"
2026-09-07 12:02:33 INFO     [monitoring:62] Token Usage: step=startup model=Kimi-K2.6 usage={"input_tokens": 5973, "output_tokens": 10786, "total_tokens": 16759}
2026-09-07 12:02:36 INFO     [diagram_analysis.scope_assembly:319] Merged relations: 5 total (5 static-backed, 0 semantic-only)
2026-09-07 12:02:36 INFO     [diagram_analysis.scope_assembly:92] Component symbol coverage: 105/105 assigned
2026-09-07 12:02:36 INFO     [diagram_analysis.scope_assembly:319] Merged relations: 11 total (11 static-backed, 0 semantic-only)
2026-09-07 12:02:46 INFO     [httpx:1025] HTTP Request: POST https://codeboarding-llm-api.openai.azure.com/openai/v1/chat/completions "HTTP/1.1 200 OK"
2026-09-07 12:02:46 INFO     [monitoring:62] Token Usage: step=startup model=Kimi-K2.6 usage={"input_tokens": 3984, "output_tokens": 1177, "total_tokens": 5161}
2026-09-07 12:02:46 INFO     [agents.tools.read_file:34] [ReadFile Tool] Reading file framework/src/Volo.Abp.UI.Navigation/Volo/Abp/Ui/Navigation/MenuManager.cs around line 1
2026-09-07 12:02:46 INFO     [agents.tools.read_file:34] [ReadFile Tool] Reading file framework/src/Volo.Abp.UI.Navigation/Volo/Abp/Ui/Navigation/Urls/AppUrlProvider.cs around line 1
2026-09-07 12:02:46 INFO     [agents.tools.read_file:34] [ReadFile Tool] Reading file framework/src/Volo.Abp.UI.Navigation/Volo/Abp/Ui/Navigation/AbpUiNavigationModule.cs around line 1
2026-09-07 12:02:46 INFO     [agents.tools.read_file:72] [ReadFile Tool] Successfully read 189 lines from framework/src/Volo.Abp.UI.Navigation/Volo/Abp/Ui/Navigation/MenuManager.cs 
2026-09-07 12:02:46 INFO     [agents.tools.read_file:72] [ReadFile Tool] Successfully read 104 lines from framework/src/Volo.Abp.UI.Navigation/Volo/Abp/Ui/Navigation/Urls/AppUrlProvider.cs 
2026-09-07 12:02:46 INFO     [agents.tools.read_file:72] [ReadFile Tool] Successfully read 33 lines from framework/src/Volo.Abp.UI.Navigation/Volo/Abp/Ui/Navigation/AbpUiNavigationModule.cs 
2026-09-07 12:02:56 INFO     [httpx:1025] HTTP Request: POST https://codeboarding-llm-api.openai.azure.com/openai/v1/chat/completions "HTTP/1.1 200 OK"
2026-09-07 12:02:56 INFO     [monitoring:62] Token Usage: step=startup model=Kimi-K2.6 usage={"input_tokens": 7557, "output_tokens": 613, "total_tokens": 8170}
2026-09-07 12:02:56 INFO     [agents.tools.read_file:34] [ReadFile Tool] Reading file framework/src/Volo.Abp.UI.Navigation/Volo/Abp/Ui/Navigation/DefaultMenuContributor.cs around line 1
2026-09-07 12:02:56 INFO     [agents.tools.read_file:72] [ReadFile Tool] Successfully read 29 lines from framework/src/Volo.Abp.UI.Navigation/Volo/Abp/Ui/Navigation/DefaultMenuContributor.cs 
2026-09-07 12:02:56 INFO     [httpx:1025] HTTP Request: POST https://codeboarding-llm-api.openai.azure.com/openai/v1/chat/completions "HTTP/1.1 200 OK"
2026-09-07 12:02:57 INFO     [httpx:1025] HTTP Request: POST https://codeboarding-llm-api.openai.azure.com/openai/v1/chat/completions "HTTP/1.1 200 OK"
2026-09-07 12:02:57 INFO     [monitoring:62] Token Usage: step=startup model=Kimi-K2.6 usage={"input_tokens": 41855, "output_tokens": 13417, "total_tokens": 55272}
2026-09-07 12:02:57 INFO     [monitoring:62] Token Usage: step=startup model=Kimi-K2.6 usage={"input_tokens": 18623, "output_tokens": 14527, "total_tokens": 33150}
2026-09-07 12:02:59 INFO     [diagram_analysis.scope_assembly:319] Merged relations: 25 total (25 static-backed, 0 semantic-only)
2026-09-07 12:02:59 INFO     [diagram_analysis.scope_assembly:92] Component symbol coverage: 94/94 assigned
2026-09-07 12:02:59 INFO     [diagram_analysis.scope_assembly:319] Merged relations: 1 total (1 static-backed, 0 semantic-only)
2026-09-07 12:03:03 INFO     [diagram_analysis.scope_assembly:319] Merged relations: 11 total (11 static-backed, 0 semantic-only)
2026-09-07 12:03:03 INFO     [diagram_analysis.scope_assembly:92] Component symbol coverage: 48/48 assigned
2026-09-07 12:03:03 INFO     [diagram_analysis.scope_assembly:319] Merged relations: 1 total (1 static-backed, 0 semantic-only)
2026-09-07 12:03:19 INFO     [httpx:1025] HTTP Request: POST https://codeboarding-llm-api.openai.azure.com/openai/v1/chat/completions "HTTP/1.1 200 OK"
2026-09-07 12:03:19 INFO     [monitoring:62] Token Usage: step=startup model=Kimi-K2.6 usage={"input_tokens": 4623, "output_tokens": 2760, "total_tokens": 7383}
2026-09-07 12:03:19 INFO     [agents.tools.read_file:34] [ReadFile Tool] Reading file framework/src/Volo.Abp.Json.SystemTextJson/Volo/Abp/Json/SystemTextJson/AbpJsonSystemTextJsonModule.cs around line 16
2026-09-07 12:03:19 INFO     [agents.tools.read_file:34] [ReadFile Tool] Reading file framework/src/Volo.Abp.Json/Volo/Abp/Json/AbpJsonModule.cs around line 1
2026-09-07 12:03:19 INFO     [agents.tools.read_file:34] [ReadFile Tool] Reading file framework/src/Volo.Abp.Json.Abstractions/Volo/Abp/Json/AbpJsonAbstractionsModule.cs around line 1
2026-09-07 12:03:20 INFO     [agents.tools.read_file:72] [ReadFile Tool] Successfully read 41 lines from framework/src/Volo.Abp.Json.SystemTextJson/Volo/Abp/Json/SystemTextJson/AbpJsonSystemTextJsonModule.cs 
2026-09-07 12:03:20 INFO     [agents.tools.read_file:72] [ReadFile Tool] Successfully read 10 lines from framework/src/Volo.Abp.Json/Volo/Abp/Json/AbpJsonModule.cs 
2026-09-07 12:03:20 INFO     [agents.tools.read_file:72] [ReadFile Tool] Successfully read 8 lines from framework/src/Volo.Abp.Json.Abstractions/Volo/Abp/Json/AbpJsonAbstractionsModule.cs 
2026-09-07 12:03:22 INFO     [httpx:1025] HTTP Request: POST https://codeboarding-llm-api.openai.azure.com/openai/v1/chat/completions "HTTP/1.1 200 OK"
2026-09-07 12:03:22 INFO     [monitoring:62] Token Usage: step=startup model=Kimi-K2.6 usage={"input_tokens": 5673, "output_tokens": 95, "total_tokens": 5768}
2026-09-07 12:03:22 INFO     [agents.tools.read_file:34] [ReadFile Tool] Reading file framework/src/Volo.Abp.Json.Newtonsoft/Volo/Abp/Json/Newtonsoft/AbpJsonNewtonsoftModule.cs around line 1
2026-09-07 12:03:22 INFO     [agents.tools.read_file:34] [ReadFile Tool] Reading file framework/src/Volo.Abp.Json.Abstractions/Volo/Abp/Json/AbpJsonOptions.cs around line 1
2026-09-07 12:03:22 INFO     [agents.tools.read_file:72] [ReadFile Tool] Successfully read 21 lines from framework/src/Volo.Abp.Json.Abstractions/Volo/Abp/Json/AbpJsonOptions.cs 
2026-09-07 12:03:22 INFO     [agents.tools.read_file:72] [ReadFile Tool] Successfully read 20 lines from framework/src/Volo.Abp.Json.Newtonsoft/Volo/Abp/Json/Newtonsoft/AbpJsonNewtonsoftModule.cs 
2026-09-07 12:03:24 INFO     [httpx:1025] HTTP Request: POST https://codeboarding-llm-api.openai.azure.com/openai/v1/chat/completions "HTTP/1.1 200 OK"
2026-09-07 12:03:24 INFO     [monitoring:62] Token Usage: step=startup model=Kimi-K2.6 usage={"input_tokens": 7987, "output_tokens": 3359, "total_tokens": 11346}
2026-09-07 12:03:25 INFO     [httpx:1025] HTTP Request: POST https://codeboarding-llm-api.openai.azure.com/openai/v1/chat/completions "HTTP/1.1 200 OK"
2026-09-07 12:03:25 INFO     [monitoring:62] Token Usage: step=startup model=Kimi-K2.6 usage={"input_tokens": 17829, "output_tokens": 10907, "total_tokens": 28736}
2026-09-07 12:03:32 INFO     [diagram_analysis.scope_assembly:319] Merged relations: 0 total (0 static-backed, 0 semantic-only)
2026-09-07 12:03:34 INFO     [diagram_analysis.scope_assembly:92] Component symbol coverage: 74/74 assigned
2026-09-07 12:03:34 INFO     [diagram_analysis.scope_assembly:319] Merged relations: 7 total (7 static-backed, 0 semantic-only)
2026-09-07 12:03:34 WARNING  [static_analyzer.reference_resolver:139] [Reference Resolution] Could not resolve reference Volo.Abp.BackgroundJobs.DefaultDynamicBackgroundJobManager:EnqueueDynamicHandlerJobAsync in any language
2026-09-07 12:03:34 INFO     [httpx:1025] HTTP Request: POST https://codeboarding-llm-api.openai.azure.com/openai/v1/chat/completions "HTTP/1.1 200 OK"
2026-09-07 12:03:34 INFO     [monitoring:62] Token Usage: step=startup model=Kimi-K2.6 usage={"input_tokens": 8462, "output_tokens": 10804, "total_tokens": 19266}
2026-09-07 12:03:34 WARNING  [static_analyzer.reference_resolver:139] [Reference Resolution] Could not resolve reference Volo.Abp.BackgroundJobs.RabbitMQ.RabbitMqBackgroundJobManager:EnqueueAsync in any language
2026-09-07 12:03:35 WARNING  [static_analyzer.reference_resolver:139] [Reference Resolution] Could not resolve reference Volo.Abp.BackgroundJobs.DefaultDynamicBackgroundJobManager:EnqueueDynamicHandlerJobAsync in any language
2026-09-07 12:03:35 WARNING  [static_analyzer.reference_resolver:139] [Reference Resolution] Could not resolve reference Volo.Abp.BackgroundJobs.TickerQ.AbpTickerQBackgroundJobManager:EnqueueAsync in any language
2026-09-07 12:03:35 WARNING  [static_analyzer.reference_resolver:139] [Reference Resolution] Could not resolve reference Volo.Abp.BackgroundJobs.DefaultDynamicBackgroundJobManager:EnqueueDynamicHandlerJobAsync in any language
2026-09-07 12:03:36 WARNING  [static_analyzer.reference_resolver:139] [Reference Resolution] Could not resolve reference Volo.Abp.BackgroundJobs.DefaultBackgroundJobManager:EnqueueAsync in any language
2026-09-07 12:03:36 WARNING  [static_analyzer.reference_resolver:139] [Reference Resolution] Could not resolve reference Volo.Abp.BackgroundJobs.DefaultDynamicBackgroundJobManager:EnqueueDynamicHandlerJobAsync in any language
2026-09-07 12:03:36 WARNING  [static_analyzer.reference_resolver:139] [Reference Resolution] Could not resolve reference Volo.Abp.BackgroundJobs.Quartz.QuartzBackgroundJobManager:EnqueueAsync in any language
2026-09-07 12:03:36 WARNING  [static_analyzer.reference_resolver:139] [Reference Resolution] Could not resolve reference Volo.Abp.BackgroundJobs.DefaultDynamicBackgroundJobManager:EnqueueDynamicHandlerJobAsync in any language
2026-09-07 12:03:37 WARNING  [static_analyzer.reference_resolver:139] [Reference Resolution] Could not resolve reference Volo.Abp.BackgroundJobs.Hangfire.HangfireBackgroundJobManager:EnqueueAsync in any language
2026-09-07 12:03:37 WARNING  [static_analyzer.reference_resolver:139] [Reference Resolution] Could not resolve reference Volo.Abp.BackgroundJobs.Hangfire.HangfireJobExecutionAdapter:ExecuteAsync in any language
2026-09-07 12:03:37 WARNING  [static_analyzer.reference_resolver:139] [Reference Resolution] Could not resolve reference Volo.Abp.BackgroundJobs.Hangfire.HangfireJobExecutionAdapter:ExecuteAsync in any language
2026-09-07 12:03:38 WARNING  [static_analyzer.reference_resolver:139] [Reference Resolution] Could not resolve reference Volo.Abp.BackgroundJobs.BackgroundJobExecuter:ExecuteAsync in any language
2026-09-07 12:03:38 WARNING  [static_analyzer.reference_resolver:139] [Reference Resolution] Could not resolve reference Volo.Abp.BackgroundJobs.RabbitMQ.RabbitMqBackgroundJobManager:EnqueueAsync in any language
2026-09-07 12:03:38 INFO     [httpx:1025] HTTP Request: POST https://codeboarding-llm-api.openai.azure.com/openai/v1/chat/completions "HTTP/1.1 200 OK"
2026-09-07 12:03:38 INFO     [monitoring:62] Token Usage: step=startup model=Kimi-K2.6 usage={"input_tokens": 6322, "output_tokens": 2191, "total_tokens": 8513}
2026-09-07 12:03:38 WARNING  [static_analyzer.reference_resolver:139] [Reference Resolution] Could not resolve reference Volo.Abp.BackgroundJobs.RabbitMQ.IJobQueueManager:GetAsync in any language
2026-09-07 12:03:39 WARNING  [static_analyzer.reference_resolver:139] [Reference Resolution] Could not resolve reference Volo.Abp.BackgroundJobs.RabbitMQ.RabbitMqBackgroundJobManager:EnqueueAsync in any language
2026-09-07 12:03:39 WARNING  [static_analyzer.reference_resolver:139] [Reference Resolution] Could not resolve reference Volo.Abp.BackgroundJobs.RabbitMQ.IJobQueue:EnqueueAsync in any language
2026-09-07 12:03:39 WARNING  [static_analyzer.reference_resolver:139] [Reference Resolution] Could not resolve reference Volo.Abp.BackgroundJobs.BackgroundJobStore:DeleteAsync in any language
2026-09-07 12:03:40 WARNING  [static_analyzer.reference_resolver:139] [Reference Resolution] Could not resolve reference Volo.Abp.BackgroundJobs.EntityFrameworkCore.EfCoreBackgroundJobRepository:DeleteAsync in any language
2026-09-07 12:03:40 WARNING  [static_analyzer.reference_resolver:139] [Reference Resolution] Could not resolve reference Volo.Abp.BackgroundJobs.BackgroundJobStore:GetWaitingJobsAsync in any language
2026-09-07 12:03:40 WARNING  [static_analyzer.reference_resolver:139] [Reference Resolution] Could not resolve reference Volo.Abp.BackgroundJobs.EntityFrameworkCore.EfCoreBackgroundJobRepository:GetWaitingListAsync in any language
2026-09-07 12:03:41 WARNING  [static_analyzer.reference_resolver:139] [Reference Resolution] Could not resolve reference Volo.Abp.BackgroundJobs.BackgroundJobStore:DeleteAsync in any language
2026-09-07 12:03:41 WARNING  [static_analyzer.reference_resolver:139] [Reference Resolution] Could not resolve reference Volo.Abp.BackgroundJobs.MongoDB.MongoBackgroundJobRepository:DeleteAsync in any language
2026-09-07 12:03:41 WARNING  [static_analyzer.reference_resolver:139] [Reference Resolution] Could not resolve reference Volo.Abp.BackgroundJobs.BackgroundJobStore:GetWaitingJobsAsync in any language
2026-09-07 12:03:41 WARNING  [static_analyzer.reference_resolver:139] [Reference Resolution] Could not resolve reference Volo.Abp.BackgroundJobs.MongoDB.MongoBackgroundJobRepository:GetWaitingListAsync in any language
2026-09-07 12:03:42 WARNING  [static_analyzer.reference_resolver:139] [Reference Resolution] Could not resolve reference Volo.Abp.BackgroundJobs.RabbitMQ.JobQueue:MessageReceived in any language
2026-09-07 12:03:42 WARNING  [static_analyzer.reference_resolver:139] [Reference Resolution] Could not resolve reference Volo.Abp.BackgroundJobs.BackgroundJobExecuter:ExecuteAsync in any language
2026-09-07 12:03:42 WARNING  [static_analyzer.reference_resolver:139] [Reference Resolution] Could not resolve reference Volo.Abp.BackgroundJobs.RabbitMQ.JobQueue:JobQueue in any language
2026-09-07 12:03:43 INFO     [httpx:1025] HTTP Request: POST https://codeboarding-llm-api.openai.azure.com/openai/v1/chat/completions "HTTP/1.1 200 OK"
2026-09-07 12:03:43 INFO     [monitoring:62] Token Usage: step=startup model=Kimi-K2.6 usage={"input_tokens": 9891, "output_tokens": 9349, "total_tokens": 19240}
2026-09-07 12:03:43 WARNING  [static_analyzer.reference_resolver:139] [Reference Resolution] Could not resolve reference Volo.Abp.BackgroundJobs.RabbitMQ.AbpBackgroundJobsRabbitMqModule:StartJobQueueManagerAsync in any language
2026-09-07 12:03:43 WARNING  [static_analyzer.reference_resolver:139] [Reference Resolution] Could not resolve reference Volo.Abp.BackgroundJobs.BackgroundJobWorkerManager:StartAsync in any language
2026-09-07 12:03:44 WARNING  [static_analyzer.reference_resolver:139] [Reference Resolution] Could not resolve reference Volo.Abp.BackgroundJobs.RabbitMQ.JobQueueManager:StartAsync in any language
2026-09-07 12:03:44 WARNING  [static_analyzer.reference_resolver:139] [Reference Resolution] Could not resolve reference Volo.Abp.BackgroundJobs.BackgroundJobWorkerManager:StartAsync in any language
2026-09-07 12:03:45 WARNING  [static_analyzer.reference_resolver:139] [Reference Resolution] Could not resolve reference Volo.Abp.BackgroundJobs.BackgroundJobExecuter:ExecuteAsync in any language
2026-09-07 12:03:45 WARNING  [static_analyzer.reference_resolver:139] [Reference Resolution] Could not resolve reference Volo.Abp.BackgroundJobs.Hangfire.AbpDashboardOptionsProvider:Get in any language
2026-09-07 12:03:46 WARNING  [static_analyzer.reference_resolver:139] [Reference Resolution] Could not resolve reference Volo.Abp.BackgroundJobs.Hangfire.HangfireBackgroundJobManager:GetQueueName in any language
2026-09-07 12:03:46 WARNING  [static_analyzer.reference_resolver:139] [Reference Resolution] Could not resolve reference Volo.Abp.BackgroundJobs.AbpBackgroundJobOptions:GetJob in any language
2026-09-07 12:03:47 WARNING  [static_analyzer.reference_resolver:139] [Reference Resolution] Could not resolve reference Volo.Abp.BackgroundJobs.Hangfire.HangfireBackgroundJobManager:EnqueueAsync in any language
2026-09-07 12:03:47 WARNING  [static_analyzer.reference_resolver:139] [Reference Resolution] Could not resolve reference Volo.Abp.BackgroundJobs.Hangfire.HangfireJobExecutionAdapter:ExecuteAsync in any language
2026-09-07 12:03:47 INFO     [diagram_analysis.scope_assembly:319] Merged relations: 12 total (12 static-backed, 0 semantic-only)
2026-09-07 12:03:49 INFO     [diagram_analysis.scope_assembly:92] Component symbol coverage: 65/65 assigned
2026-09-07 12:03:49 INFO     [diagram_analysis.scope_assembly:319] Merged relations: 2 total (2 static-backed, 0 semantic-only)
2026-09-07 12:03:50 INFO     [httpx:1025] HTTP Request: POST https://codeboarding-llm-api.openai.azure.com/openai/v1/chat/completions "HTTP/1.1 200 OK"
2026-09-07 12:03:50 INFO     [monitoring:62] Token Usage: step=startup model=Kimi-K2.6 usage={"input_tokens": 11567, "output_tokens": 13948, "total_tokens": 25515}
2026-09-07 12:03:53 INFO     [diagram_analysis.scope_assembly:319] Merged relations: 3 total (1 static-backed, 2 semantic-only)
2026-09-07 12:03:54 INFO     [diagram_analysis.scope_assembly:319] Merged relations: 9 total (9 static-backed, 0 semantic-only)
2026-09-07 12:03:55 INFO     [diagram_analysis.scope_assembly:319] Merged relations: 11 total (11 static-backed, 0 semantic-only)
2026-09-07 12:03:55 INFO     [diagram_analysis.scope_assembly:92] Component symbol coverage: 35/35 assigned
2026-09-07 12:03:55 INFO     [diagram_analysis.scope_assembly:319] Merged relations: 2 total (2 static-backed, 0 semantic-only)
2026-09-07 12:03:55 INFO     [diagram_analysis.scope_assembly:92] Component symbol coverage: 51/51 assigned
2026-09-07 12:03:55 INFO     [diagram_analysis.scope_assembly:319] Merged relations: 6 total (6 static-backed, 0 semantic-only)
2026-09-07 12:03:55 INFO     [diagram_analysis.scope_assembly:92] Component symbol coverage: 72/72 assigned
2026-09-07 12:03:55 INFO     [diagram_analysis.scope_assembly:319] Merged relations: 3 total (3 static-backed, 0 semantic-only)
2026-09-07 12:03:56 INFO     [diagram_analysis.scope_assembly:319] Merged relations: 4 total (4 static-backed, 0 semantic-only)
2026-09-07 12:03:56 INFO     [diagram_analysis.scope_assembly:92] Component symbol coverage: 44/44 assigned
2026-09-07 12:03:56 INFO     [diagram_analysis.scope_assembly:319] Merged relations: 8 total (8 static-backed, 0 semantic-only)
2026-09-07 12:03:57 INFO     [httpx:1025] HTTP Request: POST https://codeboarding-llm-api.openai.azure.com/openai/v1/chat/completions "HTTP/1.1 200 OK"
2026-09-07 12:03:57 INFO     [monitoring:62] Token Usage: step=startup model=Kimi-K2.6 usage={"input_tokens": 4474, "output_tokens": 5603, "total_tokens": 10077}
2026-09-07 12:03:58 INFO     [diagram_analysis.scope_assembly:319] Merged relations: 1 total (1 static-backed, 0 semantic-only)
2026-09-07 12:03:58 INFO     [diagram_analysis.scope_assembly:92] Component symbol coverage: 33/33 assigned
2026-09-07 12:03:58 INFO     [diagram_analysis.scope_assembly:319] Merged relations: 0 total (0 static-backed, 0 semantic-only)
2026-09-07 12:04:02 INFO     [httpx:1025] HTTP Request: POST https://codeboarding-llm-api.openai.azure.com/openai/v1/chat/completions "HTTP/1.1 200 OK"
2026-09-07 12:04:02 INFO     [httpx:1025] HTTP Request: POST https://codeboarding-llm-api.openai.azure.com/openai/v1/chat/completions "HTTP/1.1 200 OK"
2026-09-07 12:04:02 INFO     [monitoring:62] Token Usage: step=startup model=Kimi-K2.6 usage={"input_tokens": 13531, "output_tokens": 14102, "total_tokens": 27633}
2026-09-07 12:04:02 INFO     [monitoring:62] Token Usage: step=startup model=Kimi-K2.6 usage={"input_tokens": 6531, "output_tokens": 1752, "total_tokens": 8283}
2026-09-07 12:04:02 INFO     [agents.tools.read_file:34] [ReadFile Tool] Reading file framework/src/Volo.Abp.VirtualFileSystem/Volo/Abp/VirtualFileSystem/VirtualFileProvider.cs around line 1
2026-09-07 12:04:02 INFO     [agents.tools.read_file:72] [ReadFile Tool] Successfully read 56 lines from framework/src/Volo.Abp.VirtualFileSystem/Volo/Abp/VirtualFileSystem/VirtualFileProvider.cs 
2026-09-07 12:04:04 INFO     [httpx:1025] HTTP Request: POST https://codeboarding-llm-api.openai.azure.com/openai/v1/chat/completions "HTTP/1.1 200 OK"
2026-09-07 12:04:04 INFO     [monitoring:62] Token Usage: step=startup model=Kimi-K2.6 usage={"input_tokens": 3053, "output_tokens": 722, "total_tokens": 3775}
2026-09-07 12:04:04 INFO     [agents.tools.read_file:34] [ReadFile Tool] Reading file modules/virtual-file-explorer/src/Volo.Abp.VirtualFileExplorer.Web/AbpVirtualFileExplorerWebModule.cs around line 1
2026-09-07 12:04:04 INFO     [agents.tools.read_file:34] [ReadFile Tool] Reading file modules/virtual-file-explorer/src/Volo.Abp.VirtualFileExplorer.Contracts/Volo/Abp/VirtualFileExplorer/AbpVirtualFileExplorerContractsModule.cs around line 1
2026-09-07 12:04:04 INFO     [agents.tools.read_file:34] [ReadFile Tool] Reading file modules/virtual-file-explorer/src/Volo.Abp.VirtualFileExplorer.Installer/Volo/Abp/VirtualFileExplorer/AbpVirtualFileExplorerInstallerModule.cs around line 1
2026-09-07 12:04:04 INFO     [agents.tools.read_file:72] [ReadFile Tool] Successfully read 60 lines from modules/virtual-file-explorer/src/Volo.Abp.VirtualFileExplorer.Web/AbpVirtualFileExplorerWebModule.cs 
2026-09-07 12:04:05 INFO     [agents.tools.read_file:72] [ReadFile Tool] Successfully read 18 lines from modules/virtual-file-explorer/src/Volo.Abp.VirtualFileExplorer.Installer/Volo/Abp/VirtualFileExplorer/AbpVirtualFileExplorerInstallerModule.cs 
2026-09-07 12:04:05 INFO     [agents.tools.read_file:72] [ReadFile Tool] Successfully read 24 lines from modules/virtual-file-explorer/src/Volo.Abp.VirtualFileExplorer.Contracts/Volo/Abp/VirtualFileExplorer/AbpVirtualFileExplorerContractsModule.cs 
2026-09-07 12:04:10 INFO     [diagram_analysis.scope_assembly:319] Merged relations: 12 total (12 static-backed, 0 semantic-only)
2026-09-07 12:04:10 INFO     [diagram_analysis.scope_assembly:92] Component symbol coverage: 41/41 assigned
2026-09-07 12:04:10 INFO     [diagram_analysis.scope_assembly:319] Merged relations: 4 total (4 static-backed, 0 semantic-only)
2026-09-07 12:04:12 INFO     [httpx:1025] HTTP Request: POST https://codeboarding-llm-api.openai.azure.com/openai/v1/chat/completions "HTTP/1.1 200 OK"
2026-09-07 12:04:12 INFO     [monitoring:62] Token Usage: step=startup model=Kimi-K2.6 usage={"input_tokens": 7173, "output_tokens": 1250, "total_tokens": 8423}
2026-09-07 12:04:12 INFO     [agents.tools.read_file:34] [ReadFile Tool] Reading file framework/src/Volo.Abp.VirtualFileSystem/Volo/Abp/VirtualFileSystem/AbpVirtualFileSystemModule.cs around line 1
2026-09-07 12:04:12 INFO     [agents.tools.read_file:72] [ReadFile Tool] Successfully read 8 lines from framework/src/Volo.Abp.VirtualFileSystem/Volo/Abp/VirtualFileSystem/AbpVirtualFileSystemModule.cs 
2026-09-07 12:04:37 INFO     [httpx:1025] HTTP Request: POST https://codeboarding-llm-api.openai.azure.com/openai/v1/chat/completions "HTTP/1.1 200 OK"
2026-09-07 12:04:37 INFO     [monitoring:62] Token Usage: step=startup model=Kimi-K2.6 usage={"input_tokens": 4513, "output_tokens": 3713, "total_tokens": 8226}
2026-09-07 12:04:38 INFO     [diagram_analysis.scope_assembly:319] Merged relations: 1 total (0 static-backed, 1 semantic-only)
2026-09-07 12:04:38 INFO     [diagram_analysis.scope_assembly:92] Component symbol coverage: 23/23 assigned
2026-09-07 12:04:38 INFO     [diagram_analysis.scope_assembly:319] Merged relations: 0 total (0 static-backed, 0 semantic-only)
2026-09-07 12:04:39 INFO     [diagram_analysis.diagram_generator:1353] Progress: 37 completed, 50 in flight, 0 errors
2026-09-07 12:04:45 INFO     [httpx:1025] HTTP Request: POST https://codeboarding-llm-api.openai.azure.com/openai/v1/chat/completions "HTTP/1.1 200 OK"
2026-09-07 12:04:45 INFO     [monitoring:62] Token Usage: step=startup model=Kimi-K2.6 usage={"input_tokens": 4732, "output_tokens": 7978, "total_tokens": 12710}
2026-09-07 12:04:46 INFO     [httpx:1025] HTTP Request: POST https://codeboarding-llm-api.openai.azure.com/openai/v1/chat/completions "HTTP/1.1 200 OK"
2026-09-07 12:04:46 INFO     [monitoring:62] Token Usage: step=startup model=Kimi-K2.6 usage={"input_tokens": 4833, "output_tokens": 7781, "total_tokens": 12614}
2026-09-07 12:04:49 INFO     [httpx:1025] HTTP Request: POST https://codeboarding-llm-api.openai.azure.com/openai/v1/chat/completions "HTTP/1.1 200 OK"
2026-09-07 12:04:49 INFO     [monitoring:62] Token Usage: step=startup model=Kimi-K2.6 usage={"input_tokens": 4690, "output_tokens": 5919, "total_tokens": 10609}
2026-09-07 12:04:52 INFO     [diagram_analysis.scope_assembly:319] Merged relations: 2 total (2 static-backed, 0 semantic-only)
2026-09-07 12:04:54 INFO     [diagram_analysis.scope_assembly:92] Component symbol coverage: 34/34 assigned
2026-09-07 12:04:54 INFO     [diagram_analysis.scope_assembly:319] Merged relations: 3 total (3 static-backed, 0 semantic-only)
2026-09-07 12:04:54 INFO     [diagram_analysis.scope_assembly:319] Merged relations: 3 total (3 static-backed, 0 semantic-only)
2026-09-07 12:04:55 INFO     [diagram_analysis.scope_assembly:319] Merged relations: 2 total (2 static-backed, 0 semantic-only)
2026-09-07 12:04:55 INFO     [diagram_analysis.scope_assembly:92] Component symbol coverage: 28/28 assigned
2026-09-07 12:04:55 INFO     [diagram_analysis.scope_assembly:319] Merged relations: 1 total (1 static-backed, 0 semantic-only)
2026-09-07 12:04:55 INFO     [diagram_analysis.scope_assembly:92] Component symbol coverage: 33/33 assigned
2026-09-07 12:04:55 INFO     [diagram_analysis.scope_assembly:319] Merged relations: 1 total (1 static-backed, 0 semantic-only)
2026-09-07 12:05:10 INFO     [httpx:1025] HTTP Request: POST https://codeboarding-llm-api.openai.azure.com/openai/v1/chat/completions "HTTP/1.1 200 OK"
2026-09-07 12:05:10 INFO     [monitoring:62] Token Usage: step=startup model=Kimi-K2.6 usage={"input_tokens": 2836, "output_tokens": 1441, "total_tokens": 4277}
2026-09-07 12:05:10 INFO     [agents.tools.read_file:34] [ReadFile Tool] Reading file framework/src/Volo.Abp.Sms.Aliyun/Volo/Abp/Sms/Aliyun/AliyunSmsSender.cs around line 1
2026-09-07 12:05:10 INFO     [agents.tools.read_file:34] [ReadFile Tool] Reading file framework/src/Volo.Abp.Sms.TencentCloud/Volo/Abp/Sms/TencentCloud/TencentCloudSmsSender.cs around line 1
2026-09-07 12:05:10 INFO     [agents.tools.read_file:34] [ReadFile Tool] Reading file framework/src/Volo.Abp.Sms.TencentCloud/Volo/Abp/Sms/TencentCloud/AbpSmsTencentCloudModule.cs around line 1
2026-09-07 12:05:10 INFO     [agents.tools.read_file:72] [ReadFile Tool] Successfully read 42 lines from framework/src/Volo.Abp.Sms.Aliyun/Volo/Abp/Sms/Aliyun/AliyunSmsSender.cs 
2026-09-07 12:05:10 INFO     [agents.tools.read_file:72] [ReadFile Tool] Successfully read 51 lines from framework/src/Volo.Abp.Sms.TencentCloud/Volo/Abp/Sms/TencentCloud/TencentCloudSmsSender.cs 
2026-09-07 12:05:10 INFO     [agents.tools.read_file:72] [ReadFile Tool] Successfully read 15 lines from framework/src/Volo.Abp.Sms.TencentCloud/Volo/Abp/Sms/TencentCloud/AbpSmsTencentCloudModule.cs 
2026-09-07 12:05:20 INFO     [httpx:1025] HTTP Request: POST https://codeboarding-llm-api.openai.azure.com/openai/v1/chat/completions "HTTP/1.1 200 OK"
2026-09-07 12:05:20 INFO     [monitoring:62] Token Usage: step=startup model=Kimi-K2.6 usage={"input_tokens": 6402, "output_tokens": 9255, "total_tokens": 15657}
2026-09-07 12:05:21 INFO     [diagram_analysis.scope_assembly:319] Merged relations: 6 total (6 static-backed, 0 semantic-only)
2026-09-07 12:05:23 INFO     [diagram_analysis.scope_assembly:92] Component symbol coverage: 1753/1753 assigned
2026-09-07 12:05:23 INFO     [diagram_analysis.scope_assembly:319] Merged relations: 6 total (6 static-backed, 0 semantic-only)
2026-09-07 12:05:39 INFO     [httpx:1025] HTTP Request: POST https://codeboarding-llm-api.openai.azure.com/openai/v1/chat/completions "HTTP/1.1 200 OK"
2026-09-07 12:05:39 INFO     [monitoring:62] Token Usage: step=startup model=Kimi-K2.6 usage={"input_tokens": 7347, "output_tokens": 9668, "total_tokens": 17015}
2026-09-07 12:05:42 INFO     [httpx:1025] HTTP Request: POST https://codeboarding-llm-api.openai.azure.com/openai/v1/chat/completions "HTTP/1.1 200 OK"
2026-09-07 12:05:42 INFO     [monitoring:62] Token Usage: step=startup model=Kimi-K2.6 usage={"input_tokens": 4367, "output_tokens": 9000, "total_tokens": 13367}
2026-09-07 12:05:44 INFO     [httpx:1025] HTTP Request: POST https://codeboarding-llm-api.openai.azure.com/openai/v1/chat/completions "HTTP/1.1 200 OK"
2026-09-07 12:05:44 INFO     [monitoring:62] Token Usage: step=startup model=Kimi-K2.6 usage={"input_tokens": 3167, "output_tokens": 5697, "total_tokens": 8864}
2026-09-07 12:05:46 INFO     [diagram_analysis.scope_assembly:319] Merged relations: 10 total (7 static-backed, 3 semantic-only)
2026-09-07 12:05:48 INFO     [httpx:1025] HTTP Request: POST https://codeboarding-llm-api.openai.azure.com/openai/v1/chat/completions "HTTP/1.1 200 OK"
2026-09-07 12:05:48 INFO     [monitoring:62] Token Usage: step=startup model=Kimi-K2.6 usage={"input_tokens": 4957, "output_tokens": 7238, "total_tokens": 12195}
2026-09-07 12:05:49 INFO     [diagram_analysis.scope_assembly:319] Merged relations: 4 total (4 static-backed, 0 semantic-only)
2026-09-07 12:05:49 INFO     [diagram_analysis.scope_assembly:319] Merged relations: 3 total (3 static-backed, 0 semantic-only)
2026-09-07 12:05:49 WARNING  [static_analyzer.reference_resolver:139] [Reference Resolution] Could not resolve reference Volo.Abp.Ldap.LdapManager:ConnectAsync in any language
2026-09-07 12:05:49 WARNING  [static_analyzer.reference_resolver:139] [Reference Resolution] Could not resolve reference Volo.Abp.Ldap.ILdapSettingProvider:GetServerHostAsync in any language
2026-09-07 12:05:50 WARNING  [static_analyzer.reference_resolver:139] [Reference Resolution] Could not resolve reference Volo.Abp.Ldap.LdapManager:ConnectAsync in any language
2026-09-07 12:05:50 WARNING  [static_analyzer.reference_resolver:139] [Reference Resolution] Could not resolve reference Volo.Abp.Ldap.ILdapSettingProvider:GetServerPortAsync in any language
2026-09-07 12:05:50 INFO     [diagram_analysis.scope_assembly:319] Merged relations: 1 total (1 static-backed, 0 semantic-only)
2026-09-07 12:05:51 INFO     [diagram_analysis.scope_assembly:92] Component symbol coverage: 552/552 assigned
2026-09-07 12:05:51 INFO     [diagram_analysis.scope_assembly:319] Merged relations: 5 total (5 static-backed, 0 semantic-only)
2026-09-07 12:05:52 INFO     [diagram_analysis.scope_assembly:92] Component symbol coverage: 911/911 assigned
2026-09-07 12:05:52 INFO     [diagram_analysis.scope_assembly:319] Merged relations: 3 total (3 static-backed, 0 semantic-only)
2026-09-07 12:05:52 INFO     [diagram_analysis.scope_assembly:92] Component symbol coverage: 967/967 assigned
2026-09-07 12:05:52 INFO     [diagram_analysis.scope_assembly:319] Merged relations: 3 total (3 static-backed, 0 semantic-only)
2026-09-07 12:05:52 INFO     [httpx:1025] HTTP Request: POST https://codeboarding-llm-api.openai.azure.com/openai/v1/chat/completions "HTTP/1.1 200 OK"
2026-09-07 12:05:53 INFO     [monitoring:62] Token Usage: step=startup model=Kimi-K2.6 usage={"input_tokens": 7305, "output_tokens": 11410, "total_tokens": 18715}
2026-09-07 12:05:53 INFO     [diagram_analysis.scope_assembly:319] Merged relations: 8 total (8 static-backed, 0 semantic-only)
2026-09-07 12:05:54 INFO     [diagram_analysis.scope_assembly:92] Component symbol coverage: 1251/1251 assigned
2026-09-07 12:05:54 INFO     [diagram_analysis.scope_assembly:319] Merged relations: 6 total (6 static-backed, 0 semantic-only)
2026-09-07 12:05:55 INFO     [diagram_analysis.scope_assembly:92] Component symbol coverage: 666/666 assigned
2026-09-07 12:05:55 INFO     [diagram_analysis.scope_assembly:319] Merged relations: 11 total (11 static-backed, 0 semantic-only)
2026-09-07 12:05:58 INFO     [httpx:1025] HTTP Request: POST https://codeboarding-llm-api.openai.azure.com/openai/v1/chat/completions "HTTP/1.1 200 OK"
2026-09-07 12:05:58 INFO     [monitoring:62] Token Usage: step=startup model=Kimi-K2.6 usage={"input_tokens": 3192, "output_tokens": 6164, "total_tokens": 9356}
2026-09-07 12:06:00 INFO     [diagram_analysis.scope_assembly:319] Merged relations: 1 total (1 static-backed, 0 semantic-only)
2026-09-07 12:06:04 INFO     [httpx:1025] HTTP Request: POST https://codeboarding-llm-api.openai.azure.com/openai/v1/chat/completions "HTTP/1.1 200 OK"
2026-09-07 12:06:04 INFO     [monitoring:62] Token Usage: step=startup model=Kimi-K2.6 usage={"input_tokens": 4302, "output_tokens": 4828, "total_tokens": 9130}
2026-09-07 12:06:04 INFO     [agents.tools.read_file:34] [ReadFile Tool] Reading file framework/src/Volo.Abp.Sms.Aliyun/Volo/Abp/Sms/Aliyun/AbpSmsAliyunModule.cs around line 1
2026-09-07 12:06:04 INFO     [agents.tools.read_file:72] [ReadFile Tool] Successfully read 15 lines from framework/src/Volo.Abp.Sms.Aliyun/Volo/Abp/Sms/Aliyun/AbpSmsAliyunModule.cs 
2026-09-07 12:06:08 INFO     [diagram_analysis.scope_assembly:92] Component symbol coverage: 561/561 assigned
2026-09-07 12:06:08 INFO     [diagram_analysis.scope_assembly:319] Merged relations: 14 total (14 static-backed, 0 semantic-only)
2026-09-07 12:06:41 INFO     [httpx:1025] HTTP Request: POST https://codeboarding-llm-api.openai.azure.com/openai/v1/chat/completions "HTTP/1.1 200 OK"
2026-09-07 12:06:41 INFO     [monitoring:62] Token Usage: step=startup model=Kimi-K2.6 usage={"input_tokens": 4571, "output_tokens": 4138, "total_tokens": 8709}
2026-09-07 12:06:53 INFO     [diagram_analysis.scope_assembly:319] Merged relations: 3 total (0 static-backed, 3 semantic-only)
2026-09-07 12:06:54 INFO     [diagram_analysis.scope_assembly:92] Component symbol coverage: 367/367 assigned
2026-09-07 12:06:54 INFO     [diagram_analysis.scope_assembly:319] Merged relations: 0 total (0 static-backed, 0 semantic-only)
2026-09-07 12:06:56 INFO     [httpx:1025] HTTP Request: POST https://codeboarding-llm-api.openai.azure.com/openai/v1/chat/completions "HTTP/1.1 200 OK"
2026-09-07 12:06:56 INFO     [monitoring:62] Token Usage: step=startup model=Kimi-K2.6 usage={"input_tokens": 43722, "output_tokens": 13612, "total_tokens": 57334}
2026-09-07 12:06:57 INFO     [diagram_analysis.scope_assembly:319] Merged relations: 6 total (6 static-backed, 0 semantic-only)
2026-09-07 12:06:57 INFO     [diagram_analysis.scope_assembly:92] Component symbol coverage: 442/442 assigned
2026-09-07 12:06:57 INFO     [diagram_analysis.scope_assembly:319] Merged relations: 9 total (9 static-backed, 0 semantic-only)
2026-09-07 12:07:02 INFO     [httpx:1025] HTTP Request: POST https://codeboarding-llm-api.openai.azure.com/openai/v1/chat/completions "HTTP/1.1 200 OK"
2026-09-07 12:07:03 INFO     [monitoring:62] Token Usage: step=startup model=Kimi-K2.6 usage={"input_tokens": 20146, "output_tokens": 7960, "total_tokens": 28106}
2026-09-07 12:07:10 INFO     [diagram_analysis.scope_assembly:319] Merged relations: 3 total (3 static-backed, 0 semantic-only)
2026-09-07 12:07:11 INFO     [diagram_analysis.scope_assembly:92] Component symbol coverage: 548/548 assigned
2026-09-07 12:07:11 INFO     [diagram_analysis.scope_assembly:319] Merged relations: 14 total (14 static-backed, 0 semantic-only)
2026-09-07 12:07:16 INFO     [httpx:1025] HTTP Request: POST https://codeboarding-llm-api.openai.azure.com/openai/v1/chat/completions "HTTP/1.1 200 OK"
2026-09-07 12:07:16 INFO     [monitoring:62] Token Usage: step=startup model=Kimi-K2.6 usage={"input_tokens": 10442, "output_tokens": 1997, "total_tokens": 12439}
2026-09-07 12:07:16 INFO     [agents.tools.read_file:34] [ReadFile Tool] Reading file modules/virtual-file-explorer/app/DemoAppModule.cs around line 1
2026-09-07 12:07:16 INFO     [agents.tools.read_file:34] [ReadFile Tool] Reading file modules/virtual-file-explorer/app/Migrations/DemoAppDbContextModelSnapshot.cs around line 1
2026-09-07 12:07:16 INFO     [agents.tools.read_file:34] [ReadFile Tool] Reading file modules/virtual-file-explorer/app/Data/DemoAppDbContext.cs around line 1
2026-09-07 12:07:16 INFO     [agents.tools.read_file:72] [ReadFile Tool] Successfully read 22 lines from modules/virtual-file-explorer/app/Data/DemoAppDbContext.cs 
2026-09-07 12:07:16 INFO     [agents.tools.read_file:72] [ReadFile Tool] Successfully read 134 lines from modules/virtual-file-explorer/app/DemoAppModule.cs 
2026-09-07 12:07:16 INFO     [agents.tools.read_file:72] [ReadFile Tool] Successfully read 300 lines from modules/virtual-file-explorer/app/Migrations/DemoAppDbContextModelSnapshot.cs 
2026-09-07 12:07:22 INFO     [httpx:1025] HTTP Request: POST https://codeboarding-llm-api.openai.azure.com/openai/v1/chat/completions "HTTP/1.1 200 OK"
2026-09-07 12:07:23 INFO     [monitoring:62] Token Usage: step=startup model=Kimi-K2.6 usage={"input_tokens": 20904, "output_tokens": 10105, "total_tokens": 31009}
2026-09-07 12:07:23 INFO     [httpx:1025] HTTP Request: POST https://codeboarding-llm-api.openai.azure.com/openai/v1/chat/completions "HTTP/1.1 200 OK"
2026-09-07 12:07:23 INFO     [monitoring:62] Token Usage: step=startup model=Kimi-K2.6 usage={"input_tokens": 26279, "output_tokens": 11375, "total_tokens": 37654}
2026-09-07 12:07:28 INFO     [diagram_analysis.scope_assembly:319] Merged relations: 3 total (3 static-backed, 0 semantic-only)
2026-09-07 12:07:29 INFO     [diagram_analysis.scope_assembly:92] Component symbol coverage: 381/381 assigned
2026-09-07 12:07:29 INFO     [diagram_analysis.scope_assembly:319] Merged relations: 8 total (8 static-backed, 0 semantic-only)
2026-09-07 12:07:33 INFO     [diagram_analysis.scope_assembly:319] Merged relations: 14 total (14 static-backed, 0 semantic-only)
2026-09-07 12:07:34 INFO     [diagram_analysis.scope_assembly:92] Component symbol coverage: 289/289 assigned
2026-09-07 12:07:34 INFO     [diagram_analysis.scope_assembly:319] Merged relations: 0 total (0 static-backed, 0 semantic-only)
2026-09-07 12:07:34 INFO     [httpx:1025] HTTP Request: POST https://codeboarding-llm-api.openai.azure.com/openai/v1/chat/completions "HTTP/1.1 200 OK"
2026-09-07 12:07:34 INFO     [monitoring:62] Token Usage: step=startup model=Kimi-K2.6 usage={"input_tokens": 23410, "output_tokens": 11653, "total_tokens": 35063}
2026-09-07 12:07:36 INFO     [httpx:1025] HTTP Request: POST https://codeboarding-llm-api.openai.azure.com/openai/v1/chat/completions "HTTP/1.1 200 OK"
2026-09-07 12:07:36 INFO     [monitoring:62] Token Usage: step=startup model=Kimi-K2.6 usage={"input_tokens": 22982, "output_tokens": 16583, "total_tokens": 39565}
2026-09-07 12:07:38 INFO     [httpx:1025] HTTP Request: POST https://codeboarding-llm-api.openai.azure.com/openai/v1/chat/completions "HTTP/1.1 200 OK"
2026-09-07 12:07:38 INFO     [monitoring:62] Token Usage: step=startup model=Kimi-K2.6 usage={"input_tokens": 17038, "output_tokens": 13056, "total_tokens": 30094}
2026-09-07 12:07:41 INFO     [httpx:1025] HTTP Request: POST https://codeboarding-llm-api.openai.azure.com/openai/v1/chat/completions "HTTP/1.1 200 OK"
2026-09-07 12:07:41 INFO     [monitoring:62] Token Usage: step=startup model=Kimi-K2.6 usage={"input_tokens": 15208, "output_tokens": 2886, "total_tokens": 18094}
2026-09-07 12:07:44 INFO     [diagram_analysis.scope_assembly:319] Merged relations: 5 total (5 static-backed, 0 semantic-only)
2026-09-07 12:07:48 INFO     [static_analyzer.reference_resolver:394] [Reference Resolution] File path matched for DemoApp.Data.DemoAppDbContext in csharp at /Users/svilen/Documents/Projects/ReposForTesting/abp/modules/virtual-file-explorer/app/Data/DemoAppDbContext.cs
2026-09-07 12:07:48 WARNING  [diagram_analysis.scope_assembly:200] Dropping unsupported semantic relation 1.8.5 -> 1.8.7
2026-09-07 12:07:48 INFO     [static_analyzer.reference_resolver:394] [Reference Resolution] File path matched for DemoApp.Data.DemoAppDbContext in csharp at /Users/svilen/Documents/Projects/ReposForTesting/abp/modules/virtual-file-explorer/app/Data/DemoAppDbContext.cs
2026-09-07 12:07:48 WARNING  [diagram_analysis.scope_assembly:200] Dropping unsupported semantic relation 1.8.6 -> 1.8.7
2026-09-07 12:07:48 INFO     [diagram_analysis.scope_assembly:319] Merged relations: 0 total (0 static-backed, 0 semantic-only)
2026-09-07 12:07:50 INFO     [diagram_analysis.scope_assembly:319] Merged relations: 11 total (11 static-backed, 0 semantic-only)
2026-09-07 12:07:50 INFO     [diagram_analysis.scope_assembly:92] Component symbol coverage: 279/279 assigned
2026-09-07 12:07:50 INFO     [diagram_analysis.scope_assembly:319] Merged relations: 5 total (5 static-backed, 0 semantic-only)
2026-09-07 12:07:51 INFO     [diagram_analysis.scope_assembly:92] Component symbol coverage: 246/246 assigned
2026-09-07 12:07:51 INFO     [diagram_analysis.scope_assembly:319] Merged relations: 8 total (8 static-backed, 0 semantic-only)
2026-09-07 12:07:52 INFO     [diagram_analysis.scope_assembly:319] Merged relations: 6 total (6 static-backed, 0 semantic-only)
2026-09-07 12:07:53 INFO     [diagram_analysis.scope_assembly:92] Component symbol coverage: 160/160 assigned
2026-09-07 12:07:53 INFO     [diagram_analysis.scope_assembly:319] Merged relations: 10 total (10 static-backed, 0 semantic-only)
2026-09-07 12:07:53 INFO     [diagram_analysis.scope_assembly:92] Component symbol coverage: 506/506 assigned
2026-09-07 12:07:53 INFO     [diagram_analysis.scope_assembly:319] Merged relations: 0 total (0 static-backed, 0 semantic-only)
2026-09-07 12:08:14 INFO     [httpx:1025] HTTP Request: POST https://codeboarding-llm-api.openai.azure.com/openai/v1/chat/completions "HTTP/1.1 200 OK"
2026-09-07 12:08:15 INFO     [monitoring:62] Token Usage: step=startup model=Kimi-K2.6 usage={"input_tokens": 5089, "output_tokens": 1735, "total_tokens": 6824}
2026-09-07 12:08:15 INFO     [agents.tools.read_file:34] [ReadFile Tool] Reading file modules/cms-kit/src/Volo.CmsKit.Admin.Web/wwwroot/client-proxies/cms-kit-admin-proxy.js around line 1
2026-09-07 12:08:15 INFO     [agents.tools.read_file:34] [ReadFile Tool] Reading file modules/cms-kit/src/Volo.CmsKit.Common.Web/wwwroot/client-proxies/cms-kit-common-proxy.js around line 1
2026-09-07 12:08:15 INFO     [agents.tools.read_file:72] [ReadFile Tool] Successfully read 40 lines from modules/cms-kit/src/Volo.CmsKit.Common.Web/wwwroot/client-proxies/cms-kit-common-proxy.js 
2026-09-07 12:08:15 INFO     [agents.tools.read_file:72] [ReadFile Tool] Successfully read 300 lines from modules/cms-kit/src/Volo.CmsKit.Admin.Web/wwwroot/client-proxies/cms-kit-admin-proxy.js 
2026-09-07 12:08:15 INFO     [httpx:1025] HTTP Request: POST https://codeboarding-llm-api.openai.azure.com/openai/v1/chat/completions "HTTP/1.1 200 OK"
2026-09-07 12:08:16 INFO     [monitoring:62] Token Usage: step=startup model=Kimi-K2.6 usage={"input_tokens": 8232, "output_tokens": 5785, "total_tokens": 14017}
2026-09-07 12:08:25 INFO     [diagram_analysis.scope_assembly:319] Merged relations: 0 total (0 static-backed, 0 semantic-only)
2026-09-07 12:08:25 INFO     [diagram_analysis.scope_assembly:92] Component symbol coverage: 329/329 assigned
2026-09-07 12:08:25 INFO     [diagram_analysis.scope_assembly:319] Merged relations: 0 total (0 static-backed, 0 semantic-only)
2026-09-07 12:08:28 INFO     [httpx:1025] HTTP Request: POST https://codeboarding-llm-api.openai.azure.com/openai/v1/chat/completions "HTTP/1.1 200 OK"
2026-09-07 12:08:28 INFO     [monitoring:62] Token Usage: step=startup model=Kimi-K2.6 usage={"input_tokens": 9573, "output_tokens": 1156, "total_tokens": 10729}
2026-09-07 12:08:28 INFO     [agents.tools.read_file:34] [ReadFile Tool] Reading file modules/cms-kit/src/Volo.CmsKit.Admin.Web/Pages/CmsKit/BlogPosts/index.js around line 1
2026-09-07 12:08:28 INFO     [agents.tools.read_file:34] [ReadFile Tool] Reading file modules/cms-kit/src/Volo.CmsKit.Public.Web/Pages/CmsKit/Shared/Components/Commenting/default.js around line 1
2026-09-07 12:08:28 INFO     [agents.tools.read_file:72] [ReadFile Tool] Successfully read 188 lines from modules/cms-kit/src/Volo.CmsKit.Admin.Web/Pages/CmsKit/BlogPosts/index.js 
2026-09-07 12:08:28 INFO     [agents.tools.read_file:72] [ReadFile Tool] Successfully read 300 lines from modules/cms-kit/src/Volo.CmsKit.Public.Web/Pages/CmsKit/Shared/Components/Commenting/default.js 
2026-09-07 12:08:41 INFO     [httpx:1025] HTTP Request: POST https://codeboarding-llm-api.openai.azure.com/openai/v1/chat/completions "HTTP/1.1 200 OK"
2026-09-07 12:08:41 INFO     [monitoring:62] Token Usage: step=startup model=Kimi-K2.6 usage={"input_tokens": 3864, "output_tokens": 1126, "total_tokens": 4990}
2026-09-07 12:08:41 INFO     [agents.tools.read_file:34] [ReadFile Tool] Reading file npm/ng-packs/scripts/publish.ts around line 1
2026-09-07 12:08:41 INFO     [agents.tools.read_file:34] [ReadFile Tool] Reading file npm/ng-packs/scripts/copy-packages-to-templates.ts around line 1
2026-09-07 12:08:41 INFO     [agents.tools.read_file:72] [ReadFile Tool] Successfully read 119 lines from npm/ng-packs/scripts/publish.ts 
2026-09-07 12:08:41 INFO     [agents.tools.read_file:34] [ReadFile Tool] Reading file npm/publish-utils.js around line 1
2026-09-07 12:08:41 INFO     [agents.tools.read_file:72] [ReadFile Tool] Successfully read 108 lines from npm/ng-packs/scripts/copy-packages-to-templates.ts 
2026-09-07 12:08:41 INFO     [agents.tools.read_file:72] [ReadFile Tool] Successfully read 25 lines from npm/publish-utils.js 
2026-09-07 12:08:47 INFO     [httpx:1025] HTTP Request: POST https://codeboarding-llm-api.openai.azure.com/openai/v1/chat/completions "HTTP/1.1 200 OK"
2026-09-07 12:08:47 INFO     [monitoring:62] Token Usage: step=startup model=Kimi-K2.6 usage={"input_tokens": 19463, "output_tokens": 16975, "total_tokens": 36438}
2026-09-07 12:08:54 INFO     [httpx:1025] HTTP Request: POST https://codeboarding-llm-api.openai.azure.com/openai/v1/chat/completions "HTTP/1.1 200 OK"
2026-09-07 12:08:55 INFO     [monitoring:62] Token Usage: step=startup model=Kimi-K2.6 usage={"input_tokens": 14927, "output_tokens": 2464, "total_tokens": 17391}
2026-09-07 12:08:55 INFO     [agents.tools.read_file:34] [ReadFile Tool] Reading file modules/cms-kit/src/Volo.CmsKit.Public.Web/wwwroot/client-proxies/cms-kit-proxy.js around line 1
2026-09-07 12:08:55 INFO     [agents.tools.read_file:72] [ReadFile Tool] Successfully read 272 lines from modules/cms-kit/src/Volo.CmsKit.Public.Web/wwwroot/client-proxies/cms-kit-proxy.js 
2026-09-07 12:08:58 INFO     [httpx:1025] HTTP Request: POST https://codeboarding-llm-api.openai.azure.com/openai/v1/chat/completions "HTTP/1.1 200 OK"
2026-09-07 12:08:59 INFO     [monitoring:62] Token Usage: step=startup model=Kimi-K2.6 usage={"input_tokens": 15807, "output_tokens": 12355, "total_tokens": 28162}
2026-09-07 12:09:05 INFO     [httpx:1025] HTTP Request: POST https://codeboarding-llm-api.openai.azure.com/openai/v1/chat/completions "HTTP/1.1 200 OK"
2026-09-07 12:09:05 INFO     [monitoring:62] Token Usage: step=startup model=Kimi-K2.6 usage={"input_tokens": 10379, "output_tokens": 10120, "total_tokens": 20499}
2026-09-07 12:09:05 INFO     [diagram_analysis.scope_assembly:319] Merged relations: 9 total (9 static-backed, 0 semantic-only)
2026-09-07 12:09:07 INFO     [diagram_analysis.scope_assembly:92] Component symbol coverage: 108/108 assigned
2026-09-07 12:09:07 INFO     [diagram_analysis.scope_assembly:319] Merged relations: 0 total (0 static-backed, 0 semantic-only)
2026-09-07 12:09:13 INFO     [diagram_analysis.scope_assembly:319] Merged relations: 8 total (8 static-backed, 0 semantic-only)
2026-09-07 12:09:14 INFO     [diagram_analysis.scope_assembly:319] Merged relations: 10 total (10 static-backed, 0 semantic-only)
2026-09-07 12:09:14 INFO     [diagram_analysis.scope_assembly:92] Component symbol coverage: 120/120 assigned
2026-09-07 12:09:14 INFO     [diagram_analysis.scope_assembly:319] Merged relations: 3 total (3 static-backed, 0 semantic-only)
2026-09-07 12:09:14 INFO     [diagram_analysis.scope_assembly:92] Component symbol coverage: 303/303 assigned
2026-09-07 12:09:14 INFO     [diagram_analysis.scope_assembly:319] Merged relations: 0 total (0 static-backed, 0 semantic-only)
2026-09-07 12:09:21 INFO     [httpx:1025] HTTP Request: POST https://codeboarding-llm-api.openai.azure.com/openai/v1/chat/completions "HTTP/1.1 200 OK"
2026-09-07 12:09:21 INFO     [monitoring:62] Token Usage: step=startup model=Kimi-K2.6 usage={"input_tokens": 3534, "output_tokens": 1403, "total_tokens": 4937}
2026-09-07 12:09:21 INFO     [agents.tools.read_file:34] [ReadFile Tool] Reading file templates/app/angular/src/app/app.component.ts around line 1
2026-09-07 12:09:21 INFO     [agents.tools.read_file:72] [ReadFile Tool] Successfully read 14 lines from templates/app/angular/src/app/app.component.ts 
2026-09-07 12:09:23 INFO     [httpx:1025] HTTP Request: POST https://codeboarding-llm-api.openai.azure.com/openai/v1/chat/completions "HTTP/1.1 200 OK"
2026-09-07 12:09:23 INFO     [monitoring:62] Token Usage: step=startup model=Kimi-K2.6 usage={"input_tokens": 3765, "output_tokens": 35, "total_tokens": 3800}
2026-09-07 12:09:23 INFO     [agents.tools.read_file:34] [ReadFile Tool] Reading file templates/module/angular/projects/dev-app/src/app/app.component.ts around line 1
2026-09-07 12:09:23 INFO     [agents.tools.read_file:72] [ReadFile Tool] Successfully read 13 lines from templates/module/angular/projects/dev-app/src/app/app.component.ts 
2026-09-07 12:09:24 INFO     [httpx:1025] HTTP Request: POST https://codeboarding-llm-api.openai.azure.com/openai/v1/chat/completions "HTTP/1.1 200 OK"
2026-09-07 12:09:24 INFO     [monitoring:62] Token Usage: step=startup model=Kimi-K2.6 usage={"input_tokens": 3981, "output_tokens": 35, "total_tokens": 4016}
2026-09-07 12:09:24 INFO     [agents.tools.read_file:34] [ReadFile Tool] Reading file templates/app-nolayers/angular/src/app/app.component.ts around line 1
2026-09-07 12:09:24 INFO     [agents.tools.read_file:72] [ReadFile Tool] Successfully read 14 lines from templates/app-nolayers/angular/src/app/app.component.ts 
2026-09-07 12:09:26 INFO     [httpx:1025] HTTP Request: POST https://codeboarding-llm-api.openai.azure.com/openai/v1/chat/completions "HTTP/1.1 200 OK"
2026-09-07 12:09:26 INFO     [httpx:1025] HTTP Request: POST https://codeboarding-llm-api.openai.azure.com/openai/v1/chat/completions "HTTP/1.1 200 OK"
2026-09-07 12:09:26 INFO     [monitoring:62] Token Usage: step=startup model=Kimi-K2.6 usage={"input_tokens": 4218, "output_tokens": 39, "total_tokens": 4257}
2026-09-07 12:09:26 INFO     [agents.tools.read_file:34] [ReadFile Tool] Reading file templates/module/angular/projects/my-project-name/src/lib/components/my-project-name.component.ts around line 1
2026-09-07 12:09:26 INFO     [monitoring:62] Token Usage: step=startup model=Kimi-K2.6 usage={"input_tokens": 13318, "output_tokens": 10786, "total_tokens": 24104}
2026-09-07 12:09:27 INFO     [agents.tools.read_file:72] [ReadFile Tool] Successfully read 15 lines from templates/module/angular/projects/my-project-name/src/lib/components/my-project-name.component.ts 
2026-09-07 12:09:34 INFO     [httpx:1025] HTTP Request: POST https://codeboarding-llm-api.openai.azure.com/openai/v1/chat/completions "HTTP/1.1 200 OK"
2026-09-07 12:09:34 INFO     [monitoring:62] Token Usage: step=startup model=Kimi-K2.6 usage={"input_tokens": 4465, "output_tokens": 886, "total_tokens": 5351}
2026-09-07 12:09:36 INFO     [httpx:1025] HTTP Request: POST https://codeboarding-llm-api.openai.azure.com/openai/v1/chat/completions "HTTP/1.1 200 OK"
2026-09-07 12:09:36 INFO     [monitoring:62] Token Usage: step=startup model=Kimi-K2.6 usage={"input_tokens": 3650, "output_tokens": 2324, "total_tokens": 5974}
2026-09-07 12:09:36 INFO     [agents.tools.read_file:34] [ReadFile Tool] Reading file framework/src/Volo.Abp.AspNetCore.Mvc.UI.Theme.Shared/wwwroot/libs/abp/aspnetcore-mvc-ui-theme-shared/ui-extensions.js around line 1
2026-09-07 12:09:36 INFO     [agents.tools.read_file:34] [ReadFile Tool] Reading file framework/src/Volo.Abp.AspNetCore.Components.Web/wwwroot/libs/abp/js/abp.js around line 1
2026-09-07 12:09:36 INFO     [agents.tools.read_file:72] [ReadFile Tool] Successfully read 300 lines from framework/src/Volo.Abp.AspNetCore.Mvc.UI.Theme.Shared/wwwroot/libs/abp/aspnetcore-mvc-ui-theme-shared/ui-extensions.js 
2026-09-07 12:09:36 INFO     [agents.tools.read_file:72] [ReadFile Tool] Successfully read 258 lines from framework/src/Volo.Abp.AspNetCore.Components.Web/wwwroot/libs/abp/js/abp.js 
2026-09-07 12:09:37 INFO     [static_analyzer.reference_resolver:394] [Reference Resolution] File path matched for Volo.Abp.TenantManagement.TenantStore.GetCacheItem in csharp at /Users/svilen/Documents/Projects/ReposForTesting/abp/modules/tenant-management/src/Volo.Abp.TenantManagement.Domain/Volo/Abp/TenantManagement/TenantStore.cs
2026-09-07 12:09:37 INFO     [httpx:1025] HTTP Request: POST https://codeboarding-llm-api.openai.azure.com/openai/v1/chat/completions "HTTP/1.1 200 OK"
2026-09-07 12:09:37 INFO     [monitoring:62] Token Usage: step=startup model=Kimi-K2.6 usage={"input_tokens": 21762, "output_tokens": 17266, "total_tokens": 39028}
2026-09-07 12:09:38 INFO     [static_analyzer.reference_resolver:394] [Reference Resolution] File path matched for Volo.Abp.TenantManagement.TenantStore.GetCacheItem in csharp at /Users/svilen/Documents/Projects/ReposForTesting/abp/modules/tenant-management/src/Volo.Abp.TenantManagement.Domain/Volo/Abp/TenantManagement/TenantStore.cs
2026-09-07 12:09:43 INFO     [static_analyzer.reference_resolver:394] [Reference Resolution] File path matched for Volo.Abp.TenantManagement.HttpApi.TenantController.DeleteDefaultConnectionStringAsync in csharp at /Users/svilen/Documents/Projects/ReposForTesting/abp/modules/tenant-management/src/Volo.Abp.TenantManagement.HttpApi/Volo/Abp/TenantManagement/TenantController.cs
2026-09-07 12:09:44 INFO     [static_analyzer.reference_resolver:394] [Reference Resolution] File path matched for Volo.Abp.TenantManagement.HttpApi.TenantController.DeleteDefaultConnectionStringAsync in csharp at /Users/svilen/Documents/Projects/ReposForTesting/abp/modules/tenant-management/src/Volo.Abp.TenantManagement.HttpApi/Volo/Abp/TenantManagement/TenantController.cs
2026-09-07 12:09:44 INFO     [static_analyzer.reference_resolver:394] [Reference Resolution] File path matched for Volo.Abp.TenantManagement.HttpApi.TenantController.GetDefaultConnectionStringAsync in csharp at /Users/svilen/Documents/Projects/ReposForTesting/abp/modules/tenant-management/src/Volo.Abp.TenantManagement.HttpApi/Volo/Abp/TenantManagement/TenantController.cs
2026-09-07 12:09:45 INFO     [diagram_analysis.scope_assembly:319] Merged relations: 8 total (8 static-backed, 0 semantic-only)
2026-09-07 12:09:49 INFO     [httpx:1025] HTTP Request: POST https://codeboarding-llm-api.openai.azure.com/openai/v1/chat/completions "HTTP/1.1 200 OK"
2026-09-07 12:09:49 INFO     [monitoring:62] Token Usage: step=startup model=Kimi-K2.6 usage={"input_tokens": 6927, "output_tokens": 5259, "total_tokens": 12186}
2026-09-07 12:09:49 INFO     [agents.tools.read_file:34] [ReadFile Tool] Reading file npm/ng-packs/scripts/build.ts around line 1
2026-09-07 12:09:49 INFO     [agents.tools.read_file:72] [ReadFile Tool] Successfully read 74 lines from npm/ng-packs/scripts/build.ts 
2026-09-07 12:09:49 INFO     [diagram_analysis.scope_assembly:319] Merged relations: 0 total (0 static-backed, 0 semantic-only)
2026-09-07 12:09:49 INFO     [diagram_analysis.scope_assembly:92] Component symbol coverage: 204/204 assigned
2026-09-07 12:09:49 INFO     [diagram_analysis.scope_assembly:319] Merged relations: 0 total (0 static-backed, 0 semantic-only)
2026-09-07 12:09:50 INFO     [diagram_analysis.scope_assembly:92] Component symbol coverage: 84/84 assigned
2026-09-07 12:09:50 INFO     [diagram_analysis.scope_assembly:319] Merged relations: 0 total (0 static-backed, 0 semantic-only)
2026-09-07 12:09:52 INFO     [httpx:1025] HTTP Request: POST https://codeboarding-llm-api.openai.azure.com/openai/v1/chat/completions "HTTP/1.1 200 OK"
2026-09-07 12:09:52 INFO     [monitoring:62] Token Usage: step=startup model=Kimi-K2.6 usage={"input_tokens": 5882, "output_tokens": 4763, "total_tokens": 10645}
2026-09-07 12:09:53 INFO     [diagram_analysis.scope_assembly:319] Merged relations: 3 total (3 static-backed, 0 semantic-only)
2026-09-07 12:09:53 INFO     [diagram_analysis.scope_assembly:92] Component symbol coverage: 32/32 assigned
2026-09-07 12:09:53 INFO     [diagram_analysis.scope_assembly:319] Merged relations: 1 total (1 static-backed, 0 semantic-only)
2026-09-07 12:09:55 INFO     [diagram_analysis.scope_assembly:319] Merged relations: 14 total (14 static-backed, 0 semantic-only)
2026-09-07 12:10:08 INFO     [httpx:1025] HTTP Request: POST https://codeboarding-llm-api.openai.azure.com/openai/v1/chat/completions "HTTP/1.1 200 OK"
2026-09-07 12:10:08 INFO     [monitoring:62] Token Usage: step=startup model=Kimi-K2.6 usage={"input_tokens": 18467, "output_tokens": 6791, "total_tokens": 25258}
2026-09-07 12:10:10 INFO     [httpx:1025] HTTP Request: POST https://codeboarding-llm-api.openai.azure.com/openai/v1/chat/completions "HTTP/1.1 200 OK"
2026-09-07 12:10:10 INFO     [monitoring:62] Token Usage: step=startup model=Kimi-K2.6 usage={"input_tokens": 2564, "output_tokens": 2401, "total_tokens": 4965}
2026-09-07 12:10:12 INFO     [httpx:1025] HTTP Request: POST https://codeboarding-llm-api.openai.azure.com/openai/v1/chat/completions "HTTP/1.1 200 OK"
2026-09-07 12:10:12 INFO     [monitoring:62] Token Usage: step=startup model=Kimi-K2.6 usage={"input_tokens": 9438, "output_tokens": 5059, "total_tokens": 14497}
2026-09-07 12:10:13 INFO     [diagram_analysis.scope_assembly:319] Merged relations: 0 total (0 static-backed, 0 semantic-only)
2026-09-07 12:10:17 INFO     [diagram_analysis.scope_assembly:319] Merged relations: 0 total (0 static-backed, 0 semantic-only)
2026-09-07 12:10:18 INFO     [diagram_analysis.scope_assembly:319] Merged relations: 0 total (0 static-backed, 0 semantic-only)
2026-09-07 12:10:21 INFO     [httpx:1025] HTTP Request: POST https://codeboarding-llm-api.openai.azure.com/openai/v1/chat/completions "HTTP/1.1 200 OK"
2026-09-07 12:10:21 INFO     [monitoring:62] Token Usage: step=startup model=Kimi-K2.6 usage={"input_tokens": 2870, "output_tokens": 3955, "total_tokens": 6825}
2026-09-07 12:10:22 INFO     [diagram_analysis.scope_assembly:319] Merged relations: 0 total (0 static-backed, 0 semantic-only)
2026-09-07 12:10:23 INFO     [diagram_analysis.diagram_generator:1353] Progress: 53 completed, 34 in flight, 0 errors
2026-09-07 12:10:26 INFO     [httpx:1025] HTTP Request: POST https://codeboarding-llm-api.openai.azure.com/openai/v1/chat/completions "HTTP/1.1 200 OK"
2026-09-07 12:10:26 INFO     [monitoring:62] Token Usage: step=startup model=Kimi-K2.6 usage={"input_tokens": 12164, "output_tokens": 16078, "total_tokens": 28242}
2026-09-07 12:10:30 INFO     [httpx:1025] HTTP Request: POST https://codeboarding-llm-api.openai.azure.com/openai/v1/chat/completions "HTTP/1.1 200 OK"
2026-09-07 12:10:30 INFO     [monitoring:62] Token Usage: step=startup model=Kimi-K2.6 usage={"input_tokens": 7667, "output_tokens": 4812, "total_tokens": 12479}
2026-09-07 12:10:33 INFO     [httpx:1025] HTTP Request: POST https://codeboarding-llm-api.openai.azure.com/openai/v1/chat/completions "HTTP/1.1 200 OK"
2026-09-07 12:10:33 INFO     [monitoring:62] Token Usage: step=startup model=Kimi-K2.6 usage={"input_tokens": 3064, "output_tokens": 5640, "total_tokens": 8704}
2026-09-07 12:10:37 INFO     [diagram_analysis.scope_assembly:319] Merged relations: 5 total (5 static-backed, 0 semantic-only)
2026-09-07 12:10:38 INFO     [diagram_analysis.scope_assembly:319] Merged relations: 1 total (1 static-backed, 0 semantic-only)
2026-09-07 12:10:41 INFO     [static_analyzer.reference_resolver:413] [Reference Resolution] Path matched for npm/ng-packs/scripts/publish.ts in csharp at /Users/svilen/Documents/Projects/ReposForTesting/abp/npm/ng-packs/scripts/publish.ts
2026-09-07 12:10:41 INFO     [static_analyzer.reference_resolver:413] [Reference Resolution] Path matched for npm/scripts/validate-versions.ts in csharp at /Users/svilen/Documents/Projects/ReposForTesting/abp/npm/scripts/validate-versions.ts
2026-09-07 12:10:41 WARNING  [diagram_analysis.scope_assembly:200] Dropping unsupported semantic relation 1.17.3 -> 1.17.4
2026-09-07 12:10:41 INFO     [diagram_analysis.scope_assembly:319] Merged relations: 0 total (0 static-backed, 0 semantic-only)
2026-09-07 12:20:21 INFO     [diagram_analysis.diagram_generator:1353] Progress: 84 completed, 3 in flight, 0 errors
2026-09-07 12:21:30 INFO     [diagram_analysis.diagram_generator:1353] Progress: 87 completed, 0 in flight, 0 errors
2026-09-07 12:21:30 INFO     [diagram_analysis.diagram_generator:1360] Subcomponent generation complete: {'submitted': 87, 'completed': 87, 'saves': 87, 'errors': 0}
2026-09-07 12:21:31 INFO     [static_analyzer.cluster_relations:87] Built 1944 static inter-component relations from CFG edges
2026-09-07 12:21:32 WARNING  [diagram_analysis.diagram_generator:1501] Semantic naming fell back to deterministic names for 2 of 88 scopes
2026-09-07 12:21:39 INFO     [diagram_analysis.diagram_generator:1178] File coverage report written to /Users/svilen/Documents/Projects/ReposForTesting/abp/.codeboarding/file_coverage.json
2026-09-07 12:21:54 INFO     [static_analyzer.analysis_cache:253] Static analysis cache size: 30.68 MB
2026-09-07 12:21:54 INFO     [static_analyzer.analysis_cache:263] Saved static analysis to cache: /Users/svilen/Documents/Projects/ReposForTesting/abp/.codeboarding/static_analysis.pkl
2026-09-07 12:21:54 INFO     [diagram_analysis.diagram_generator:1398] Analysis complete. Written unified analysis to /Users/svilen/Documents/Projects/ReposForTesting/abp/.codeboarding/analysis.json
2026-09-07 12:21:55 INFO     [codeboarding_cli.commands.full_analysis:120] Analysis generated successfully in /Users/svilen/Documents/Projects/ReposForTesting/abp/.codeboarding
2026-09-07 12:21:55 INFO     [codeboarding_cli.view_instructions:27] 
Analysis ready. View your architecture diagram:

  1. Open the webview:   https://app.codeboarding.org
  2. Click 'Load a file' and pick:
       /Users/svilen/Documents/Projects/ReposForTesting/abp/.codeboarding/analysis.json

