2026-09-07 17:44:07 INFO     [codeboarding_cli.commands.full_analysis:96] Starting CodeBoarding documentation generation...
2026-09-07 17:44:07 INFO     [utils:77] Monitoring enabled: false
2026-09-07 17:44:07 INFO     [codeboarding_workflows.analysis:62] Running FULL analysis workflow for repo 'abp'.
2026-09-07 17:44:44 INFO     [static_analyzer.csharp_config_scanner:75] Skipping 19 C# project root(s) with no .cs files: source-code, Volo.Abp.Account.SourceCode, Volo.Abp.AuditLogging.SourceCode, Volo.Abp.BackgroundJobs.SourceCode, Volo.Abp.BasicTheme.SourceCode...
2026-09-07 17:44:44 INFO     [static_analyzer:203] Creating engine config for CSharp (solution) at: abp_io/AbpIoLocalization
2026-09-07 17:44:44 INFO     [static_analyzer:203] Creating engine config for CSharp (solution) at: framework
2026-09-07 17:44:44 INFO     [static_analyzer:203] Creating engine config for CSharp (solution) at: modules/account
2026-09-07 17:44:44 INFO     [static_analyzer:203] Creating engine config for CSharp (solution) at: modules/audit-logging
2026-09-07 17:44:44 INFO     [static_analyzer:203] Creating engine config for CSharp (solution) at: modules/background-jobs
2026-09-07 17:44:44 INFO     [static_analyzer:203] Creating engine config for CSharp (solution) at: modules/basic-theme
2026-09-07 17:44:44 INFO     [static_analyzer:203] Creating engine config for CSharp (solution) at: modules/blob-storing-database
2026-09-07 17:44:44 INFO     [static_analyzer:203] Creating engine config for CSharp (solution) at: modules/blob-storing-database/host/BlobStoring.Database.Host.ConsoleApp
2026-09-07 17:44:44 INFO     [static_analyzer:203] Creating engine config for CSharp (solution) at: modules/blogging
2026-09-07 17:44:44 INFO     [static_analyzer:203] Creating engine config for CSharp (solution) at: modules/client-simulation
2026-09-07 17:44:44 INFO     [static_analyzer:203] Creating engine config for CSharp (solution) at: modules/cms-kit
2026-09-07 17:44:44 INFO     [static_analyzer:203] Creating engine config for CSharp (solution) at: modules/docs
2026-09-07 17:44:44 INFO     [static_analyzer:203] Creating engine config for CSharp (solution) at: modules/feature-management
2026-09-07 17:44:44 INFO     [static_analyzer:203] Creating engine config for CSharp (solution) at: modules/identity
2026-09-07 17:44:44 INFO     [static_analyzer:203] Creating engine config for CSharp (solution) at: modules/identityserver
2026-09-07 17:44:44 INFO     [static_analyzer:203] Creating engine config for CSharp (solution) at: modules/openiddict
2026-09-07 17:44:44 INFO     [static_analyzer:203] Creating engine config for CSharp (solution) at: modules/permission-management
2026-09-07 17:44:44 INFO     [static_analyzer:203] Creating engine config for CSharp (solution) at: modules/setting-management
2026-09-07 17:44:44 INFO     [static_analyzer:203] Creating engine config for CSharp (solution) at: modules/tenant-management
2026-09-07 17:44:44 INFO     [static_analyzer:203] Creating engine config for CSharp (solution) at: modules/users
2026-09-07 17:44:44 INFO     [static_analyzer:203] Creating engine config for CSharp (solution) at: modules/virtual-file-explorer
2026-09-07 17:44:44 INFO     [static_analyzer:203] Creating engine config for CSharp (solution) at: templates/app/aspnet-core
2026-09-07 17:44:44 INFO     [static_analyzer:203] Creating engine config for CSharp (solution) at: templates/app-nolayers/aspnet-core
2026-09-07 17:44:44 INFO     [static_analyzer:203] Creating engine config for CSharp (solution) at: templates/console
2026-09-07 17:44:44 INFO     [static_analyzer:203] Creating engine config for CSharp (solution) at: templates/maui
2026-09-07 17:44:44 INFO     [static_analyzer:203] Creating engine config for CSharp (solution) at: templates/module/aspnet-core
2026-09-07 17:44:44 INFO     [static_analyzer:203] Creating engine config for CSharp (solution) at: templates/wpf
2026-09-07 17:44:44 INFO     [static_analyzer:203] Creating engine config for CSharp (solution) at: tools/localization-key-synchronizer
2026-09-07 17:44:46 INFO     [static_analyzer.typescript_config_scanner:96] Found 7 TypeScript project(s) in repository (69 total files across all projects)
2026-09-07 17:44:46 INFO     [static_analyzer:166] Creating engine config for TypeScript at repo root (69 files across 7 tsconfig project(s): templates/app/angular, templates/module/angular, templates/app-nolayers/angular, modules/openiddict/app/angular, npm/scripts, npm/ng-packs/scripts, npm/ng-packs/scripts/mock-schematic)
2026-09-07 17:44:47 INFO     [static_analyzer:176] Adding 255 family file(s) claimed by no tsconfig
2026-09-07 17:44:47 INFO     [static_analyzer.engine.language_adapter:284] Found 8 CSharp files in /Users/svilen/Documents/Projects/ReposForTesting/abp/abp_io/AbpIoLocalization
2026-09-07 17:44:47 INFO     [static_analyzer:393] Starting engine LSP client for CSharp at /Users/svilen/Documents/Projects/ReposForTesting/abp/abp_io/AbpIoLocalization
2026-09-07 17:44:50 INFO     [static_analyzer.engine.adapters.csharp_adapter:367] dotnet restore completed for AbpIoLocalization.slnx
2026-09-07 17:44:51 INFO     [static_analyzer:415] CSharp LSP start: 3.7s
2026-09-07 17:44:53 INFO     [static_analyzer.engine.language_adapter:284] Found 3538 CSharp files in /Users/svilen/Documents/Projects/ReposForTesting/abp/framework
2026-09-07 17:44:53 INFO     [static_analyzer:393] Starting engine LSP client for CSharp at /Users/svilen/Documents/Projects/ReposForTesting/abp/framework
2026-09-07 17:45:08 INFO     [static_analyzer.engine.adapters.csharp_adapter:367] dotnet restore completed for Volo.Abp.slnx
2026-09-07 17:45:09 INFO     [static_analyzer:415] CSharp LSP start: 17.0s
2026-09-07 17:45:10 INFO     [static_analyzer.engine.language_adapter:284] Found 81 CSharp files in /Users/svilen/Documents/Projects/ReposForTesting/abp/modules/account
2026-09-07 17:45:10 INFO     [static_analyzer:393] Starting engine LSP client for CSharp at /Users/svilen/Documents/Projects/ReposForTesting/abp/modules/account
2026-09-07 17:45:19 INFO     [static_analyzer.engine.adapters.csharp_adapter:367] dotnet restore completed for Volo.Abp.Account.slnx
2026-09-07 17:45:20 INFO     [static_analyzer:415] CSharp LSP start: 10.0s
2026-09-07 17:45:20 INFO     [static_analyzer.engine.language_adapter:284] Found 38 CSharp files in /Users/svilen/Documents/Projects/ReposForTesting/abp/modules/audit-logging
2026-09-07 17:45:20 INFO     [static_analyzer:393] Starting engine LSP client for CSharp at /Users/svilen/Documents/Projects/ReposForTesting/abp/modules/audit-logging
2026-09-07 17:45:25 INFO     [static_analyzer.engine.adapters.csharp_adapter:367] dotnet restore completed for Volo.Abp.AuditLogging.slnx
2026-09-07 17:45:26 INFO     [static_analyzer:415] CSharp LSP start: 6.5s
2026-09-07 17:45:26 INFO     [static_analyzer.engine.language_adapter:284] Found 50 CSharp files in /Users/svilen/Documents/Projects/ReposForTesting/abp/modules/background-jobs
2026-09-07 17:45:26 INFO     [static_analyzer:393] Starting engine LSP client for CSharp at /Users/svilen/Documents/Projects/ReposForTesting/abp/modules/background-jobs
2026-09-07 17:45:34 INFO     [static_analyzer.engine.adapters.csharp_adapter:367] dotnet restore completed for Volo.Abp.BackgroundJobs.slnx
2026-09-07 17:45:34 INFO     [static_analyzer:415] CSharp LSP start: 8.3s
2026-09-07 17:45:34 INFO     [static_analyzer.engine.language_adapter:284] Found 51 CSharp files in /Users/svilen/Documents/Projects/ReposForTesting/abp/modules/basic-theme
2026-09-07 17:45:34 INFO     [static_analyzer:393] Starting engine LSP client for CSharp at /Users/svilen/Documents/Projects/ReposForTesting/abp/modules/basic-theme
2026-09-07 17:45:43 INFO     [static_analyzer.engine.adapters.csharp_adapter:367] dotnet restore completed for Volo.Abp.BasicTheme.slnx
2026-09-07 17:45:44 INFO     [static_analyzer:415] CSharp LSP start: 9.4s
2026-09-07 17:45:44 INFO     [static_analyzer.engine.language_adapter:284] Found 39 CSharp files in /Users/svilen/Documents/Projects/ReposForTesting/abp/modules/blob-storing-database
2026-09-07 17:45:44 INFO     [static_analyzer:393] Starting engine LSP client for CSharp at /Users/svilen/Documents/Projects/ReposForTesting/abp/modules/blob-storing-database
2026-09-07 17:45:50 INFO     [static_analyzer.engine.adapters.csharp_adapter:367] dotnet restore completed for Volo.Abp.BlobStoring.Database.slnx
2026-09-07 17:45:51 INFO     [static_analyzer:415] CSharp LSP start: 7.0s
2026-09-07 17:45:51 INFO     [static_analyzer.engine.language_adapter:284] Found 13 CSharp files in /Users/svilen/Documents/Projects/ReposForTesting/abp/modules/blob-storing-database/host/BlobStoring.Database.Host.ConsoleApp
2026-09-07 17:45:51 INFO     [static_analyzer:393] Starting engine LSP client for CSharp at /Users/svilen/Documents/Projects/ReposForTesting/abp/modules/blob-storing-database/host/BlobStoring.Database.Host.ConsoleApp
2026-09-07 17:45:57 INFO     [static_analyzer.engine.adapters.csharp_adapter:367] dotnet restore completed for BlobStoring.Database.Host.ConsoleApp.slnx
2026-09-07 17:45:57 INFO     [static_analyzer:415] CSharp LSP start: 6.5s
2026-09-07 17:45:58 INFO     [static_analyzer.engine.language_adapter:284] Found 219 CSharp files in /Users/svilen/Documents/Projects/ReposForTesting/abp/modules/blogging
2026-09-07 17:45:58 INFO     [static_analyzer:393] Starting engine LSP client for CSharp at /Users/svilen/Documents/Projects/ReposForTesting/abp/modules/blogging
2026-09-07 17:46:09 INFO     [static_analyzer.engine.adapters.csharp_adapter:367] dotnet restore completed for Volo.Blogging.slnx
2026-09-07 17:46:10 INFO     [static_analyzer:415] CSharp LSP start: 12.2s
2026-09-07 17:46:10 INFO     [static_analyzer.engine.language_adapter:284] Found 27 CSharp files in /Users/svilen/Documents/Projects/ReposForTesting/abp/modules/client-simulation
2026-09-07 17:46:10 INFO     [static_analyzer:393] Starting engine LSP client for CSharp at /Users/svilen/Documents/Projects/ReposForTesting/abp/modules/client-simulation
2026-09-07 17:46:18 INFO     [static_analyzer.engine.adapters.csharp_adapter:367] dotnet restore completed for Volo.ClientSimulation.slnx
2026-09-07 17:46:18 INFO     [static_analyzer:415] CSharp LSP start: 8.6s
2026-09-07 17:46:19 INFO     [static_analyzer.engine.language_adapter:284] Found 545 CSharp files in /Users/svilen/Documents/Projects/ReposForTesting/abp/modules/cms-kit
2026-09-07 17:46:19 INFO     [static_analyzer:393] Starting engine LSP client for CSharp at /Users/svilen/Documents/Projects/ReposForTesting/abp/modules/cms-kit
2026-09-07 17:46:33 INFO     [static_analyzer.engine.adapters.csharp_adapter:367] dotnet restore completed for Volo.CmsKit.slnx
2026-09-07 17:46:34 INFO     [static_analyzer:415] CSharp LSP start: 15.0s
2026-09-07 17:46:34 INFO     [static_analyzer.engine.language_adapter:284] Found 263 CSharp files in /Users/svilen/Documents/Projects/ReposForTesting/abp/modules/docs
2026-09-07 17:46:34 INFO     [static_analyzer:393] Starting engine LSP client for CSharp at /Users/svilen/Documents/Projects/ReposForTesting/abp/modules/docs
2026-09-07 17:46:45 INFO     [static_analyzer.engine.adapters.csharp_adapter:367] dotnet restore completed for Volo.Docs.slnx
2026-09-07 17:46:46 INFO     [static_analyzer:415] CSharp LSP start: 12.1s
2026-09-07 17:46:46 INFO     [static_analyzer.engine.language_adapter:284] Found 106 CSharp files in /Users/svilen/Documents/Projects/ReposForTesting/abp/modules/feature-management
2026-09-07 17:46:46 INFO     [static_analyzer:393] Starting engine LSP client for CSharp at /Users/svilen/Documents/Projects/ReposForTesting/abp/modules/feature-management
2026-09-07 17:46:55 INFO     [static_analyzer.engine.adapters.csharp_adapter:367] dotnet restore completed for Volo.Abp.FeatureManagement.slnx
2026-09-07 17:46:56 INFO     [static_analyzer:415] CSharp LSP start: 9.8s
2026-09-07 17:46:56 INFO     [static_analyzer.engine.language_adapter:284] Found 256 CSharp files in /Users/svilen/Documents/Projects/ReposForTesting/abp/modules/identity
2026-09-07 17:46:56 INFO     [static_analyzer:393] Starting engine LSP client for CSharp at /Users/svilen/Documents/Projects/ReposForTesting/abp/modules/identity
2026-09-07 17:47:06 INFO     [static_analyzer.engine.adapters.csharp_adapter:367] dotnet restore completed for Volo.Abp.Identity.slnx
2026-09-07 17:47:07 INFO     [static_analyzer:415] CSharp LSP start: 10.8s
2026-09-07 17:47:07 INFO     [static_analyzer.engine.language_adapter:284] Found 128 CSharp files in /Users/svilen/Documents/Projects/ReposForTesting/abp/modules/identityserver
2026-09-07 17:47:07 INFO     [static_analyzer:393] Starting engine LSP client for CSharp at /Users/svilen/Documents/Projects/ReposForTesting/abp/modules/identityserver
2026-09-07 17:47:14 INFO     [static_analyzer.engine.adapters.csharp_adapter:367] dotnet restore completed for Volo.Abp.IdentityServer.slnx
2026-09-07 17:47:15 INFO     [static_analyzer:415] CSharp LSP start: 7.8s
2026-09-07 17:47:15 INFO     [static_analyzer.engine.language_adapter:284] Found 154 CSharp files in /Users/svilen/Documents/Projects/ReposForTesting/abp/modules/openiddict
2026-09-07 17:47:15 INFO     [static_analyzer:393] Starting engine LSP client for CSharp at /Users/svilen/Documents/Projects/ReposForTesting/abp/modules/openiddict
2026-09-07 17:47:26 INFO     [static_analyzer.engine.adapters.csharp_adapter:367] dotnet restore completed for Volo.Abp.OpenIddict.slnx
2026-09-07 17:47:27 INFO     [static_analyzer:415] CSharp LSP start: 12.4s
2026-09-07 17:47:27 INFO     [static_analyzer.engine.language_adapter:284] Found 127 CSharp files in /Users/svilen/Documents/Projects/ReposForTesting/abp/modules/permission-management
2026-09-07 17:47:27 INFO     [static_analyzer:393] Starting engine LSP client for CSharp at /Users/svilen/Documents/Projects/ReposForTesting/abp/modules/permission-management
2026-09-07 17:47:36 INFO     [static_analyzer.engine.adapters.csharp_adapter:367] dotnet restore completed for Volo.Abp.PermissionManagement.slnx
2026-09-07 17:47:37 INFO     [static_analyzer:415] CSharp LSP start: 9.8s
2026-09-07 17:47:37 INFO     [static_analyzer.engine.language_adapter:284] Found 132 CSharp files in /Users/svilen/Documents/Projects/ReposForTesting/abp/modules/setting-management
2026-09-07 17:47:37 INFO     [static_analyzer:393] Starting engine LSP client for CSharp at /Users/svilen/Documents/Projects/ReposForTesting/abp/modules/setting-management
2026-09-07 17:47:49 INFO     [static_analyzer.engine.adapters.csharp_adapter:367] dotnet restore completed for Volo.Abp.SettingManagement.slnx
2026-09-07 17:47:49 INFO     [static_analyzer:415] CSharp LSP start: 12.4s
2026-09-07 17:47:50 INFO     [static_analyzer.engine.language_adapter:284] Found 73 CSharp files in /Users/svilen/Documents/Projects/ReposForTesting/abp/modules/tenant-management
2026-09-07 17:47:50 INFO     [static_analyzer:393] Starting engine LSP client for CSharp at /Users/svilen/Documents/Projects/ReposForTesting/abp/modules/tenant-management
2026-09-07 17:47:59 INFO     [static_analyzer.engine.adapters.csharp_adapter:367] dotnet restore completed for Volo.Abp.TenantManagement.slnx
2026-09-07 17:48:00 INFO     [static_analyzer:415] CSharp LSP start: 10.5s
2026-09-07 17:48:00 INFO     [static_analyzer.engine.language_adapter:284] Found 25 CSharp files in /Users/svilen/Documents/Projects/ReposForTesting/abp/modules/users
2026-09-07 17:48:00 INFO     [static_analyzer:393] Starting engine LSP client for CSharp at /Users/svilen/Documents/Projects/ReposForTesting/abp/modules/users
2026-09-07 17:48:05 INFO     [static_analyzer.engine.adapters.csharp_adapter:367] dotnet restore completed for Volo.Abp.Users.slnx
2026-09-07 17:48:06 INFO     [static_analyzer:415] CSharp LSP start: 6.1s
2026-09-07 17:48:06 INFO     [static_analyzer.engine.language_adapter:284] Found 24 CSharp files in /Users/svilen/Documents/Projects/ReposForTesting/abp/modules/virtual-file-explorer
2026-09-07 17:48:06 INFO     [static_analyzer:393] Starting engine LSP client for CSharp at /Users/svilen/Documents/Projects/ReposForTesting/abp/modules/virtual-file-explorer
2026-09-07 17:48:16 INFO     [static_analyzer.engine.adapters.csharp_adapter:367] dotnet restore completed for Volo.Abp.VirtualFileExplorer.slnx
2026-09-07 17:48:16 INFO     [static_analyzer:415] CSharp LSP start: 10.3s
2026-09-07 17:48:17 INFO     [static_analyzer.engine.language_adapter:284] Found 132 CSharp files in /Users/svilen/Documents/Projects/ReposForTesting/abp/templates/app/aspnet-core
2026-09-07 17:48:17 INFO     [static_analyzer:393] Starting engine LSP client for CSharp at /Users/svilen/Documents/Projects/ReposForTesting/abp/templates/app/aspnet-core
2026-09-07 17:48:32 INFO     [static_analyzer.engine.adapters.csharp_adapter:367] dotnet restore completed for MyCompanyName.MyProjectName.slnx
2026-09-07 17:48:33 INFO     [static_analyzer:415] CSharp LSP start: 15.9s
2026-09-07 17:48:33 INFO     [static_analyzer.engine.language_adapter:284] Found 134 CSharp files in /Users/svilen/Documents/Projects/ReposForTesting/abp/templates/app-nolayers/aspnet-core
2026-09-07 17:48:33 INFO     [static_analyzer:393] Starting engine LSP client for CSharp at /Users/svilen/Documents/Projects/ReposForTesting/abp/templates/app-nolayers/aspnet-core
2026-09-07 17:48:48 INFO     [static_analyzer.engine.adapters.csharp_adapter:367] dotnet restore completed for MyCompanyName.MyProjectName.slnx
2026-09-07 17:48:48 INFO     [static_analyzer:415] CSharp LSP start: 15.8s
2026-09-07 17:48:48 INFO     [static_analyzer.engine.language_adapter:284] Found 4 CSharp files in /Users/svilen/Documents/Projects/ReposForTesting/abp/templates/console
2026-09-07 17:48:48 INFO     [static_analyzer:393] Starting engine LSP client for CSharp at /Users/svilen/Documents/Projects/ReposForTesting/abp/templates/console
2026-09-07 17:48:50 INFO     [static_analyzer.engine.adapters.csharp_adapter:367] dotnet restore completed for MyCompanyName.MyProjectName.slnx
2026-09-07 17:48:51 INFO     [static_analyzer:415] CSharp LSP start: 2.1s
2026-09-07 17:48:51 INFO     [static_analyzer.engine.language_adapter:284] Found 14 CSharp files in /Users/svilen/Documents/Projects/ReposForTesting/abp/templates/maui
2026-09-07 17:48:51 INFO     [static_analyzer:393] Starting engine LSP client for CSharp at /Users/svilen/Documents/Projects/ReposForTesting/abp/templates/maui
2026-09-07 17:48:52 WARNING  [static_analyzer.engine.adapters.csharp_adapter:360] dotnet restore failed for MyCompanyName.MyProjectName.slnx (exit 1): /abp/templates/maui/src/MyCompanyName.MyProjectName/MyCompanyName.MyProjectName.csproj::TargetFramework=net10.0]
/Users/svilen/.codeboarding/dotnet/sdk/10.0.400/Sdks/Microsoft.NET.Sdk/targets/Microsoft.NET.Sdk.ImportWorkloads.targets(38,5): error NETSDK1147: To install these workloads, run the following command: dotnet workload restore [/Users/svilen/Documents/Projects/ReposForTesting/abp/templates/maui/src/MyCompanyName.MyProjectName/MyCompanyName.MyProjectName.csproj::TargetFramework=net10.0]

2026-09-07 17:48:53 INFO     [static_analyzer:415] CSharp LSP start: 2.0s
2026-09-07 17:48:53 INFO     [static_analyzer.engine.language_adapter:284] Found 100 CSharp files in /Users/svilen/Documents/Projects/ReposForTesting/abp/templates/module/aspnet-core
2026-09-07 17:48:53 INFO     [static_analyzer:393] Starting engine LSP client for CSharp at /Users/svilen/Documents/Projects/ReposForTesting/abp/templates/module/aspnet-core
2026-09-07 17:49:08 INFO     [static_analyzer.engine.adapters.csharp_adapter:367] dotnet restore completed for MyCompanyName.MyProjectName.slnx
2026-09-07 17:49:08 INFO     [static_analyzer:415] CSharp LSP start: 15.8s
2026-09-07 17:49:08 INFO     [static_analyzer.engine.language_adapter:284] Found 5 CSharp files in /Users/svilen/Documents/Projects/ReposForTesting/abp/templates/wpf
2026-09-07 17:49:08 INFO     [static_analyzer:393] Starting engine LSP client for CSharp at /Users/svilen/Documents/Projects/ReposForTesting/abp/templates/wpf
2026-09-07 17:49:09 WARNING  [static_analyzer.engine.adapters.csharp_adapter:360] dotnet restore failed for MyCompanyName.MyProjectName.slnx (exit 1):   Determining projects to restore...
/Users/svilen/.codeboarding/dotnet/sdk/10.0.400/Sdks/Microsoft.NET.Sdk/targets/Microsoft.NET.Sdk.FrameworkReferenceResolution.targets(120,5): error NETSDK1100: To build a project targeting Windows on this operating system, set the EnableWindowsTargeting property to true. [/Users/svilen/Documents/Projects/ReposForTesting/abp/templates/wpf/src/MyCompanyName.MyProjectName/MyCompanyName.MyProjectName.csproj]

2026-09-07 17:49:10 INFO     [static_analyzer:415] CSharp LSP start: 1.7s
2026-09-07 17:49:10 INFO     [static_analyzer.engine.language_adapter:284] Found 11 CSharp files in /Users/svilen/Documents/Projects/ReposForTesting/abp/tools/localization-key-synchronizer
2026-09-07 17:49:10 INFO     [static_analyzer:393] Starting engine LSP client for CSharp at /Users/svilen/Documents/Projects/ReposForTesting/abp/tools/localization-key-synchronizer
2026-09-07 17:49:11 INFO     [static_analyzer.engine.adapters.csharp_adapter:367] dotnet restore completed for LocalizationKeySynchronizer.slnx
2026-09-07 17:49:12 INFO     [static_analyzer:415] CSharp LSP start: 1.4s
2026-09-07 17:49:13 INFO     [static_analyzer.engine.language_adapter:284] Found 8 Go files in /Users/svilen/Documents/Projects/ReposForTesting/abp
2026-09-07 17:49:13 INFO     [static_analyzer:393] Starting engine LSP client for Go at /Users/svilen/Documents/Projects/ReposForTesting/abp
2026-09-07 17:49:13 INFO     [static_analyzer:415] Go LSP start: 0.2s
2026-09-07 17:49:13 INFO     [static_analyzer.engine.lsp_client:526] Waiting for LSP server to be ready...
2026-09-07 17:49:13 INFO     [static_analyzer.engine.lsp_client:888] LSP server: workspace loaded (Setting up workspace Finished loading packages.)
2026-09-07 17:49:13 INFO     [static_analyzer.engine.lsp_client:528] Server ready
2026-09-07 17:49:13 INFO     [static_analyzer:424] Go workspace ready: 0.1s
2026-09-07 17:49:13 INFO     [static_analyzer:393] Starting engine LSP client for TypeScript at /Users/svilen/Documents/Projects/ReposForTesting/abp
2026-09-07 17:49:13 INFO     [static_analyzer:415] TypeScript LSP start: 0.2s
2026-09-07 17:49:13 INFO     [static_analyzer:655] analyze() called with skip_cache=False, source_sha=<set>
2026-09-07 17:49:13 INFO     [static_analyzer:674] static_analysis_cache: outcome=miss_absent
2026-09-07 17:49:13 INFO     [static_analyzer:726] Starting engine analysis for CSharp in /Users/svilen/Documents/Projects/ReposForTesting/abp/abp_io/AbpIoLocalization
2026-09-07 17:49:13 INFO     [static_analyzer:986] Analyzing 8 CSharp files
2026-09-07 17:49:13 INFO     [static_analyzer.engine.call_graph_builder:220] Waiting for LSP server indexing (timeout=600s)...
2026-09-07 17:49:20 INFO     [static_analyzer.engine.lsp_client:858] LSP server: solution loaded (csharp-ls: Finished loading solution "/Users/svilen/Documents/Projects/ReposForTesting/abp/abp_io/AbpIoLocalization/AbpIoLocalization.slnx")
2026-09-07 17:49:21 INFO     [static_analyzer.engine.call_graph_builder:224] Sync probe: 7.6s (1 symbols)
2026-09-07 17:49:21 INFO     [static_analyzer.engine.progress:72] Phase 0 (open): 100% (8/8 files, 0.0s elapsed)
2026-09-07 17:49:21 INFO     [static_analyzer.engine.progress:72] Phase 0 (open): 100% (8/8 files, 0.1s elapsed)
2026-09-07 17:49:21 INFO     [static_analyzer.engine.call_graph_builder:215] did_open 8 files: 0.1s
2026-09-07 17:49:21 INFO     [static_analyzer.engine.progress:72] Phase 1 (symbols): 12% (1/8 files, 0.0s elapsed | symbols=4)
2026-09-07 17:49:21 INFO     [static_analyzer.engine.progress:72] Phase 1 (symbols): 100% (8/8 files, 0.1s elapsed | symbols=25)
2026-09-07 17:49:21 INFO     [static_analyzer.engine.call_graph_builder:199] Discovered 25 symbols across 8 files
2026-09-07 17:49:21 INFO     [static_analyzer.engine.call_graph_builder:61] Phase 1 total (discover symbols): 7.7s
2026-09-07 17:49:21 INFO     [static_analyzer.engine.call_graph_builder:65] Build indices: 0.0s
2026-09-07 17:49:21 INFO     [static_analyzer.engine.lsp_recycler:84] LSP recycler armed at a 12.0GB budget
2026-09-07 17:49:21 INFO     [static_analyzer.engine.progress:72] Phase 2 (definitions): 12% (1/8 files, 0.1s elapsed | edges=1, resolved=8)
2026-09-07 17:49:21 INFO     [static_analyzer.engine.progress:72] Phase 2 (definitions): 100% (8/8 files, 0.2s elapsed | edges=1, resolved=8)
2026-09-07 17:49:21 INFO     [static_analyzer.engine.edge_builder:576] Phase 2b (implementations): 0 unique targets from 0 pending queries
2026-09-07 17:49:21 INFO     [static_analyzer.engine.progress:72] Phase 2b (impl): 100% (1/1 targets, 0.0s elapsed)
2026-09-07 17:49:21 INFO     [static_analyzer.engine.edge_builder:334] Phase 2 summary: 40 call sites, 8 def resolved, 0 impl resolved, 0 iterated, 1 raw edges
2026-09-07 17:49:21 INFO     [static_analyzer.engine.call_graph_builder:73] Phase 2 total (build edges): 0.2s, 1 edges
2026-09-07 17:49:21 INFO     [static_analyzer.engine.hierarchy_builder:57] Hierarchy: 8 class symbols to process
2026-09-07 17:49:21 INFO     [static_analyzer.engine.hierarchy_builder:105] Hierarchy complete: 8 classes, 0 inheritance links in 0.2s
2026-09-07 17:49:21 INFO     [static_analyzer.engine.call_graph_builder:82] Phase 3 (hierarchy): 0.2s
2026-09-07 17:49:21 INFO     [static_analyzer.engine.call_graph_builder:87] Phase 4 (package deps): 0.0s
2026-09-07 17:49:21 INFO     [static_analyzer.engine.call_graph_builder:110] Pipeline complete: 8 files, 25 symbols, 1 edges, 8 hierarchy entries in 8.1s
2026-09-07 17:49:21 INFO     [static_analyzer:996] CallGraphBuilder.build() for CSharp: 8.1s
2026-09-07 17:49:21 INFO     [static_analyzer.engine.result_converter:106] Converted 9 nodes, 1 edges (0 skipped) for CSharp
2026-09-07 17:49:21 INFO     [static_analyzer.engine.result_converter:116] Reference edges for CSharp: 1 ({<EdgeKind.CONTAINS: 'contains'>: 1})
2026-09-07 17:49:21 INFO     [static_analyzer:1006] convert_to_codeboarding_format for CSharp: 0.0s
2026-09-07 17:49:21 INFO     [static_analyzer:729] Engine analysis for CSharp completed in 8.1s
2026-09-07 17:49:23 INFO     [static_analyzer:937] Diagnostics for CSharp: 8 files, 0 items (cache=0, live=8)
2026-09-07 17:49:23 INFO     [static_analyzer:726] Starting engine analysis for CSharp in /Users/svilen/Documents/Projects/ReposForTesting/abp/framework
2026-09-07 17:49:23 INFO     [static_analyzer:986] Analyzing 3538 CSharp files
2026-09-07 17:49:23 INFO     [static_analyzer.engine.call_graph_builder:220] Waiting for LSP server indexing (timeout=1800s)...
2026-09-07 17:50:16 INFO     [static_analyzer.engine.lsp_client:858] LSP server: solution loaded (csharp-ls: Finished loading solution "/Users/svilen/Documents/Projects/ReposForTesting/abp/framework/Volo.Abp.slnx")
2026-09-07 17:50:17 INFO     [static_analyzer.engine.call_graph_builder:224] Sync probe: 53.6s (1 symbols)
2026-09-07 17:50:17 INFO     [static_analyzer.engine.progress:72] Phase 0 (open): 1% (50/3538 files, 0.0s elapsed)
2026-09-07 17:50:22 INFO     [static_analyzer.engine.progress:72] Phase 0 (open): 65% (2300/3538 files, 5.1s elapsed)
2026-09-07 17:50:25 INFO     [static_analyzer.engine.progress:72] Phase 0 (open): 100% (3538/3538 files, 8.0s elapsed)
2026-09-07 17:50:25 INFO     [static_analyzer.engine.call_graph_builder:215] did_open 3538 files: 8.0s
2026-09-07 17:51:00 INFO     [static_analyzer.engine.progress:72] Phase 1 (symbols): 1% (36/3538 files, 35.0s elapsed | symbols=200)
2026-09-07 17:51:05 INFO     [static_analyzer.engine.progress:72] Phase 1 (symbols): 12% (456/3538 files, 40.0s elapsed | symbols=2903)
2026-09-07 17:51:10 INFO     [static_analyzer.engine.progress:72] Phase 1 (symbols): 26% (940/3538 files, 45.0s elapsed | symbols=6433)
2026-09-07 17:51:15 INFO     [static_analyzer.engine.progress:72] Phase 1 (symbols): 38% (1377/3538 files, 50.0s elapsed | symbols=9675)
2026-09-07 17:51:20 INFO     [static_analyzer.engine.progress:72] Phase 1 (symbols): 52% (1863/3538 files, 55.0s elapsed | symbols=15033)
2026-09-07 17:51:25 INFO     [static_analyzer.engine.progress:72] Phase 1 (symbols): 69% (2472/3538 files, 60.0s elapsed | symbols=20526)
2026-09-07 17:51:30 INFO     [static_analyzer.engine.progress:72] Phase 1 (symbols): 91% (3229/3538 files, 65.0s elapsed | symbols=26712)
2026-09-07 17:51:32 INFO     [static_analyzer.engine.progress:72] Phase 1 (symbols): 100% (3538/3538 files, 66.8s elapsed | symbols=28966)
2026-09-07 17:51:32 INFO     [static_analyzer.engine.call_graph_builder:199] Discovered 28966 symbols across 3538 files
2026-09-07 17:51:32 INFO     [static_analyzer.engine.call_graph_builder:61] Phase 1 total (discover symbols): 128.3s
2026-09-07 17:51:32 INFO     [static_analyzer.engine.call_graph_builder:65] Build indices: 0.0s
2026-09-07 17:51:32 INFO     [static_analyzer.engine.lsp_recycler:84] LSP recycler armed at a 12.0GB budget
2026-09-07 17:51:34 INFO     [static_analyzer.engine.edge_builder:673] Skipped 121 ambiguous base type name(s) for virtual dispatch
2026-09-07 17:51:35 INFO     [static_analyzer.engine.progress:72] Phase 2 (definitions): 1% (36/3538 files, 0.6s elapsed | edges=140, resolved=201)
2026-09-07 17:51:40 INFO     [static_analyzer.engine.progress:72] Phase 2 (definitions): 11% (391/3538 files, 5.6s elapsed | edges=1555, resolved=2249)
2026-09-07 17:51:45 INFO     [static_analyzer.engine.progress:72] Phase 2 (definitions): 18% (639/3538 files, 10.6s elapsed | edges=3284, resolved=4376)
2026-09-07 17:51:50 INFO     [static_analyzer.engine.progress:72] Phase 2 (definitions): 25% (894/3538 files, 15.6s elapsed | edges=4659, resolved=6614)
2026-09-07 17:51:55 INFO     [static_analyzer.engine.progress:72] Phase 2 (definitions): 35% (1248/3538 files, 20.6s elapsed | edges=6378, resolved=8796)
2026-09-07 17:52:00 INFO     [static_analyzer.engine.progress:72] Phase 2 (definitions): 41% (1451/3538 files, 25.7s elapsed | edges=8213, resolved=11217)
2026-09-07 17:52:05 INFO     [static_analyzer.engine.progress:72] Phase 2 (definitions): 45% (1609/3538 files, 30.7s elapsed | edges=9695, resolved=13623)
2026-09-07 17:52:10 INFO     [static_analyzer.engine.progress:72] Phase 2 (definitions): 48% (1704/3538 files, 35.7s elapsed | edges=10859, resolved=15525)
2026-09-07 17:52:15 INFO     [static_analyzer.engine.progress:72] Phase 2 (definitions): 51% (1829/3538 files, 40.8s elapsed | edges=12024, resolved=17699)
2026-09-07 17:52:20 INFO     [static_analyzer.engine.progress:72] Phase 2 (definitions): 54% (1938/3538 files, 45.8s elapsed | edges=13305, resolved=19875)
2026-09-07 17:52:25 INFO     [static_analyzer.engine.progress:72] Phase 2 (definitions): 64% (2271/3538 files, 50.8s elapsed | edges=14916, resolved=21952)
2026-09-07 17:52:30 INFO     [static_analyzer.engine.progress:72] Phase 2 (definitions): 69% (2453/3538 files, 55.8s elapsed | edges=16924, resolved=24524)
2026-09-07 17:52:35 INFO     [static_analyzer.engine.progress:72] Phase 2 (definitions): 75% (2672/3538 files, 60.9s elapsed | edges=19422, resolved=27292)
2026-09-07 17:52:40 INFO     [static_analyzer.engine.progress:72] Phase 2 (definitions): 81% (2872/3538 files, 65.9s elapsed | edges=20795, resolved=29463)
2026-09-07 17:52:45 INFO     [static_analyzer.engine.progress:72] Phase 2 (definitions): 88% (3127/3538 files, 71.0s elapsed | edges=22574, resolved=31886)
2026-09-07 17:52:50 INFO     [static_analyzer.engine.progress:72] Phase 2 (definitions): 96% (3398/3538 files, 76.0s elapsed | edges=24104, resolved=34094)
2026-09-07 17:52:52 INFO     [static_analyzer.engine.progress:72] Phase 2 (definitions): 100% (3538/3538 files, 77.9s elapsed | edges=24785, resolved=35059)
2026-09-07 17:52:52 INFO     [static_analyzer.engine.edge_builder:576] Phase 2b (implementations): 5218 unique targets from 14964 pending queries
2026-09-07 17:52:54 INFO     [static_analyzer.engine.progress:72] Phase 2b (impl): 1% (100/5218 targets, 1.7s elapsed | edges=24785, resolved=21)
2026-09-07 17:52:59 INFO     [static_analyzer.engine.progress:72] Phase 2b (impl): 64% (3350/5218 targets, 6.7s elapsed | edges=25044, resolved=651)
2026-09-07 17:53:01 INFO     [static_analyzer.engine.progress:72] Phase 2b (impl): 100% (5218/5218 targets, 9.4s elapsed | edges=25448, resolved=1270)
2026-09-07 17:53:06 INFO     [static_analyzer.engine.edge_builder:334] Phase 2 summary: 67294 call sites, 35059 def resolved, 1270 impl resolved, 53 iterated, 25490 raw edges
2026-09-07 17:53:06 INFO     [static_analyzer.engine.call_graph_builder:73] Phase 2 total (build edges): 94.2s, 25490 edges
2026-09-07 17:53:06 INFO     [static_analyzer.engine.hierarchy_builder:57] Hierarchy: 3884 class symbols to process
2026-09-07 17:54:07 INFO     [static_analyzer.engine.hierarchy_builder:105] Hierarchy complete: 3884 classes, 2530 inheritance links in 61.2s
2026-09-07 17:54:07 INFO     [static_analyzer.engine.call_graph_builder:82] Phase 3 (hierarchy): 61.2s
2026-09-07 17:54:09 INFO     [static_analyzer.engine.call_graph_builder:87] Phase 4 (package deps): 1.8s
2026-09-07 17:54:09 INFO     [static_analyzer.engine.call_graph_builder:110] Pipeline complete: 3538 files, 28966 symbols, 25490 edges, 3884 hierarchy entries in 285.8s
2026-09-07 17:54:09 INFO     [static_analyzer:996] CallGraphBuilder.build() for CSharp: 285.8s
2026-09-07 17:54:10 INFO     [static_analyzer.engine.result_converter:106] Converted 14302 nodes, 25490 edges (0 skipped) for CSharp
2026-09-07 17:54:10 INFO     [static_analyzer.engine.result_converter:116] Reference edges for CSharp: 12707 ({<EdgeKind.CONTAINS: 'contains'>: 10177, <EdgeKind.INHERITS: 'inherits'>: 2530})
2026-09-07 17:54:10 INFO     [static_analyzer:1006] convert_to_codeboarding_format for CSharp: 0.5s
2026-09-07 17:54:10 INFO     [static_analyzer:729] Engine analysis for CSharp completed in 286.3s
2026-09-07 17:54:12 INFO     [static_analyzer:937] Diagnostics for CSharp: 3094 files, 250 items (cache=0, live=3094)
2026-09-07 17:54:12 INFO     [static_analyzer:726] Starting engine analysis for CSharp in /Users/svilen/Documents/Projects/ReposForTesting/abp/modules/account
2026-09-07 17:54:12 INFO     [static_analyzer:986] Analyzing 81 CSharp files
2026-09-07 17:54:12 INFO     [static_analyzer.engine.call_graph_builder:220] Waiting for LSP server indexing (timeout=600s)...
2026-09-07 17:54:36 INFO     [static_analyzer.engine.lsp_client:858] LSP server: solution loaded (csharp-ls: Finished loading solution "/Users/svilen/Documents/Projects/ReposForTesting/abp/modules/account/Volo.Abp.Account.slnx")
2026-09-07 17:54:38 INFO     [static_analyzer.engine.call_graph_builder:224] Sync probe: 26.7s (1 symbols)
2026-09-07 17:54:38 INFO     [static_analyzer.engine.progress:72] Phase 0 (open): 61% (50/81 files, 0.0s elapsed)
2026-09-07 17:54:39 INFO     [static_analyzer.engine.progress:72] Phase 0 (open): 100% (81/81 files, 0.2s elapsed)
2026-09-07 17:54:39 INFO     [static_analyzer.engine.call_graph_builder:215] did_open 81 files: 0.2s
2026-09-07 17:54:40 INFO     [static_analyzer.engine.progress:72] Phase 1 (symbols): 6% (5/81 files, 0.9s elapsed | symbols=36)
2026-09-07 17:54:41 INFO     [static_analyzer.engine.progress:72] Phase 1 (symbols): 100% (81/81 files, 2.4s elapsed | symbols=865)
2026-09-07 17:54:41 INFO     [static_analyzer.engine.call_graph_builder:199] Discovered 865 symbols across 81 files
2026-09-07 17:54:41 INFO     [static_analyzer.engine.call_graph_builder:61] Phase 1 total (discover symbols): 29.3s
2026-09-07 17:54:41 INFO     [static_analyzer.engine.call_graph_builder:65] Build indices: 0.0s
2026-09-07 17:54:41 INFO     [static_analyzer.engine.lsp_recycler:84] LSP recycler armed at a 12.0GB budget
2026-09-07 17:54:41 INFO     [static_analyzer.engine.edge_builder:673] Skipped 12 ambiguous base type name(s) for virtual dispatch
2026-09-07 17:54:41 INFO     [static_analyzer.engine.progress:72] Phase 2 (definitions): 6% (5/81 files, 0.3s elapsed | edges=5, resolved=31)
2026-09-07 17:54:44 INFO     [static_analyzer.engine.progress:72] Phase 2 (definitions): 100% (81/81 files, 2.8s elapsed | edges=235, resolved=425)
2026-09-07 17:54:44 INFO     [static_analyzer.engine.edge_builder:576] Phase 2b (implementations): 57 unique targets from 100 pending queries
2026-09-07 17:54:44 INFO     [static_analyzer.engine.progress:72] Phase 2b (impl): 87% (50/57 targets, 0.4s elapsed | edges=235, resolved=26)
2026-09-07 17:54:44 INFO     [static_analyzer.engine.progress:72] Phase 2b (impl): 100% (57/57 targets, 0.5s elapsed | edges=235, resolved=26)
2026-09-07 17:54:44 INFO     [static_analyzer.engine.edge_builder:334] Phase 2 summary: 1628 call sites, 425 def resolved, 26 impl resolved, 0 iterated, 235 raw edges
2026-09-07 17:54:44 INFO     [static_analyzer.engine.call_graph_builder:73] Phase 2 total (build edges): 3.3s, 235 edges
2026-09-07 17:54:44 INFO     [static_analyzer.engine.hierarchy_builder:57] Hierarchy: 97 class symbols to process
2026-09-07 17:54:45 INFO     [static_analyzer.engine.hierarchy_builder:105] Hierarchy complete: 97 classes, 27 inheritance links in 1.1s
2026-09-07 17:54:45 INFO     [static_analyzer.engine.call_graph_builder:82] Phase 3 (hierarchy): 1.1s
2026-09-07 17:54:45 INFO     [static_analyzer.engine.call_graph_builder:87] Phase 4 (package deps): 0.0s
2026-09-07 17:54:45 INFO     [static_analyzer.engine.call_graph_builder:110] Pipeline complete: 81 files, 865 symbols, 235 edges, 97 hierarchy entries in 33.7s
2026-09-07 17:54:45 INFO     [static_analyzer:996] CallGraphBuilder.build() for CSharp: 33.7s
2026-09-07 17:54:45 INFO     [static_analyzer.engine.result_converter:106] Converted 279 nodes, 235 edges (0 skipped) for CSharp
2026-09-07 17:54:45 INFO     [static_analyzer.engine.result_converter:116] Reference edges for CSharp: 209 ({<EdgeKind.CONTAINS: 'contains'>: 182, <EdgeKind.INHERITS: 'inherits'>: 27})
2026-09-07 17:54:45 INFO     [static_analyzer:1006] convert_to_codeboarding_format for CSharp: 0.0s
2026-09-07 17:54:45 INFO     [static_analyzer:729] Engine analysis for CSharp completed in 33.7s
2026-09-07 17:54:48 INFO     [static_analyzer:937] Diagnostics for CSharp: 81 files, 71 items (cache=0, live=81)
2026-09-07 17:54:48 INFO     [static_analyzer:726] Starting engine analysis for CSharp in /Users/svilen/Documents/Projects/ReposForTesting/abp/modules/audit-logging
2026-09-07 17:54:48 INFO     [static_analyzer:986] Analyzing 38 CSharp files
2026-09-07 17:54:48 INFO     [static_analyzer.engine.call_graph_builder:220] Waiting for LSP server indexing (timeout=600s)...
2026-09-07 17:55:02 INFO     [static_analyzer.engine.lsp_client:858] LSP server: solution loaded (csharp-ls: Finished loading solution "/Users/svilen/Documents/Projects/ReposForTesting/abp/modules/audit-logging/Volo.Abp.AuditLogging.slnx")
2026-09-07 17:55:04 INFO     [static_analyzer.engine.call_graph_builder:224] Sync probe: 16.1s (1 symbols)
2026-09-07 17:55:04 INFO     [static_analyzer.engine.progress:72] Phase 0 (open): 100% (38/38 files, 0.0s elapsed)
2026-09-07 17:55:04 INFO     [static_analyzer.engine.progress:72] Phase 0 (open): 100% (38/38 files, 0.1s elapsed)
2026-09-07 17:55:04 INFO     [static_analyzer.engine.call_graph_builder:215] did_open 38 files: 0.1s
2026-09-07 17:55:04 INFO     [static_analyzer.engine.progress:72] Phase 1 (symbols): 10% (4/38 files, 0.2s elapsed | symbols=49)
2026-09-07 17:55:04 INFO     [static_analyzer.engine.progress:72] Phase 1 (symbols): 100% (38/38 files, 0.6s elapsed | symbols=253)
2026-09-07 17:55:04 INFO     [static_analyzer.engine.call_graph_builder:199] Discovered 253 symbols across 38 files
2026-09-07 17:55:04 INFO     [static_analyzer.engine.call_graph_builder:61] Phase 1 total (discover symbols): 16.8s
2026-09-07 17:55:04 INFO     [static_analyzer.engine.call_graph_builder:65] Build indices: 0.0s
2026-09-07 17:55:04 INFO     [static_analyzer.engine.lsp_recycler:84] LSP recycler armed at a 12.0GB budget
2026-09-07 17:55:04 INFO     [static_analyzer.engine.progress:72] Phase 2 (definitions): 10% (4/38 files, 0.1s elapsed | edges=3, resolved=27)
2026-09-07 17:55:06 INFO     [static_analyzer.engine.progress:72] Phase 2 (definitions): 100% (38/38 files, 1.5s elapsed | edges=52, resolved=295)
2026-09-07 17:55:06 INFO     [static_analyzer.engine.edge_builder:576] Phase 2b (implementations): 16 unique targets from 28 pending queries
2026-09-07 17:55:06 INFO     [static_analyzer.engine.progress:72] Phase 2b (impl): 100% (16/16 targets, 0.3s elapsed | edges=52, resolved=1)
2026-09-07 17:55:06 INFO     [static_analyzer.engine.progress:72] Phase 2b (impl): 100% (16/16 targets, 0.3s elapsed | edges=52, resolved=1)
2026-09-07 17:55:06 INFO     [static_analyzer.engine.edge_builder:334] Phase 2 summary: 1047 call sites, 295 def resolved, 1 impl resolved, 0 iterated, 52 raw edges
2026-09-07 17:55:06 INFO     [static_analyzer.engine.call_graph_builder:73] Phase 2 total (build edges): 1.8s, 52 edges
2026-09-07 17:55:06 INFO     [static_analyzer.engine.hierarchy_builder:57] Hierarchy: 39 class symbols to process
2026-09-07 17:55:06 INFO     [static_analyzer.engine.hierarchy_builder:105] Hierarchy complete: 39 classes, 7 inheritance links in 0.3s
2026-09-07 17:55:06 INFO     [static_analyzer.engine.call_graph_builder:82] Phase 3 (hierarchy): 0.3s
2026-09-07 17:55:06 INFO     [static_analyzer.engine.call_graph_builder:87] Phase 4 (package deps): 0.0s
2026-09-07 17:55:06 INFO     [static_analyzer.engine.call_graph_builder:110] Pipeline complete: 38 files, 253 symbols, 52 edges, 39 hierarchy entries in 18.9s
2026-09-07 17:55:06 INFO     [static_analyzer:996] CallGraphBuilder.build() for CSharp: 18.9s
2026-09-07 17:55:06 INFO     [static_analyzer.engine.result_converter:106] Converted 110 nodes, 52 edges (0 skipped) for CSharp
2026-09-07 17:55:06 INFO     [static_analyzer.engine.result_converter:116] Reference edges for CSharp: 78 ({<EdgeKind.CONTAINS: 'contains'>: 71, <EdgeKind.INHERITS: 'inherits'>: 7})
2026-09-07 17:55:06 INFO     [static_analyzer:1006] convert_to_codeboarding_format for CSharp: 0.0s
2026-09-07 17:55:06 INFO     [static_analyzer:729] Engine analysis for CSharp completed in 18.9s
2026-09-07 17:55:08 INFO     [static_analyzer:937] Diagnostics for CSharp: 38 files, 2 items (cache=0, live=38)
2026-09-07 17:55:08 INFO     [static_analyzer:726] Starting engine analysis for CSharp in /Users/svilen/Documents/Projects/ReposForTesting/abp/modules/background-jobs
2026-09-07 17:55:08 INFO     [static_analyzer:986] Analyzing 50 CSharp files
2026-09-07 17:55:08 INFO     [static_analyzer.engine.call_graph_builder:220] Waiting for LSP server indexing (timeout=600s)...
2026-09-07 17:55:27 INFO     [static_analyzer.engine.lsp_client:858] LSP server: solution loaded (csharp-ls: Finished loading solution "/Users/svilen/Documents/Projects/ReposForTesting/abp/modules/background-jobs/Volo.Abp.BackgroundJobs.slnx")
2026-09-07 17:55:29 INFO     [static_analyzer.engine.call_graph_builder:224] Sync probe: 20.6s (1 symbols)
2026-09-07 17:55:29 INFO     [static_analyzer.engine.progress:72] Phase 0 (open): 100% (50/50 files, 0.0s elapsed)
2026-09-07 17:55:29 INFO     [static_analyzer.engine.progress:72] Phase 0 (open): 100% (50/50 files, 0.1s elapsed)
2026-09-07 17:55:29 INFO     [static_analyzer.engine.call_graph_builder:215] did_open 50 files: 0.1s
2026-09-07 17:55:29 INFO     [static_analyzer.engine.progress:72] Phase 1 (symbols): 6% (3/50 files, 0.3s elapsed | symbols=14)
2026-09-07 17:55:30 INFO     [static_analyzer.engine.progress:72] Phase 1 (symbols): 100% (50/50 files, 1.3s elapsed | symbols=254)
2026-09-07 17:55:30 INFO     [static_analyzer.engine.call_graph_builder:199] Discovered 254 symbols across 50 files
2026-09-07 17:55:30 INFO     [static_analyzer.engine.call_graph_builder:61] Phase 1 total (discover symbols): 22.0s
2026-09-07 17:55:30 INFO     [static_analyzer.engine.call_graph_builder:65] Build indices: 0.0s
2026-09-07 17:55:30 INFO     [static_analyzer.engine.lsp_recycler:84] LSP recycler armed at a 12.0GB budget
2026-09-07 17:55:30 INFO     [static_analyzer.engine.edge_builder:673] Skipped 3 ambiguous base type name(s) for virtual dispatch
2026-09-07 17:55:31 INFO     [static_analyzer.engine.progress:72] Phase 2 (definitions): 6% (3/50 files, 0.1s elapsed | edges=8, resolved=10)
2026-09-07 17:55:32 INFO     [static_analyzer.engine.progress:72] Phase 2 (definitions): 100% (50/50 files, 1.1s elapsed | edges=49, resolved=146)
2026-09-07 17:55:32 INFO     [static_analyzer.engine.edge_builder:576] Phase 2b (implementations): 21 unique targets from 24 pending queries
2026-09-07 17:55:32 INFO     [static_analyzer.engine.progress:72] Phase 2b (impl): 100% (21/21 targets, 0.3s elapsed | edges=49, resolved=6)
2026-09-07 17:55:32 INFO     [static_analyzer.engine.progress:72] Phase 2b (impl): 100% (21/21 targets, 0.3s elapsed | edges=49, resolved=6)
2026-09-07 17:55:32 INFO     [static_analyzer.engine.edge_builder:334] Phase 2 summary: 768 call sites, 146 def resolved, 6 impl resolved, 0 iterated, 49 raw edges
2026-09-07 17:55:32 INFO     [static_analyzer.engine.call_graph_builder:73] Phase 2 total (build edges): 1.4s, 49 edges
2026-09-07 17:55:32 INFO     [static_analyzer.engine.hierarchy_builder:57] Hierarchy: 54 class symbols to process
2026-09-07 17:55:33 INFO     [static_analyzer.engine.hierarchy_builder:105] Hierarchy complete: 54 classes, 4 inheritance links in 0.9s
2026-09-07 17:55:33 INFO     [static_analyzer.engine.call_graph_builder:82] Phase 3 (hierarchy): 0.9s
2026-09-07 17:55:33 INFO     [static_analyzer.engine.call_graph_builder:87] Phase 4 (package deps): 0.0s
2026-09-07 17:55:33 INFO     [static_analyzer.engine.call_graph_builder:110] Pipeline complete: 50 files, 254 symbols, 49 edges, 54 hierarchy entries in 24.4s
2026-09-07 17:55:33 INFO     [static_analyzer:996] CallGraphBuilder.build() for CSharp: 24.4s
2026-09-07 17:55:33 INFO     [static_analyzer.engine.result_converter:106] Converted 137 nodes, 49 edges (0 skipped) for CSharp
2026-09-07 17:55:33 INFO     [static_analyzer.engine.result_converter:116] Reference edges for CSharp: 87 ({<EdgeKind.CONTAINS: 'contains'>: 83, <EdgeKind.INHERITS: 'inherits'>: 4})
2026-09-07 17:55:33 INFO     [static_analyzer:1006] convert_to_codeboarding_format for CSharp: 0.0s
2026-09-07 17:55:33 INFO     [static_analyzer:729] Engine analysis for CSharp completed in 24.4s
2026-09-07 17:55:35 INFO     [static_analyzer:937] Diagnostics for CSharp: 50 files, 36 items (cache=0, live=50)
2026-09-07 17:55:35 INFO     [static_analyzer:726] Starting engine analysis for CSharp in /Users/svilen/Documents/Projects/ReposForTesting/abp/modules/basic-theme
2026-09-07 17:55:35 INFO     [static_analyzer:986] Analyzing 51 CSharp files
2026-09-07 17:55:35 INFO     [static_analyzer.engine.call_graph_builder:220] Waiting for LSP server indexing (timeout=600s)...
2026-09-07 17:55:59 INFO     [static_analyzer.engine.lsp_client:858] LSP server: solution loaded (csharp-ls: Finished loading solution "/Users/svilen/Documents/Projects/ReposForTesting/abp/modules/basic-theme/Volo.Abp.BasicTheme.slnx")
2026-09-07 17:56:01 INFO     [static_analyzer.engine.call_graph_builder:224] Sync probe: 26.2s (1 symbols)
2026-09-07 17:56:01 INFO     [static_analyzer.engine.progress:72] Phase 0 (open): 98% (50/51 files, 0.0s elapsed)
2026-09-07 17:56:01 INFO     [static_analyzer.engine.progress:72] Phase 0 (open): 100% (51/51 files, 0.2s elapsed)
2026-09-07 17:56:01 INFO     [static_analyzer.engine.call_graph_builder:215] did_open 51 files: 0.2s
2026-09-07 17:56:02 INFO     [static_analyzer.engine.progress:72] Phase 1 (symbols): 5% (3/51 files, 0.4s elapsed | symbols=15)
2026-09-07 17:56:03 INFO     [static_analyzer.engine.progress:72] Phase 1 (symbols): 100% (51/51 files, 1.3s elapsed | symbols=349)
2026-09-07 17:56:03 INFO     [static_analyzer.engine.call_graph_builder:199] Discovered 349 symbols across 51 files
2026-09-07 17:56:03 INFO     [static_analyzer.engine.call_graph_builder:61] Phase 1 total (discover symbols): 27.7s
2026-09-07 17:56:03 INFO     [static_analyzer.engine.call_graph_builder:65] Build indices: 0.0s
2026-09-07 17:56:03 INFO     [static_analyzer.engine.lsp_recycler:84] LSP recycler armed at a 12.0GB budget
2026-09-07 17:56:03 INFO     [static_analyzer.engine.edge_builder:673] Skipped 8 ambiguous base type name(s) for virtual dispatch
2026-09-07 17:56:03 INFO     [static_analyzer.engine.progress:72] Phase 2 (definitions): 5% (3/51 files, 0.1s elapsed | edges=4, resolved=6)
2026-09-07 17:56:03 INFO     [static_analyzer.engine.progress:72] Phase 2 (definitions): 100% (51/51 files, 0.8s elapsed | edges=45, resolved=78)
2026-09-07 17:56:03 INFO     [static_analyzer.engine.edge_builder:576] Phase 2b (implementations): 13 unique targets from 26 pending queries
2026-09-07 17:56:03 INFO     [static_analyzer.engine.progress:72] Phase 2b (impl): 100% (13/13 targets, 0.0s elapsed | edges=45, resolved=0)
2026-09-07 17:56:03 INFO     [static_analyzer.engine.progress:72] Phase 2b (impl): 100% (13/13 targets, 0.0s elapsed | edges=45, resolved=0)
2026-09-07 17:56:03 INFO     [static_analyzer.engine.edge_builder:334] Phase 2 summary: 333 call sites, 78 def resolved, 0 impl resolved, 0 iterated, 45 raw edges
2026-09-07 17:56:03 INFO     [static_analyzer.engine.call_graph_builder:73] Phase 2 total (build edges): 0.9s, 45 edges
2026-09-07 17:56:03 INFO     [static_analyzer.engine.hierarchy_builder:57] Hierarchy: 57 class symbols to process
2026-09-07 17:56:05 INFO     [static_analyzer.engine.hierarchy_builder:105] Hierarchy complete: 57 classes, 0 inheritance links in 1.9s
2026-09-07 17:56:05 INFO     [static_analyzer.engine.call_graph_builder:82] Phase 3 (hierarchy): 1.9s
2026-09-07 17:56:05 INFO     [static_analyzer.engine.call_graph_builder:87] Phase 4 (package deps): 0.0s
2026-09-07 17:56:05 INFO     [static_analyzer.engine.call_graph_builder:110] Pipeline complete: 51 files, 349 symbols, 45 edges, 57 hierarchy entries in 30.5s
2026-09-07 17:56:05 INFO     [static_analyzer:996] CallGraphBuilder.build() for CSharp: 30.5s
2026-09-07 17:56:05 INFO     [static_analyzer.engine.result_converter:106] Converted 138 nodes, 45 edges (0 skipped) for CSharp
2026-09-07 17:56:05 INFO     [static_analyzer.engine.result_converter:116] Reference edges for CSharp: 81 ({<EdgeKind.CONTAINS: 'contains'>: 81})
2026-09-07 17:56:05 INFO     [static_analyzer:1006] convert_to_codeboarding_format for CSharp: 0.0s
2026-09-07 17:56:05 INFO     [static_analyzer:729] Engine analysis for CSharp completed in 30.5s
2026-09-07 17:56:07 INFO     [static_analyzer:937] Diagnostics for CSharp: 51 files, 74 items (cache=0, live=51)
2026-09-07 17:56:07 INFO     [static_analyzer:726] Starting engine analysis for CSharp in /Users/svilen/Documents/Projects/ReposForTesting/abp/modules/blob-storing-database
2026-09-07 17:56:07 INFO     [static_analyzer:986] Analyzing 39 CSharp files
2026-09-07 17:56:07 INFO     [static_analyzer.engine.call_graph_builder:220] Waiting for LSP server indexing (timeout=600s)...
2026-09-07 17:56:23 INFO     [static_analyzer.engine.lsp_client:858] LSP server: solution loaded (csharp-ls: Finished loading solution "/Users/svilen/Documents/Projects/ReposForTesting/abp/modules/blob-storing-database/Volo.Abp.BlobStoring.Database.slnx")
2026-09-07 17:56:25 INFO     [static_analyzer.engine.call_graph_builder:224] Sync probe: 17.3s (1 symbols)
2026-09-07 17:56:25 INFO     [static_analyzer.engine.progress:72] Phase 0 (open): 100% (39/39 files, 0.0s elapsed)
2026-09-07 17:56:25 INFO     [static_analyzer.engine.progress:72] Phase 0 (open): 100% (39/39 files, 0.1s elapsed)
2026-09-07 17:56:25 INFO     [static_analyzer.engine.call_graph_builder:215] did_open 39 files: 0.1s
2026-09-07 17:56:25 INFO     [static_analyzer.engine.progress:72] Phase 1 (symbols): 10% (4/39 files, 0.2s elapsed | symbols=19)
2026-09-07 17:56:25 INFO     [static_analyzer.engine.progress:72] Phase 1 (symbols): 100% (39/39 files, 0.5s elapsed | symbols=173)
2026-09-07 17:56:25 INFO     [static_analyzer.engine.call_graph_builder:199] Discovered 173 symbols across 39 files
2026-09-07 17:56:25 INFO     [static_analyzer.engine.call_graph_builder:61] Phase 1 total (discover symbols): 17.9s
2026-09-07 17:56:25 INFO     [static_analyzer.engine.call_graph_builder:65] Build indices: 0.0s
2026-09-07 17:56:25 INFO     [static_analyzer.engine.lsp_recycler:84] LSP recycler armed at a 12.0GB budget
2026-09-07 17:56:25 INFO     [static_analyzer.engine.edge_builder:673] Skipped 1 ambiguous base type name(s) for virtual dispatch
2026-09-07 17:56:25 INFO     [static_analyzer.engine.progress:72] Phase 2 (definitions): 10% (4/39 files, 0.2s elapsed | edges=6, resolved=9)
2026-09-07 17:56:26 INFO     [static_analyzer.engine.progress:72] Phase 2 (definitions): 100% (39/39 files, 0.8s elapsed | edges=62, resolved=102)
2026-09-07 17:56:26 INFO     [static_analyzer.engine.edge_builder:576] Phase 2b (implementations): 19 unique targets from 25 pending queries
2026-09-07 17:56:26 INFO     [static_analyzer.engine.progress:72] Phase 2b (impl): 100% (19/19 targets, 0.4s elapsed | edges=62, resolved=8)
2026-09-07 17:56:26 INFO     [static_analyzer.engine.progress:72] Phase 2b (impl): 100% (19/19 targets, 0.4s elapsed | edges=62, resolved=8)
2026-09-07 17:56:26 INFO     [static_analyzer.engine.edge_builder:334] Phase 2 summary: 473 call sites, 102 def resolved, 8 impl resolved, 0 iterated, 62 raw edges
2026-09-07 17:56:26 INFO     [static_analyzer.engine.call_graph_builder:73] Phase 2 total (build edges): 1.2s, 62 edges
2026-09-07 17:56:26 INFO     [static_analyzer.engine.hierarchy_builder:57] Hierarchy: 39 class symbols to process
2026-09-07 17:56:27 INFO     [static_analyzer.engine.hierarchy_builder:105] Hierarchy complete: 39 classes, 8 inheritance links in 0.6s
2026-09-07 17:56:27 INFO     [static_analyzer.engine.call_graph_builder:82] Phase 3 (hierarchy): 0.6s
2026-09-07 17:56:27 INFO     [static_analyzer.engine.call_graph_builder:87] Phase 4 (package deps): 0.0s
2026-09-07 17:56:27 INFO     [static_analyzer.engine.call_graph_builder:110] Pipeline complete: 39 files, 173 symbols, 62 edges, 39 hierarchy entries in 19.7s
2026-09-07 17:56:27 INFO     [static_analyzer:996] CallGraphBuilder.build() for CSharp: 19.7s
2026-09-07 17:56:27 INFO     [static_analyzer.engine.result_converter:106] Converted 98 nodes, 62 edges (0 skipped) for CSharp
2026-09-07 17:56:27 INFO     [static_analyzer.engine.result_converter:116] Reference edges for CSharp: 67 ({<EdgeKind.CONTAINS: 'contains'>: 59, <EdgeKind.INHERITS: 'inherits'>: 8})
2026-09-07 17:56:27 INFO     [static_analyzer:1006] convert_to_codeboarding_format for CSharp: 0.0s
2026-09-07 17:56:27 INFO     [static_analyzer:729] Engine analysis for CSharp completed in 19.7s
2026-09-07 17:56:29 INFO     [static_analyzer:937] Diagnostics for CSharp: 39 files, 2 items (cache=0, live=39)
2026-09-07 17:56:29 INFO     [static_analyzer:726] Starting engine analysis for CSharp in /Users/svilen/Documents/Projects/ReposForTesting/abp/modules/blob-storing-database/host/BlobStoring.Database.Host.ConsoleApp
2026-09-07 17:56:29 INFO     [static_analyzer:986] Analyzing 13 CSharp files
2026-09-07 17:56:29 INFO     [static_analyzer.engine.call_graph_builder:220] Waiting for LSP server indexing (timeout=600s)...
2026-09-07 17:56:43 INFO     [static_analyzer.engine.lsp_client:858] LSP server: solution loaded (csharp-ls: Finished loading solution "/Users/svilen/Documents/Projects/ReposForTesting/abp/modules/blob-storing-database/host/BlobStoring.Database.Host.ConsoleApp/BlobStoring.Database.Host.ConsoleApp.slnx")
2026-09-07 17:56:44 INFO     [static_analyzer.engine.call_graph_builder:224] Sync probe: 15.1s (1 symbols)
2026-09-07 17:56:44 INFO     [static_analyzer.engine.progress:72] Phase 0 (open): 100% (13/13 files, 0.0s elapsed)
2026-09-07 17:56:44 INFO     [static_analyzer.engine.progress:72] Phase 0 (open): 100% (13/13 files, 0.1s elapsed)
2026-09-07 17:56:44 INFO     [static_analyzer.engine.call_graph_builder:215] did_open 13 files: 0.1s
2026-09-07 17:56:44 INFO     [static_analyzer.engine.progress:72] Phase 1 (symbols): 15% (2/13 files, 0.0s elapsed | symbols=10)
2026-09-07 17:56:45 INFO     [static_analyzer.engine.progress:72] Phase 1 (symbols): 100% (13/13 files, 0.1s elapsed | symbols=54)
2026-09-07 17:56:45 INFO     [static_analyzer.engine.call_graph_builder:199] Discovered 54 symbols across 13 files
2026-09-07 17:56:45 INFO     [static_analyzer.engine.call_graph_builder:61] Phase 1 total (discover symbols): 15.4s
2026-09-07 17:56:45 INFO     [static_analyzer.engine.call_graph_builder:65] Build indices: 0.0s
2026-09-07 17:56:45 INFO     [static_analyzer.engine.lsp_recycler:84] LSP recycler armed at a 12.0GB budget
2026-09-07 17:56:45 INFO     [static_analyzer.engine.edge_builder:673] Skipped 1 ambiguous base type name(s) for virtual dispatch
2026-09-07 17:56:45 INFO     [static_analyzer.engine.progress:72] Phase 2 (definitions): 15% (2/13 files, 0.1s elapsed | edges=2, resolved=4)
2026-09-07 17:56:45 INFO     [static_analyzer.engine.progress:72] Phase 2 (definitions): 100% (13/13 files, 0.4s elapsed | edges=8, resolved=14)
2026-09-07 17:56:45 INFO     [static_analyzer.engine.edge_builder:576] Phase 2b (implementations): 5 unique targets from 5 pending queries
2026-09-07 17:56:45 INFO     [static_analyzer.engine.progress:72] Phase 2b (impl): 100% (5/5 targets, 0.0s elapsed | edges=8, resolved=0)
2026-09-07 17:56:45 INFO     [static_analyzer.engine.progress:72] Phase 2b (impl): 100% (5/5 targets, 0.0s elapsed | edges=8, resolved=0)
2026-09-07 17:56:45 INFO     [static_analyzer.engine.edge_builder:334] Phase 2 summary: 225 call sites, 14 def resolved, 0 impl resolved, 0 iterated, 8 raw edges
2026-09-07 17:56:45 INFO     [static_analyzer.engine.call_graph_builder:73] Phase 2 total (build edges): 0.4s, 8 edges
2026-09-07 17:56:45 INFO     [static_analyzer.engine.hierarchy_builder:57] Hierarchy: 13 class symbols to process
2026-09-07 17:56:45 INFO     [static_analyzer.engine.hierarchy_builder:105] Hierarchy complete: 13 classes, 2 inheritance links in 0.3s
2026-09-07 17:56:45 INFO     [static_analyzer.engine.call_graph_builder:82] Phase 3 (hierarchy): 0.3s
2026-09-07 17:56:45 INFO     [static_analyzer.engine.call_graph_builder:87] Phase 4 (package deps): 0.0s
2026-09-07 17:56:45 INFO     [static_analyzer.engine.call_graph_builder:110] Pipeline complete: 13 files, 54 symbols, 8 edges, 13 hierarchy entries in 16.1s
2026-09-07 17:56:45 INFO     [static_analyzer:996] CallGraphBuilder.build() for CSharp: 16.1s
2026-09-07 17:56:45 INFO     [static_analyzer.engine.result_converter:106] Converted 33 nodes, 8 edges (0 skipped) for CSharp
2026-09-07 17:56:45 INFO     [static_analyzer.engine.result_converter:116] Reference edges for CSharp: 22 ({<EdgeKind.CONTAINS: 'contains'>: 20, <EdgeKind.INHERITS: 'inherits'>: 2})
2026-09-07 17:56:45 INFO     [static_analyzer:1006] convert_to_codeboarding_format for CSharp: 0.0s
2026-09-07 17:56:45 INFO     [static_analyzer:729] Engine analysis for CSharp completed in 16.1s
2026-09-07 17:56:47 INFO     [static_analyzer:937] Diagnostics for CSharp: 13 files, 2 items (cache=0, live=13)
2026-09-07 17:56:47 INFO     [static_analyzer:726] Starting engine analysis for CSharp in /Users/svilen/Documents/Projects/ReposForTesting/abp/modules/blogging
2026-09-07 17:56:47 INFO     [static_analyzer:986] Analyzing 219 CSharp files
2026-09-07 17:56:47 INFO     [static_analyzer.engine.call_graph_builder:220] Waiting for LSP server indexing (timeout=600s)...
2026-09-07 17:57:15 INFO     [static_analyzer.engine.lsp_client:858] LSP server: solution loaded (csharp-ls: Finished loading solution "/Users/svilen/Documents/Projects/ReposForTesting/abp/modules/blogging/Volo.Blogging.slnx")
2026-09-07 17:57:19 INFO     [static_analyzer.engine.call_graph_builder:224] Sync probe: 31.9s (1 symbols)
2026-09-07 17:57:19 INFO     [static_analyzer.engine.progress:72] Phase 0 (open): 22% (50/219 files, 0.0s elapsed)
2026-09-07 17:57:20 INFO     [static_analyzer.engine.progress:72] Phase 0 (open): 100% (219/219 files, 0.6s elapsed)
2026-09-07 17:57:20 INFO     [static_analyzer.engine.call_graph_builder:215] did_open 219 files: 0.6s
2026-09-07 17:57:23 INFO     [static_analyzer.engine.progress:72] Phase 1 (symbols): 1% (3/219 files, 2.8s elapsed | symbols=17)
2026-09-07 17:57:25 INFO     [static_analyzer.engine.progress:72] Phase 1 (symbols): 100% (219/219 files, 5.5s elapsed | symbols=1635)
2026-09-07 17:57:25 INFO     [static_analyzer.engine.call_graph_builder:199] Discovered 1635 symbols across 219 files
2026-09-07 17:57:25 INFO     [static_analyzer.engine.call_graph_builder:61] Phase 1 total (discover symbols): 38.0s
2026-09-07 17:57:25 INFO     [static_analyzer.engine.call_graph_builder:65] Build indices: 0.0s
2026-09-07 17:57:25 INFO     [static_analyzer.engine.lsp_recycler:84] LSP recycler armed at a 12.0GB budget
2026-09-07 17:57:26 INFO     [static_analyzer.engine.edge_builder:673] Skipped 36 ambiguous base type name(s) for virtual dispatch
2026-09-07 17:57:26 INFO     [static_analyzer.engine.progress:72] Phase 2 (definitions): 1% (3/219 files, 0.4s elapsed | edges=0, resolved=4)
2026-09-07 17:57:32 INFO     [static_analyzer.engine.progress:72] Phase 2 (definitions): 16% (36/219 files, 5.6s elapsed | edges=5, resolved=9)
2026-09-07 17:57:37 INFO     [static_analyzer.engine.progress:72] Phase 2 (definitions): 23% (52/219 files, 11.0s elapsed | edges=5, resolved=11)
2026-09-07 17:57:41 INFO     [static_analyzer.engine.progress:72] Phase 2 (definitions): 100% (219/219 files, 15.3s elapsed | edges=414, resolved=922)
2026-09-07 17:57:41 INFO     [static_analyzer.engine.edge_builder:576] Phase 2b (implementations): 103 unique targets from 175 pending queries
2026-09-07 17:57:42 INFO     [static_analyzer.engine.progress:72] Phase 2b (impl): 48% (50/103 targets, 0.4s elapsed | edges=416, resolved=42)
2026-09-07 17:57:42 INFO     [static_analyzer.engine.progress:72] Phase 2b (impl): 100% (103/103 targets, 0.5s elapsed | edges=418, resolved=108)
2026-09-07 17:57:42 INFO     [static_analyzer.engine.edge_builder:334] Phase 2 summary: 18696 call sites, 922 def resolved, 108 impl resolved, 0 iterated, 418 raw edges
2026-09-07 17:57:42 INFO     [static_analyzer.engine.call_graph_builder:73] Phase 2 total (build edges): 16.8s, 418 edges
2026-09-07 17:57:42 INFO     [static_analyzer.engine.hierarchy_builder:57] Hierarchy: 243 class symbols to process
2026-09-07 17:57:44 INFO     [static_analyzer.engine.hierarchy_builder:105] Hierarchy complete: 243 classes, 54 inheritance links in 2.3s
2026-09-07 17:57:44 INFO     [static_analyzer.engine.call_graph_builder:82] Phase 3 (hierarchy): 2.3s
2026-09-07 17:57:44 INFO     [static_analyzer.engine.call_graph_builder:87] Phase 4 (package deps): 0.0s
2026-09-07 17:57:44 INFO     [static_analyzer.engine.call_graph_builder:110] Pipeline complete: 219 files, 1635 symbols, 418 edges, 243 hierarchy entries in 57.1s
2026-09-07 17:57:44 INFO     [static_analyzer:996] CallGraphBuilder.build() for CSharp: 57.1s
2026-09-07 17:57:44 INFO     [static_analyzer.engine.result_converter:106] Converted 697 nodes, 418 edges (0 skipped) for CSharp
2026-09-07 17:57:44 INFO     [static_analyzer.engine.result_converter:116] Reference edges for CSharp: 508 ({<EdgeKind.CONTAINS: 'contains'>: 454, <EdgeKind.INHERITS: 'inherits'>: 54})
2026-09-07 17:57:44 INFO     [static_analyzer:1006] convert_to_codeboarding_format for CSharp: 0.0s
2026-09-07 17:57:44 INFO     [static_analyzer:729] Engine analysis for CSharp completed in 57.1s
2026-09-07 17:57:46 INFO     [static_analyzer:937] Diagnostics for CSharp: 219 files, 125 items (cache=0, live=219)
2026-09-07 17:57:46 INFO     [static_analyzer:726] Starting engine analysis for CSharp in /Users/svilen/Documents/Projects/ReposForTesting/abp/modules/client-simulation
2026-09-07 17:57:46 INFO     [static_analyzer:986] Analyzing 27 CSharp files
2026-09-07 17:57:46 INFO     [static_analyzer.engine.call_graph_builder:220] Waiting for LSP server indexing (timeout=600s)...
2026-09-07 17:58:05 INFO     [static_analyzer.engine.lsp_client:858] LSP server: solution loaded (csharp-ls: Finished loading solution "/Users/svilen/Documents/Projects/ReposForTesting/abp/modules/client-simulation/Volo.ClientSimulation.slnx")
2026-09-07 17:58:07 INFO     [static_analyzer.engine.call_graph_builder:224] Sync probe: 20.5s (1 symbols)
2026-09-07 17:58:07 INFO     [static_analyzer.engine.progress:72] Phase 0 (open): 100% (27/27 files, 0.0s elapsed)
2026-09-07 17:58:07 INFO     [static_analyzer.engine.progress:72] Phase 0 (open): 100% (27/27 files, 0.1s elapsed)
2026-09-07 17:58:07 INFO     [static_analyzer.engine.call_graph_builder:215] did_open 27 files: 0.1s
2026-09-07 17:58:07 INFO     [static_analyzer.engine.progress:72] Phase 1 (symbols): 11% (3/27 files, 0.2s elapsed | symbols=12)
2026-09-07 17:58:08 INFO     [static_analyzer.engine.progress:72] Phase 1 (symbols): 100% (27/27 files, 0.5s elapsed | symbols=191)
2026-09-07 17:58:08 INFO     [static_analyzer.engine.call_graph_builder:199] Discovered 191 symbols across 27 files
2026-09-07 17:58:08 INFO     [static_analyzer.engine.call_graph_builder:61] Phase 1 total (discover symbols): 21.1s
2026-09-07 17:58:08 INFO     [static_analyzer.engine.call_graph_builder:65] Build indices: 0.0s
2026-09-07 17:58:08 INFO     [static_analyzer.engine.lsp_recycler:84] LSP recycler armed at a 12.0GB budget
2026-09-07 17:58:08 INFO     [static_analyzer.engine.progress:72] Phase 2 (definitions): 11% (3/27 files, 0.1s elapsed | edges=3, resolved=3)
2026-09-07 17:58:08 INFO     [static_analyzer.engine.progress:72] Phase 2 (definitions): 100% (27/27 files, 0.5s elapsed | edges=66, resolved=110)
2026-09-07 17:58:08 INFO     [static_analyzer.engine.edge_builder:576] Phase 2b (implementations): 31 unique targets from 38 pending queries
2026-09-07 17:58:08 INFO     [static_analyzer.engine.progress:72] Phase 2b (impl): 100% (31/31 targets, 0.3s elapsed | edges=66, resolved=4)
2026-09-07 17:58:08 INFO     [static_analyzer.engine.progress:72] Phase 2b (impl): 100% (31/31 targets, 0.3s elapsed | edges=66, resolved=4)
2026-09-07 17:58:08 INFO     [static_analyzer.engine.edge_builder:334] Phase 2 summary: 224 call sites, 110 def resolved, 4 impl resolved, 0 iterated, 66 raw edges
2026-09-07 17:58:08 INFO     [static_analyzer.engine.call_graph_builder:73] Phase 2 total (build edges): 0.8s, 66 edges
2026-09-07 17:58:08 INFO     [static_analyzer.engine.hierarchy_builder:57] Hierarchy: 27 class symbols to process
2026-09-07 17:58:09 INFO     [static_analyzer.engine.hierarchy_builder:105] Hierarchy complete: 27 classes, 3 inheritance links in 0.6s
2026-09-07 17:58:09 INFO     [static_analyzer.engine.call_graph_builder:82] Phase 3 (hierarchy): 0.6s
2026-09-07 17:58:09 INFO     [static_analyzer.engine.call_graph_builder:87] Phase 4 (package deps): 0.0s
2026-09-07 17:58:09 INFO     [static_analyzer.engine.call_graph_builder:110] Pipeline complete: 27 files, 191 symbols, 66 edges, 27 hierarchy entries in 22.5s
2026-09-07 17:58:09 INFO     [static_analyzer:996] CallGraphBuilder.build() for CSharp: 22.5s
2026-09-07 17:58:09 INFO     [static_analyzer.engine.result_converter:106] Converted 80 nodes, 66 edges (0 skipped) for CSharp
2026-09-07 17:58:09 INFO     [static_analyzer.engine.result_converter:116] Reference edges for CSharp: 56 ({<EdgeKind.CONTAINS: 'contains'>: 53, <EdgeKind.INHERITS: 'inherits'>: 3})
2026-09-07 17:58:09 INFO     [static_analyzer:1006] convert_to_codeboarding_format for CSharp: 0.0s
2026-09-07 17:58:09 INFO     [static_analyzer:729] Engine analysis for CSharp completed in 22.5s
2026-09-07 17:58:11 INFO     [static_analyzer:937] Diagnostics for CSharp: 27 files, 4 items (cache=0, live=27)
2026-09-07 17:58:11 INFO     [static_analyzer:726] Starting engine analysis for CSharp in /Users/svilen/Documents/Projects/ReposForTesting/abp/modules/cms-kit
2026-09-07 17:58:11 INFO     [static_analyzer:986] Analyzing 545 CSharp files
2026-09-07 17:58:11 INFO     [static_analyzer.engine.call_graph_builder:220] Waiting for LSP server indexing (timeout=1150s)...
2026-09-07 17:58:43 INFO     [static_analyzer.engine.lsp_client:858] LSP server: solution loaded (csharp-ls: Finished loading solution "/Users/svilen/Documents/Projects/ReposForTesting/abp/modules/cms-kit/Volo.CmsKit.slnx")
2026-09-07 17:58:44 INFO     [static_analyzer.engine.call_graph_builder:224] Sync probe: 33.2s (1 symbols)
2026-09-07 17:58:44 INFO     [static_analyzer.engine.progress:72] Phase 0 (open): 9% (50/545 files, 0.0s elapsed)
2026-09-07 17:58:45 INFO     [static_analyzer.engine.progress:72] Phase 0 (open): 100% (545/545 files, 1.3s elapsed)
2026-09-07 17:58:45 INFO     [static_analyzer.engine.call_graph_builder:215] did_open 545 files: 1.3s
2026-09-07 17:58:54 INFO     [static_analyzer.engine.progress:72] Phase 1 (symbols): 1% (6/545 files, 8.9s elapsed | symbols=28)
2026-09-07 17:58:59 INFO     [static_analyzer.engine.progress:72] Phase 1 (symbols): 44% (245/545 files, 13.9s elapsed | symbols=2105)
2026-09-07 17:59:01 INFO     [static_analyzer.engine.progress:72] Phase 1 (symbols): 100% (545/545 files, 16.1s elapsed | symbols=4293)
2026-09-07 17:59:01 INFO     [static_analyzer.engine.call_graph_builder:199] Discovered 4293 symbols across 545 files
2026-09-07 17:59:01 INFO     [static_analyzer.engine.call_graph_builder:61] Phase 1 total (discover symbols): 50.5s
2026-09-07 17:59:01 INFO     [static_analyzer.engine.call_graph_builder:65] Build indices: 0.0s
2026-09-07 17:59:01 INFO     [static_analyzer.engine.lsp_recycler:84] LSP recycler armed at a 12.0GB budget
2026-09-07 17:59:02 INFO     [static_analyzer.engine.edge_builder:673] Skipped 47 ambiguous base type name(s) for virtual dispatch
2026-09-07 17:59:02 INFO     [static_analyzer.engine.progress:72] Phase 2 (definitions): 1% (6/545 files, 0.4s elapsed | edges=11, resolved=10)
2026-09-07 17:59:08 INFO     [static_analyzer.engine.progress:72] Phase 2 (definitions): 3% (19/545 files, 5.8s elapsed | edges=25, resolved=47)
2026-09-07 17:59:13 INFO     [static_analyzer.engine.progress:72] Phase 2 (definitions): 51% (281/545 files, 10.8s elapsed | edges=765, resolved=1610)
2026-09-07 17:59:17 INFO     [static_analyzer.engine.progress:72] Phase 2 (definitions): 100% (545/545 files, 15.3s elapsed | edges=1443, resolved=3306)
2026-09-07 17:59:17 INFO     [static_analyzer.engine.edge_builder:576] Phase 2b (implementations): 352 unique targets from 649 pending queries
2026-09-07 17:59:18 INFO     [static_analyzer.engine.progress:72] Phase 2b (impl): 14% (50/352 targets, 0.6s elapsed | edges=1444, resolved=12)
2026-09-07 17:59:18 INFO     [static_analyzer.engine.progress:72] Phase 2b (impl): 100% (352/352 targets, 1.0s elapsed | edges=1529, resolved=304)
2026-09-07 17:59:19 INFO     [static_analyzer.engine.edge_builder:334] Phase 2 summary: 15055 call sites, 3306 def resolved, 304 impl resolved, 0 iterated, 1529 raw edges
2026-09-07 17:59:19 INFO     [static_analyzer.engine.call_graph_builder:73] Phase 2 total (build edges): 17.3s, 1529 edges
2026-09-07 17:59:19 INFO     [static_analyzer.engine.hierarchy_builder:57] Hierarchy: 645 class symbols to process
2026-09-07 17:59:26 INFO     [static_analyzer.engine.hierarchy_builder:105] Hierarchy complete: 645 classes, 220 inheritance links in 7.6s
2026-09-07 17:59:26 INFO     [static_analyzer.engine.call_graph_builder:82] Phase 3 (hierarchy): 7.6s
2026-09-07 17:59:26 INFO     [static_analyzer.engine.call_graph_builder:87] Phase 4 (package deps): 0.1s
2026-09-07 17:59:27 INFO     [static_analyzer.engine.call_graph_builder:110] Pipeline complete: 545 files, 4293 symbols, 1529 edges, 645 hierarchy entries in 75.5s
2026-09-07 17:59:27 INFO     [static_analyzer:996] CallGraphBuilder.build() for CSharp: 75.5s
2026-09-07 17:59:27 INFO     [static_analyzer.engine.result_converter:106] Converted 1865 nodes, 1529 edges (0 skipped) for CSharp
2026-09-07 17:59:27 INFO     [static_analyzer.engine.result_converter:116] Reference edges for CSharp: 1440 ({<EdgeKind.CONTAINS: 'contains'>: 1220, <EdgeKind.INHERITS: 'inherits'>: 220})
2026-09-07 17:59:27 INFO     [static_analyzer:1006] convert_to_codeboarding_format for CSharp: 0.0s
2026-09-07 17:59:27 INFO     [static_analyzer:729] Engine analysis for CSharp completed in 75.6s
2026-09-07 17:59:29 INFO     [static_analyzer:937] Diagnostics for CSharp: 545 files, 312 items (cache=0, live=545)
2026-09-07 17:59:29 INFO     [static_analyzer:726] Starting engine analysis for CSharp in /Users/svilen/Documents/Projects/ReposForTesting/abp/modules/docs
2026-09-07 17:59:29 INFO     [static_analyzer:986] Analyzing 263 CSharp files
2026-09-07 17:59:29 INFO     [static_analyzer.engine.call_graph_builder:220] Waiting for LSP server indexing (timeout=600s)...
2026-09-07 17:59:53 INFO     [static_analyzer.engine.lsp_client:858] LSP server: solution loaded (csharp-ls: Finished loading solution "/Users/svilen/Documents/Projects/ReposForTesting/abp/modules/docs/Volo.Docs.slnx")
2026-09-07 17:59:56 INFO     [static_analyzer.engine.call_graph_builder:224] Sync probe: 27.1s (1 symbols)
2026-09-07 17:59:56 INFO     [static_analyzer.engine.progress:72] Phase 0 (open): 19% (50/263 files, 0.0s elapsed)
2026-09-07 17:59:56 INFO     [static_analyzer.engine.progress:72] Phase 0 (open): 100% (263/263 files, 0.7s elapsed)
2026-09-07 17:59:56 INFO     [static_analyzer.engine.call_graph_builder:215] did_open 263 files: 0.7s
2026-09-07 17:59:59 INFO     [static_analyzer.engine.progress:72] Phase 1 (symbols): 1% (3/263 files, 3.0s elapsed | symbols=15)
2026-09-07 18:00:04 INFO     [static_analyzer.engine.progress:72] Phase 1 (symbols): 100% (263/263 files, 7.2s elapsed | symbols=2418)
2026-09-07 18:00:04 INFO     [static_analyzer.engine.call_graph_builder:199] Discovered 2418 symbols across 263 files
2026-09-07 18:00:04 INFO     [static_analyzer.engine.call_graph_builder:61] Phase 1 total (discover symbols): 35.0s
2026-09-07 18:00:04 INFO     [static_analyzer.engine.call_graph_builder:65] Build indices: 0.0s
2026-09-07 18:00:04 INFO     [static_analyzer.engine.lsp_recycler:84] LSP recycler armed at a 12.0GB budget
2026-09-07 18:00:04 INFO     [static_analyzer.engine.edge_builder:673] Skipped 17 ambiguous base type name(s) for virtual dispatch
2026-09-07 18:00:07 INFO     [static_analyzer.engine.progress:72] Phase 2 (definitions): 1% (3/263 files, 2.5s elapsed | edges=0, resolved=2)
2026-09-07 18:00:12 INFO     [static_analyzer.engine.progress:72] Phase 2 (definitions): 38% (102/263 files, 7.6s elapsed | edges=428, resolved=752)
2026-09-07 18:00:15 INFO     [static_analyzer.engine.progress:72] Phase 2 (definitions): 100% (263/263 files, 10.6s elapsed | edges=1148, resolved=2346)
2026-09-07 18:00:15 INFO     [static_analyzer.engine.edge_builder:576] Phase 2b (implementations): 332 unique targets from 575 pending queries
2026-09-07 18:00:15 INFO     [static_analyzer.engine.progress:72] Phase 2b (impl): 15% (50/332 targets, 0.4s elapsed | edges=1148, resolved=46)
2026-09-07 18:00:15 INFO     [static_analyzer.engine.progress:72] Phase 2b (impl): 100% (332/332 targets, 0.7s elapsed | edges=1154, resolved=179)
2026-09-07 18:00:16 INFO     [static_analyzer.engine.edge_builder:334] Phase 2 summary: 12104 call sites, 2346 def resolved, 179 impl resolved, 1 iterated, 1154 raw edges
2026-09-07 18:00:16 INFO     [static_analyzer.engine.call_graph_builder:73] Phase 2 total (build edges): 12.1s, 1154 edges
2026-09-07 18:00:16 INFO     [static_analyzer.engine.hierarchy_builder:57] Hierarchy: 293 class symbols to process
2026-09-07 18:00:18 INFO     [static_analyzer.engine.hierarchy_builder:105] Hierarchy complete: 293 classes, 69 inheritance links in 2.7s
2026-09-07 18:00:18 INFO     [static_analyzer.engine.call_graph_builder:82] Phase 3 (hierarchy): 2.7s
2026-09-07 18:00:18 INFO     [static_analyzer.engine.call_graph_builder:87] Phase 4 (package deps): 0.1s
2026-09-07 18:00:18 INFO     [static_analyzer.engine.call_graph_builder:110] Pipeline complete: 263 files, 2418 symbols, 1154 edges, 293 hierarchy entries in 49.9s
2026-09-07 18:00:18 INFO     [static_analyzer:996] CallGraphBuilder.build() for CSharp: 49.9s
2026-09-07 18:00:18 INFO     [static_analyzer.engine.result_converter:106] Converted 1031 nodes, 1154 edges (0 skipped) for CSharp
2026-09-07 18:00:18 INFO     [static_analyzer.engine.result_converter:116] Reference edges for CSharp: 807 ({<EdgeKind.CONTAINS: 'contains'>: 738, <EdgeKind.INHERITS: 'inherits'>: 69})
2026-09-07 18:00:18 INFO     [static_analyzer:1006] convert_to_codeboarding_format for CSharp: 0.0s
2026-09-07 18:00:18 INFO     [static_analyzer:729] Engine analysis for CSharp completed in 49.9s
2026-09-07 18:00:21 INFO     [static_analyzer:937] Diagnostics for CSharp: 263 files, 109 items (cache=0, live=263)
2026-09-07 18:00:21 INFO     [static_analyzer:726] Starting engine analysis for CSharp in /Users/svilen/Documents/Projects/ReposForTesting/abp/modules/feature-management
2026-09-07 18:00:21 INFO     [static_analyzer:986] Analyzing 106 CSharp files
2026-09-07 18:00:21 INFO     [static_analyzer.engine.call_graph_builder:220] Waiting for LSP server indexing (timeout=600s)...
2026-09-07 18:00:45 INFO     [static_analyzer.engine.lsp_client:858] LSP server: solution loaded (csharp-ls: Finished loading solution "/Users/svilen/Documents/Projects/ReposForTesting/abp/modules/feature-management/Volo.Abp.FeatureManagement.slnx")
2026-09-07 18:00:47 INFO     [static_analyzer.engine.call_graph_builder:224] Sync probe: 26.0s (1 symbols)
2026-09-07 18:00:47 INFO     [static_analyzer.engine.progress:72] Phase 0 (open): 47% (50/106 files, 0.0s elapsed)
2026-09-07 18:00:47 INFO     [static_analyzer.engine.progress:72] Phase 0 (open): 100% (106/106 files, 0.3s elapsed)
2026-09-07 18:00:47 INFO     [static_analyzer.engine.call_graph_builder:215] did_open 106 files: 0.3s
2026-09-07 18:00:48 INFO     [static_analyzer.engine.progress:72] Phase 1 (symbols): 5% (6/106 files, 1.0s elapsed | symbols=38)
2026-09-07 18:00:50 INFO     [static_analyzer.engine.progress:72] Phase 1 (symbols): 100% (106/106 files, 3.5s elapsed | symbols=814)
2026-09-07 18:00:50 INFO     [static_analyzer.engine.call_graph_builder:199] Discovered 814 symbols across 106 files
2026-09-07 18:00:50 INFO     [static_analyzer.engine.call_graph_builder:61] Phase 1 total (discover symbols): 29.8s
2026-09-07 18:00:50 INFO     [static_analyzer.engine.call_graph_builder:65] Build indices: 0.0s
2026-09-07 18:00:50 INFO     [static_analyzer.engine.lsp_recycler:84] LSP recycler armed at a 12.0GB budget
2026-09-07 18:00:50 INFO     [static_analyzer.engine.edge_builder:673] Skipped 6 ambiguous base type name(s) for virtual dispatch
2026-09-07 18:00:51 INFO     [static_analyzer.engine.progress:72] Phase 2 (definitions): 5% (6/106 files, 0.2s elapsed | edges=22, resolved=57)
2026-09-07 18:00:53 INFO     [static_analyzer.engine.progress:72] Phase 2 (definitions): 100% (106/106 files, 2.2s elapsed | edges=356, resolved=676)
2026-09-07 18:00:53 INFO     [static_analyzer.engine.edge_builder:576] Phase 2b (implementations): 103 unique targets from 156 pending queries
2026-09-07 18:00:53 INFO     [static_analyzer.engine.progress:72] Phase 2b (impl): 48% (50/103 targets, 0.4s elapsed | edges=356, resolved=19)
2026-09-07 18:00:53 INFO     [static_analyzer.engine.progress:72] Phase 2b (impl): 100% (103/103 targets, 0.5s elapsed | edges=358, resolved=47)
2026-09-07 18:00:53 INFO     [static_analyzer.engine.edge_builder:334] Phase 2 summary: 1843 call sites, 676 def resolved, 47 impl resolved, 0 iterated, 358 raw edges
2026-09-07 18:00:53 INFO     [static_analyzer.engine.call_graph_builder:73] Phase 2 total (build edges): 2.8s, 358 edges
2026-09-07 18:00:53 INFO     [static_analyzer.engine.hierarchy_builder:57] Hierarchy: 109 class symbols to process
2026-09-07 18:00:54 INFO     [static_analyzer.engine.hierarchy_builder:105] Hierarchy complete: 109 classes, 24 inheritance links in 1.1s
2026-09-07 18:00:54 INFO     [static_analyzer.engine.call_graph_builder:82] Phase 3 (hierarchy): 1.1s
2026-09-07 18:00:54 INFO     [static_analyzer.engine.call_graph_builder:87] Phase 4 (package deps): 0.0s
2026-09-07 18:00:54 INFO     [static_analyzer.engine.call_graph_builder:110] Pipeline complete: 106 files, 814 symbols, 358 edges, 109 hierarchy entries in 33.7s
2026-09-07 18:00:54 INFO     [static_analyzer:996] CallGraphBuilder.build() for CSharp: 33.7s
2026-09-07 18:00:54 INFO     [static_analyzer.engine.result_converter:106] Converted 381 nodes, 358 edges (0 skipped) for CSharp
2026-09-07 18:00:54 INFO     [static_analyzer.engine.result_converter:116] Reference edges for CSharp: 296 ({<EdgeKind.CONTAINS: 'contains'>: 272, <EdgeKind.INHERITS: 'inherits'>: 24})
2026-09-07 18:00:54 INFO     [static_analyzer:1006] convert_to_codeboarding_format for CSharp: 0.0s
2026-09-07 18:00:54 INFO     [static_analyzer:729] Engine analysis for CSharp completed in 33.7s
2026-09-07 18:00:56 INFO     [static_analyzer:937] Diagnostics for CSharp: 106 files, 59 items (cache=0, live=106)
2026-09-07 18:00:56 INFO     [static_analyzer:726] Starting engine analysis for CSharp in /Users/svilen/Documents/Projects/ReposForTesting/abp/modules/identity
2026-09-07 18:00:56 INFO     [static_analyzer:986] Analyzing 256 CSharp files
2026-09-07 18:00:56 INFO     [static_analyzer.engine.call_graph_builder:220] Waiting for LSP server indexing (timeout=600s)...
2026-09-07 18:01:25 INFO     [static_analyzer.engine.lsp_client:858] LSP server: solution loaded (csharp-ls: Finished loading solution "/Users/svilen/Documents/Projects/ReposForTesting/abp/modules/identity/Volo.Abp.Identity.slnx")
2026-09-07 18:01:27 INFO     [static_analyzer.engine.call_graph_builder:224] Sync probe: 31.1s (1 symbols)
2026-09-07 18:01:27 INFO     [static_analyzer.engine.progress:72] Phase 0 (open): 19% (50/256 files, 0.0s elapsed)
2026-09-07 18:01:28 INFO     [static_analyzer.engine.progress:72] Phase 0 (open): 100% (256/256 files, 0.7s elapsed)
2026-09-07 18:01:28 INFO     [static_analyzer.engine.call_graph_builder:215] did_open 256 files: 0.7s
2026-09-07 18:01:31 INFO     [static_analyzer.engine.progress:72] Phase 1 (symbols): 1% (3/256 files, 2.8s elapsed | symbols=16)
2026-09-07 18:01:35 INFO     [static_analyzer.engine.progress:72] Phase 1 (symbols): 100% (256/256 files, 6.4s elapsed | symbols=2619)
2026-09-07 18:01:35 INFO     [static_analyzer.engine.call_graph_builder:199] Discovered 2619 symbols across 256 files
2026-09-07 18:01:35 INFO     [static_analyzer.engine.call_graph_builder:61] Phase 1 total (discover symbols): 38.2s
2026-09-07 18:01:35 INFO     [static_analyzer.engine.call_graph_builder:65] Build indices: 0.0s
2026-09-07 18:01:35 INFO     [static_analyzer.engine.lsp_recycler:84] LSP recycler armed at a 12.0GB budget
2026-09-07 18:01:35 INFO     [static_analyzer.engine.edge_builder:673] Skipped 19 ambiguous base type name(s) for virtual dispatch
2026-09-07 18:01:35 INFO     [static_analyzer.engine.progress:72] Phase 2 (definitions): 1% (3/256 files, 0.1s elapsed | edges=0, resolved=0)
2026-09-07 18:01:41 INFO     [static_analyzer.engine.progress:72] Phase 2 (definitions): 75% (194/256 files, 5.9s elapsed | edges=848, resolved=2329)
2026-09-07 18:01:43 INFO     [static_analyzer.engine.progress:72] Phase 2 (definitions): 100% (256/256 files, 8.6s elapsed | edges=1091, resolved=3228)
2026-09-07 18:01:43 INFO     [static_analyzer.engine.edge_builder:576] Phase 2b (implementations): 255 unique targets from 553 pending queries
2026-09-07 18:01:44 INFO     [static_analyzer.engine.progress:72] Phase 2b (impl): 19% (50/255 targets, 0.6s elapsed | edges=1091, resolved=33)
2026-09-07 18:01:44 INFO     [static_analyzer.engine.progress:72] Phase 2b (impl): 100% (255/255 targets, 0.7s elapsed | edges=1098, resolved=168)
2026-09-07 18:01:44 INFO     [static_analyzer.engine.edge_builder:334] Phase 2 summary: 8784 call sites, 3228 def resolved, 168 impl resolved, 0 iterated, 1098 raw edges
2026-09-07 18:01:44 INFO     [static_analyzer.engine.call_graph_builder:73] Phase 2 total (build edges): 9.8s, 1098 edges
2026-09-07 18:01:44 INFO     [static_analyzer.engine.hierarchy_builder:57] Hierarchy: 284 class symbols to process
2026-09-07 18:01:47 INFO     [static_analyzer.engine.hierarchy_builder:105] Hierarchy complete: 284 classes, 65 inheritance links in 2.6s
2026-09-07 18:01:47 INFO     [static_analyzer.engine.call_graph_builder:82] Phase 3 (hierarchy): 2.6s
2026-09-07 18:01:47 INFO     [static_analyzer.engine.call_graph_builder:87] Phase 4 (package deps): 0.1s
2026-09-07 18:01:47 INFO     [static_analyzer.engine.call_graph_builder:110] Pipeline complete: 256 files, 2619 symbols, 1098 edges, 284 hierarchy entries in 50.7s
2026-09-07 18:01:47 INFO     [static_analyzer:996] CallGraphBuilder.build() for CSharp: 50.7s
2026-09-07 18:01:47 INFO     [static_analyzer.engine.result_converter:106] Converted 1298 nodes, 1098 edges (0 skipped) for CSharp
2026-09-07 18:01:47 INFO     [static_analyzer.engine.result_converter:116] Reference edges for CSharp: 1079 ({<EdgeKind.CONTAINS: 'contains'>: 1014, <EdgeKind.INHERITS: 'inherits'>: 65})
2026-09-07 18:01:47 INFO     [static_analyzer:1006] convert_to_codeboarding_format for CSharp: 0.0s
2026-09-07 18:01:47 INFO     [static_analyzer:729] Engine analysis for CSharp completed in 50.7s
2026-09-07 18:01:49 INFO     [static_analyzer:937] Diagnostics for CSharp: 256 files, 286 items (cache=0, live=256)
2026-09-07 18:01:49 INFO     [static_analyzer:726] Starting engine analysis for CSharp in /Users/svilen/Documents/Projects/ReposForTesting/abp/modules/identityserver
2026-09-07 18:01:49 INFO     [static_analyzer:986] Analyzing 128 CSharp files
2026-09-07 18:01:49 INFO     [static_analyzer.engine.call_graph_builder:220] Waiting for LSP server indexing (timeout=600s)...
2026-09-07 18:02:07 INFO     [static_analyzer.engine.lsp_client:858] LSP server: solution loaded (csharp-ls: Finished loading solution "/Users/svilen/Documents/Projects/ReposForTesting/abp/modules/identityserver/Volo.Abp.IdentityServer.slnx")
2026-09-07 18:02:09 INFO     [static_analyzer.engine.call_graph_builder:224] Sync probe: 20.2s (1 symbols)
2026-09-07 18:02:09 INFO     [static_analyzer.engine.progress:72] Phase 0 (open): 39% (50/128 files, 0.0s elapsed)
2026-09-07 18:02:10 INFO     [static_analyzer.engine.progress:72] Phase 0 (open): 100% (128/128 files, 0.3s elapsed)
2026-09-07 18:02:10 INFO     [static_analyzer.engine.call_graph_builder:215] did_open 128 files: 0.3s
2026-09-07 18:02:10 INFO     [static_analyzer.engine.progress:72] Phase 1 (symbols): 5% (7/128 files, 0.7s elapsed | symbols=43)
2026-09-07 18:02:12 INFO     [static_analyzer.engine.progress:72] Phase 1 (symbols): 100% (128/128 files, 2.0s elapsed | symbols=1177)
2026-09-07 18:02:12 INFO     [static_analyzer.engine.call_graph_builder:199] Discovered 1177 symbols across 128 files
2026-09-07 18:02:12 INFO     [static_analyzer.engine.call_graph_builder:61] Phase 1 total (discover symbols): 22.6s
2026-09-07 18:02:12 INFO     [static_analyzer.engine.call_graph_builder:65] Build indices: 0.0s
2026-09-07 18:02:12 INFO     [static_analyzer.engine.lsp_recycler:84] LSP recycler armed at a 12.0GB budget
2026-09-07 18:02:12 INFO     [static_analyzer.engine.progress:72] Phase 2 (definitions): 5% (7/128 files, 0.2s elapsed | edges=10, resolved=20)
2026-09-07 18:02:15 INFO     [static_analyzer.engine.progress:72] Phase 2 (definitions): 100% (128/128 files, 3.0s elapsed | edges=261, resolved=1158)
2026-09-07 18:02:15 INFO     [static_analyzer.engine.edge_builder:576] Phase 2b (implementations): 85 unique targets from 150 pending queries
2026-09-07 18:02:15 INFO     [static_analyzer.engine.progress:72] Phase 2b (impl): 58% (50/85 targets, 0.5s elapsed | edges=262, resolved=14)
2026-09-07 18:02:15 INFO     [static_analyzer.engine.progress:72] Phase 2b (impl): 100% (85/85 targets, 0.6s elapsed | edges=262, resolved=31)
2026-09-07 18:02:16 INFO     [static_analyzer.engine.edge_builder:334] Phase 2 summary: 3361 call sites, 1158 def resolved, 31 impl resolved, 0 iterated, 262 raw edges
2026-09-07 18:02:16 INFO     [static_analyzer.engine.call_graph_builder:73] Phase 2 total (build edges): 3.9s, 262 edges
2026-09-07 18:02:16 INFO     [static_analyzer.engine.hierarchy_builder:57] Hierarchy: 137 class symbols to process
2026-09-07 18:02:16 INFO     [static_analyzer.engine.hierarchy_builder:105] Hierarchy complete: 137 classes, 22 inheritance links in 1.0s
2026-09-07 18:02:16 INFO     [static_analyzer.engine.call_graph_builder:82] Phase 3 (hierarchy): 1.0s
2026-09-07 18:02:17 INFO     [static_analyzer.engine.call_graph_builder:87] Phase 4 (package deps): 0.0s
2026-09-07 18:02:17 INFO     [static_analyzer.engine.call_graph_builder:110] Pipeline complete: 128 files, 1177 symbols, 262 edges, 137 hierarchy entries in 27.4s
2026-09-07 18:02:17 INFO     [static_analyzer:996] CallGraphBuilder.build() for CSharp: 27.4s
2026-09-07 18:02:17 INFO     [static_analyzer.engine.result_converter:106] Converted 581 nodes, 262 edges (0 skipped) for CSharp
2026-09-07 18:02:17 INFO     [static_analyzer.engine.result_converter:116] Reference edges for CSharp: 466 ({<EdgeKind.CONTAINS: 'contains'>: 444, <EdgeKind.INHERITS: 'inherits'>: 22})
2026-09-07 18:02:17 INFO     [static_analyzer:1006] convert_to_codeboarding_format for CSharp: 0.0s
2026-09-07 18:02:17 INFO     [static_analyzer:729] Engine analysis for CSharp completed in 27.5s
2026-09-07 18:02:19 INFO     [static_analyzer:937] Diagnostics for CSharp: 128 files, 17 items (cache=0, live=128)
2026-09-07 18:02:19 INFO     [static_analyzer:726] Starting engine analysis for CSharp in /Users/svilen/Documents/Projects/ReposForTesting/abp/modules/openiddict
2026-09-07 18:02:19 INFO     [static_analyzer:986] Analyzing 154 CSharp files
2026-09-07 18:02:19 INFO     [static_analyzer.engine.call_graph_builder:220] Waiting for LSP server indexing (timeout=600s)...
2026-09-07 18:02:47 INFO     [static_analyzer.engine.lsp_client:858] LSP server: solution loaded (csharp-ls: Finished loading solution "/Users/svilen/Documents/Projects/ReposForTesting/abp/modules/openiddict/Volo.Abp.OpenIddict.slnx")
2026-09-07 18:02:49 INFO     [static_analyzer.engine.call_graph_builder:224] Sync probe: 30.4s (1 symbols)
2026-09-07 18:02:49 INFO     [static_analyzer.engine.progress:72] Phase 0 (open): 32% (50/154 files, 0.0s elapsed)
2026-09-07 18:02:49 INFO     [static_analyzer.engine.progress:72] Phase 0 (open): 100% (154/154 files, 0.5s elapsed)
2026-09-07 18:02:49 INFO     [static_analyzer.engine.call_graph_builder:215] did_open 154 files: 0.5s
2026-09-07 18:02:51 INFO     [static_analyzer.engine.progress:72] Phase 1 (symbols): 5% (8/154 files, 1.8s elapsed | symbols=34)
2026-09-07 18:02:55 INFO     [static_analyzer.engine.progress:72] Phase 1 (symbols): 100% (154/154 files, 5.8s elapsed | symbols=1207)
2026-09-07 18:02:55 INFO     [static_analyzer.engine.call_graph_builder:199] Discovered 1207 symbols across 154 files
2026-09-07 18:02:55 INFO     [static_analyzer.engine.call_graph_builder:61] Phase 1 total (discover symbols): 36.6s
2026-09-07 18:02:55 INFO     [static_analyzer.engine.call_graph_builder:65] Build indices: 0.0s
2026-09-07 18:02:55 INFO     [static_analyzer.engine.lsp_recycler:84] LSP recycler armed at a 12.0GB budget
2026-09-07 18:02:55 INFO     [static_analyzer.engine.edge_builder:673] Skipped 4 ambiguous base type name(s) for virtual dispatch
2026-09-07 18:02:56 INFO     [static_analyzer.engine.progress:72] Phase 2 (definitions): 5% (8/154 files, 0.9s elapsed | edges=0, resolved=3)
2026-09-07 18:03:01 INFO     [static_analyzer.engine.progress:72] Phase 2 (definitions): 28% (44/154 files, 5.9s elapsed | edges=58, resolved=115)
2026-09-07 18:03:05 INFO     [static_analyzer.engine.progress:72] Phase 2 (definitions): 100% (154/154 files, 9.5s elapsed | edges=588, resolved=1879)
2026-09-07 18:03:05 INFO     [static_analyzer.engine.edge_builder:576] Phase 2b (implementations): 140 unique targets from 286 pending queries
2026-09-07 18:03:05 INFO     [static_analyzer.engine.progress:72] Phase 2b (impl): 35% (50/140 targets, 0.5s elapsed | edges=588, resolved=6)
2026-09-07 18:03:05 INFO     [static_analyzer.engine.progress:72] Phase 2b (impl): 100% (140/140 targets, 0.6s elapsed | edges=594, resolved=75)
2026-09-07 18:03:06 INFO     [static_analyzer.engine.edge_builder:334] Phase 2 summary: 8664 call sites, 1879 def resolved, 75 impl resolved, 0 iterated, 594 raw edges
2026-09-07 18:03:06 INFO     [static_analyzer.engine.call_graph_builder:73] Phase 2 total (build edges): 10.6s, 594 edges
2026-09-07 18:03:06 INFO     [static_analyzer.engine.hierarchy_builder:57] Hierarchy: 151 class symbols to process
2026-09-07 18:03:07 INFO     [static_analyzer.engine.hierarchy_builder:105] Hierarchy complete: 151 classes, 42 inheritance links in 1.5s
2026-09-07 18:03:07 INFO     [static_analyzer.engine.call_graph_builder:82] Phase 3 (hierarchy): 1.5s
2026-09-07 18:03:07 INFO     [static_analyzer.engine.call_graph_builder:87] Phase 4 (package deps): 0.0s
2026-09-07 18:03:07 INFO     [static_analyzer.engine.call_graph_builder:110] Pipeline complete: 154 files, 1207 symbols, 594 edges, 151 hierarchy entries in 48.7s
2026-09-07 18:03:07 INFO     [static_analyzer:996] CallGraphBuilder.build() for CSharp: 48.7s
2026-09-07 18:03:07 INFO     [static_analyzer.engine.result_converter:106] Converted 666 nodes, 594 edges (0 skipped) for CSharp
2026-09-07 18:03:07 INFO     [static_analyzer.engine.result_converter:116] Reference edges for CSharp: 555 ({<EdgeKind.CONTAINS: 'contains'>: 513, <EdgeKind.INHERITS: 'inherits'>: 42})
2026-09-07 18:03:07 INFO     [static_analyzer:1006] convert_to_codeboarding_format for CSharp: 0.0s
2026-09-07 18:03:07 INFO     [static_analyzer:729] Engine analysis for CSharp completed in 48.8s
2026-09-07 18:03:09 INFO     [static_analyzer:937] Diagnostics for CSharp: 154 files, 51 items (cache=0, live=154)
2026-09-07 18:03:09 INFO     [static_analyzer:726] Starting engine analysis for CSharp in /Users/svilen/Documents/Projects/ReposForTesting/abp/modules/permission-management
2026-09-07 18:03:09 INFO     [static_analyzer:986] Analyzing 127 CSharp files
2026-09-07 18:03:09 INFO     [static_analyzer.engine.call_graph_builder:220] Waiting for LSP server indexing (timeout=600s)...
2026-09-07 18:03:34 INFO     [static_analyzer.engine.lsp_client:858] LSP server: solution loaded (csharp-ls: Finished loading solution "/Users/svilen/Documents/Projects/ReposForTesting/abp/modules/permission-management/Volo.Abp.PermissionManagement.slnx")
2026-09-07 18:03:35 INFO     [static_analyzer.engine.call_graph_builder:224] Sync probe: 25.9s (1 symbols)
2026-09-07 18:03:35 INFO     [static_analyzer.engine.progress:72] Phase 0 (open): 39% (50/127 files, 0.0s elapsed)
2026-09-07 18:03:36 INFO     [static_analyzer.engine.progress:72] Phase 0 (open): 100% (127/127 files, 0.3s elapsed)
2026-09-07 18:03:36 INFO     [static_analyzer.engine.call_graph_builder:215] did_open 127 files: 0.3s
2026-09-07 18:03:37 INFO     [static_analyzer.engine.progress:72] Phase 1 (symbols): 5% (7/127 files, 1.1s elapsed | symbols=48)
2026-09-07 18:03:39 INFO     [static_analyzer.engine.progress:72] Phase 1 (symbols): 100% (127/127 files, 3.7s elapsed | symbols=1375)
2026-09-07 18:03:39 INFO     [static_analyzer.engine.call_graph_builder:199] Discovered 1375 symbols across 127 files
2026-09-07 18:03:39 INFO     [static_analyzer.engine.call_graph_builder:61] Phase 1 total (discover symbols): 29.9s
2026-09-07 18:03:39 INFO     [static_analyzer.engine.call_graph_builder:65] Build indices: 0.0s
2026-09-07 18:03:39 INFO     [static_analyzer.engine.lsp_recycler:84] LSP recycler armed at a 12.0GB budget
2026-09-07 18:03:39 INFO     [static_analyzer.engine.edge_builder:673] Skipped 8 ambiguous base type name(s) for virtual dispatch
2026-09-07 18:03:40 INFO     [static_analyzer.engine.progress:72] Phase 2 (definitions): 5% (7/127 files, 0.6s elapsed | edges=69, resolved=116)
2026-09-07 18:03:43 INFO     [static_analyzer.engine.progress:72] Phase 2 (definitions): 100% (127/127 files, 3.4s elapsed | edges=679, resolved=1420)
2026-09-07 18:03:43 INFO     [static_analyzer.engine.edge_builder:576] Phase 2b (implementations): 160 unique targets from 286 pending queries
2026-09-07 18:03:43 INFO     [static_analyzer.engine.progress:72] Phase 2b (impl): 31% (50/160 targets, 0.4s elapsed | edges=682, resolved=38)
2026-09-07 18:03:43 INFO     [static_analyzer.engine.progress:72] Phase 2b (impl): 100% (160/160 targets, 0.5s elapsed | edges=682, resolved=77)
2026-09-07 18:03:43 INFO     [static_analyzer.engine.edge_builder:334] Phase 2 summary: 3447 call sites, 1420 def resolved, 77 impl resolved, 0 iterated, 682 raw edges
2026-09-07 18:03:43 INFO     [static_analyzer.engine.call_graph_builder:73] Phase 2 total (build edges): 4.2s, 682 edges
2026-09-07 18:03:43 INFO     [static_analyzer.engine.hierarchy_builder:57] Hierarchy: 140 class symbols to process
2026-09-07 18:03:45 INFO     [static_analyzer.engine.hierarchy_builder:105] Hierarchy complete: 140 classes, 29 inheritance links in 1.4s
2026-09-07 18:03:45 INFO     [static_analyzer.engine.call_graph_builder:82] Phase 3 (hierarchy): 1.4s
2026-09-07 18:03:45 INFO     [static_analyzer.engine.call_graph_builder:87] Phase 4 (package deps): 0.0s
2026-09-07 18:03:45 INFO     [static_analyzer.engine.call_graph_builder:110] Pipeline complete: 127 files, 1375 symbols, 682 edges, 140 hierarchy entries in 35.6s
2026-09-07 18:03:45 INFO     [static_analyzer:996] CallGraphBuilder.build() for CSharp: 35.6s
2026-09-07 18:03:45 INFO     [static_analyzer.engine.result_converter:106] Converted 550 nodes, 682 edges (0 skipped) for CSharp
2026-09-07 18:03:45 INFO     [static_analyzer.engine.result_converter:116] Reference edges for CSharp: 439 ({<EdgeKind.CONTAINS: 'contains'>: 410, <EdgeKind.INHERITS: 'inherits'>: 29})
2026-09-07 18:03:45 INFO     [static_analyzer:1006] convert_to_codeboarding_format for CSharp: 0.0s
2026-09-07 18:03:45 INFO     [static_analyzer:729] Engine analysis for CSharp completed in 35.6s
2026-09-07 18:03:47 INFO     [static_analyzer:937] Diagnostics for CSharp: 127 files, 158 items (cache=0, live=127)
2026-09-07 18:03:47 INFO     [static_analyzer:726] Starting engine analysis for CSharp in /Users/svilen/Documents/Projects/ReposForTesting/abp/modules/setting-management
2026-09-07 18:03:47 INFO     [static_analyzer:986] Analyzing 132 CSharp files
2026-09-07 18:03:47 INFO     [static_analyzer.engine.call_graph_builder:220] Waiting for LSP server indexing (timeout=600s)...
2026-09-07 18:04:17 INFO     [static_analyzer.engine.lsp_client:858] LSP server: solution loaded (csharp-ls: Finished loading solution "/Users/svilen/Documents/Projects/ReposForTesting/abp/modules/setting-management/Volo.Abp.SettingManagement.slnx")
2026-09-07 18:04:21 INFO     [static_analyzer.engine.call_graph_builder:224] Sync probe: 34.4s (1 symbols)
2026-09-07 18:04:21 INFO     [static_analyzer.engine.progress:72] Phase 0 (open): 37% (50/132 files, 0.0s elapsed)
2026-09-07 18:04:22 INFO     [static_analyzer.engine.progress:72] Phase 0 (open): 100% (132/132 files, 0.3s elapsed)
2026-09-07 18:04:22 INFO     [static_analyzer.engine.call_graph_builder:215] did_open 132 files: 0.3s
2026-09-07 18:04:23 INFO     [static_analyzer.engine.progress:72] Phase 1 (symbols): 5% (7/132 files, 1.8s elapsed | symbols=32)
2026-09-07 18:04:26 INFO     [static_analyzer.engine.progress:72] Phase 1 (symbols): 100% (132/132 files, 4.3s elapsed | symbols=1102)
2026-09-07 18:04:26 INFO     [static_analyzer.engine.call_graph_builder:199] Discovered 1102 symbols across 132 files
2026-09-07 18:04:26 INFO     [static_analyzer.engine.call_graph_builder:61] Phase 1 total (discover symbols): 39.0s
2026-09-07 18:04:26 INFO     [static_analyzer.engine.call_graph_builder:65] Build indices: 0.0s
2026-09-07 18:04:26 INFO     [static_analyzer.engine.lsp_recycler:84] LSP recycler armed at a 12.0GB budget
2026-09-07 18:04:26 INFO     [static_analyzer.engine.edge_builder:673] Skipped 21 ambiguous base type name(s) for virtual dispatch
2026-09-07 18:04:28 INFO     [static_analyzer.engine.progress:72] Phase 2 (definitions): 5% (7/132 files, 2.2s elapsed | edges=5, resolved=6)
2026-09-07 18:04:30 INFO     [static_analyzer.engine.progress:72] Phase 2 (definitions): 100% (132/132 files, 4.3s elapsed | edges=459, resolved=729)
2026-09-07 18:04:30 INFO     [static_analyzer.engine.edge_builder:576] Phase 2b (implementations): 118 unique targets from 210 pending queries
2026-09-07 18:04:31 INFO     [static_analyzer.engine.progress:72] Phase 2b (impl): 42% (50/118 targets, 0.4s elapsed | edges=467, resolved=29)
2026-09-07 18:04:31 INFO     [static_analyzer.engine.progress:72] Phase 2b (impl): 100% (118/118 targets, 0.5s elapsed | edges=467, resolved=57)
2026-09-07 18:04:31 INFO     [static_analyzer.engine.edge_builder:334] Phase 2 summary: 3752 call sites, 729 def resolved, 57 impl resolved, 0 iterated, 467 raw edges
2026-09-07 18:04:31 INFO     [static_analyzer.engine.call_graph_builder:73] Phase 2 total (build edges): 5.2s, 467 edges
2026-09-07 18:04:31 INFO     [static_analyzer.engine.hierarchy_builder:57] Hierarchy: 145 class symbols to process
2026-09-07 18:04:33 INFO     [static_analyzer.engine.hierarchy_builder:105] Hierarchy complete: 145 classes, 34 inheritance links in 1.8s
2026-09-07 18:04:33 INFO     [static_analyzer.engine.call_graph_builder:82] Phase 3 (hierarchy): 1.8s
2026-09-07 18:04:33 INFO     [static_analyzer.engine.call_graph_builder:87] Phase 4 (package deps): 0.0s
2026-09-07 18:04:33 INFO     [static_analyzer.engine.call_graph_builder:110] Pipeline complete: 132 files, 1102 symbols, 467 edges, 145 hierarchy entries in 46.0s
2026-09-07 18:04:33 INFO     [static_analyzer:996] CallGraphBuilder.build() for CSharp: 46.0s
2026-09-07 18:04:33 INFO     [static_analyzer.engine.result_converter:106] Converted 466 nodes, 467 edges (0 skipped) for CSharp
2026-09-07 18:04:33 INFO     [static_analyzer.engine.result_converter:116] Reference edges for CSharp: 355 ({<EdgeKind.CONTAINS: 'contains'>: 321, <EdgeKind.INHERITS: 'inherits'>: 34})
2026-09-07 18:04:33 INFO     [static_analyzer:1006] convert_to_codeboarding_format for CSharp: 0.0s
2026-09-07 18:04:33 INFO     [static_analyzer:729] Engine analysis for CSharp completed in 46.0s
2026-09-07 18:04:35 INFO     [static_analyzer:937] Diagnostics for CSharp: 132 files, 110 items (cache=0, live=132)
2026-09-07 18:04:35 INFO     [static_analyzer:726] Starting engine analysis for CSharp in /Users/svilen/Documents/Projects/ReposForTesting/abp/modules/tenant-management
2026-09-07 18:04:35 INFO     [static_analyzer:986] Analyzing 73 CSharp files
2026-09-07 18:04:35 INFO     [static_analyzer.engine.call_graph_builder:220] Waiting for LSP server indexing (timeout=600s)...
2026-09-07 18:05:03 INFO     [static_analyzer.engine.lsp_client:858] LSP server: solution loaded (csharp-ls: Finished loading solution "/Users/svilen/Documents/Projects/ReposForTesting/abp/modules/tenant-management/Volo.Abp.TenantManagement.slnx")
2026-09-07 18:05:05 INFO     [static_analyzer.engine.call_graph_builder:224] Sync probe: 30.4s (1 symbols)
2026-09-07 18:05:05 INFO     [static_analyzer.engine.progress:72] Phase 0 (open): 68% (50/73 files, 0.0s elapsed)
2026-09-07 18:05:06 INFO     [static_analyzer.engine.progress:72] Phase 0 (open): 100% (73/73 files, 0.2s elapsed)
2026-09-07 18:05:06 INFO     [static_analyzer.engine.call_graph_builder:215] did_open 73 files: 0.2s
2026-09-07 18:05:06 INFO     [static_analyzer.engine.progress:72] Phase 1 (symbols): 5% (4/73 files, 0.8s elapsed | symbols=30)
2026-09-07 18:05:08 INFO     [static_analyzer.engine.progress:72] Phase 1 (symbols): 100% (73/73 files, 2.7s elapsed | symbols=534)
2026-09-07 18:05:08 INFO     [static_analyzer.engine.call_graph_builder:199] Discovered 534 symbols across 73 files
2026-09-07 18:05:08 INFO     [static_analyzer.engine.call_graph_builder:61] Phase 1 total (discover symbols): 33.2s
2026-09-07 18:05:08 INFO     [static_analyzer.engine.call_graph_builder:65] Build indices: 0.0s
2026-09-07 18:05:08 INFO     [static_analyzer.engine.lsp_recycler:84] LSP recycler armed at a 12.0GB budget
2026-09-07 18:05:08 INFO     [static_analyzer.engine.edge_builder:673] Skipped 6 ambiguous base type name(s) for virtual dispatch
2026-09-07 18:05:09 INFO     [static_analyzer.engine.progress:72] Phase 2 (definitions): 5% (4/73 files, 0.3s elapsed | edges=20, resolved=40)
2026-09-07 18:05:10 INFO     [static_analyzer.engine.progress:72] Phase 2 (definitions): 100% (73/73 files, 1.7s elapsed | edges=116, resolved=343)
2026-09-07 18:05:10 INFO     [static_analyzer.engine.edge_builder:576] Phase 2b (implementations): 34 unique targets from 57 pending queries
2026-09-07 18:05:10 INFO     [static_analyzer.engine.progress:72] Phase 2b (impl): 100% (34/34 targets, 0.4s elapsed | edges=116, resolved=22)
2026-09-07 18:05:10 INFO     [static_analyzer.engine.progress:72] Phase 2b (impl): 100% (34/34 targets, 0.4s elapsed | edges=116, resolved=22)
2026-09-07 18:05:10 INFO     [static_analyzer.engine.edge_builder:334] Phase 2 summary: 1043 call sites, 343 def resolved, 22 impl resolved, 0 iterated, 116 raw edges
2026-09-07 18:05:10 INFO     [static_analyzer.engine.call_graph_builder:73] Phase 2 total (build edges): 2.2s, 116 edges
2026-09-07 18:05:10 INFO     [static_analyzer.engine.hierarchy_builder:57] Hierarchy: 80 class symbols to process
2026-09-07 18:05:11 INFO     [static_analyzer.engine.hierarchy_builder:105] Hierarchy complete: 80 classes, 16 inheritance links in 0.9s
2026-09-07 18:05:11 INFO     [static_analyzer.engine.call_graph_builder:82] Phase 3 (hierarchy): 0.9s
2026-09-07 18:05:11 INFO     [static_analyzer.engine.call_graph_builder:87] Phase 4 (package deps): 0.0s
2026-09-07 18:05:11 INFO     [static_analyzer.engine.call_graph_builder:110] Pipeline complete: 73 files, 534 symbols, 116 edges, 80 hierarchy entries in 36.4s
2026-09-07 18:05:11 INFO     [static_analyzer:996] CallGraphBuilder.build() for CSharp: 36.4s
2026-09-07 18:05:11 INFO     [static_analyzer.engine.result_converter:106] Converted 246 nodes, 116 edges (0 skipped) for CSharp
2026-09-07 18:05:11 INFO     [static_analyzer.engine.result_converter:116] Reference edges for CSharp: 182 ({<EdgeKind.CONTAINS: 'contains'>: 166, <EdgeKind.INHERITS: 'inherits'>: 16})
2026-09-07 18:05:11 INFO     [static_analyzer:1006] convert_to_codeboarding_format for CSharp: 0.0s
2026-09-07 18:05:11 INFO     [static_analyzer:729] Engine analysis for CSharp completed in 36.4s
2026-09-07 18:05:14 INFO     [static_analyzer:937] Diagnostics for CSharp: 73 files, 111 items (cache=0, live=73)
2026-09-07 18:05:14 INFO     [static_analyzer:726] Starting engine analysis for CSharp in /Users/svilen/Documents/Projects/ReposForTesting/abp/modules/users
2026-09-07 18:05:14 INFO     [static_analyzer:986] Analyzing 25 CSharp files
2026-09-07 18:05:14 INFO     [static_analyzer.engine.call_graph_builder:220] Waiting for LSP server indexing (timeout=600s)...
2026-09-07 18:05:27 INFO     [static_analyzer.engine.lsp_client:858] LSP server: solution loaded (csharp-ls: Finished loading solution "/Users/svilen/Documents/Projects/ReposForTesting/abp/modules/users/Volo.Abp.Users.slnx")
2026-09-07 18:05:28 INFO     [static_analyzer.engine.call_graph_builder:224] Sync probe: 14.5s (1 symbols)
2026-09-07 18:05:28 INFO     [static_analyzer.engine.progress:72] Phase 0 (open): 100% (25/25 files, 0.0s elapsed)
2026-09-07 18:05:28 INFO     [static_analyzer.engine.progress:72] Phase 0 (open): 100% (25/25 files, 0.1s elapsed)
2026-09-07 18:05:28 INFO     [static_analyzer.engine.call_graph_builder:215] did_open 25 files: 0.1s
2026-09-07 18:05:28 INFO     [static_analyzer.engine.progress:72] Phase 1 (symbols): 12% (3/25 files, 0.1s elapsed | symbols=17)
2026-09-07 18:05:29 INFO     [static_analyzer.engine.progress:72] Phase 1 (symbols): 100% (25/25 files, 0.5s elapsed | symbols=193)
2026-09-07 18:05:29 INFO     [static_analyzer.engine.call_graph_builder:199] Discovered 193 symbols across 25 files
2026-09-07 18:05:29 INFO     [static_analyzer.engine.call_graph_builder:61] Phase 1 total (discover symbols): 15.1s
2026-09-07 18:05:29 INFO     [static_analyzer.engine.call_graph_builder:65] Build indices: 0.0s
2026-09-07 18:05:29 INFO     [static_analyzer.engine.lsp_recycler:84] LSP recycler armed at a 12.0GB budget
2026-09-07 18:05:29 INFO     [static_analyzer.engine.progress:72] Phase 2 (definitions): 12% (3/25 files, 0.1s elapsed | edges=0, resolved=0)
2026-09-07 18:05:29 INFO     [static_analyzer.engine.progress:72] Phase 2 (definitions): 100% (25/25 files, 0.6s elapsed | edges=28, resolved=151)
2026-09-07 18:05:29 INFO     [static_analyzer.engine.edge_builder:576] Phase 2b (implementations): 13 unique targets from 20 pending queries
2026-09-07 18:05:29 INFO     [static_analyzer.engine.progress:72] Phase 2b (impl): 100% (13/13 targets, 0.2s elapsed | edges=36, resolved=8)
2026-09-07 18:05:29 INFO     [static_analyzer.engine.progress:72] Phase 2b (impl): 100% (13/13 targets, 0.2s elapsed | edges=36, resolved=8)
2026-09-07 18:05:29 INFO     [static_analyzer.engine.edge_builder:334] Phase 2 summary: 349 call sites, 151 def resolved, 8 impl resolved, 0 iterated, 36 raw edges
2026-09-07 18:05:29 INFO     [static_analyzer.engine.call_graph_builder:73] Phase 2 total (build edges): 0.8s, 36 edges
2026-09-07 18:05:29 INFO     [static_analyzer.engine.hierarchy_builder:57] Hierarchy: 25 class symbols to process
2026-09-07 18:05:30 INFO     [static_analyzer.engine.hierarchy_builder:105] Hierarchy complete: 25 classes, 6 inheritance links in 0.4s
2026-09-07 18:05:30 INFO     [static_analyzer.engine.call_graph_builder:82] Phase 3 (hierarchy): 0.4s
2026-09-07 18:05:30 INFO     [static_analyzer.engine.call_graph_builder:87] Phase 4 (package deps): 0.0s
2026-09-07 18:05:30 INFO     [static_analyzer.engine.call_graph_builder:110] Pipeline complete: 25 files, 193 symbols, 36 edges, 25 hierarchy entries in 16.2s
2026-09-07 18:05:30 INFO     [static_analyzer:996] CallGraphBuilder.build() for CSharp: 16.2s
2026-09-07 18:05:30 INFO     [static_analyzer.engine.result_converter:106] Converted 66 nodes, 36 edges (0 skipped) for CSharp
2026-09-07 18:05:30 INFO     [static_analyzer.engine.result_converter:116] Reference edges for CSharp: 47 ({<EdgeKind.CONTAINS: 'contains'>: 41, <EdgeKind.INHERITS: 'inherits'>: 6})
2026-09-07 18:05:30 INFO     [static_analyzer:1006] convert_to_codeboarding_format for CSharp: 0.0s
2026-09-07 18:05:30 INFO     [static_analyzer:729] Engine analysis for CSharp completed in 16.2s
2026-09-07 18:05:32 INFO     [static_analyzer:937] Diagnostics for CSharp: 25 files, 2 items (cache=0, live=25)
2026-09-07 18:05:32 INFO     [static_analyzer:726] Starting engine analysis for CSharp in /Users/svilen/Documents/Projects/ReposForTesting/abp/modules/virtual-file-explorer
2026-09-07 18:05:32 INFO     [static_analyzer:986] Analyzing 24 CSharp files
2026-09-07 18:05:32 INFO     [static_analyzer.engine.call_graph_builder:220] Waiting for LSP server indexing (timeout=600s)...
2026-09-07 18:05:54 INFO     [static_analyzer.engine.lsp_client:858] LSP server: solution loaded (csharp-ls: Finished loading solution "/Users/svilen/Documents/Projects/ReposForTesting/abp/modules/virtual-file-explorer/Volo.Abp.VirtualFileExplorer.slnx")
2026-09-07 18:05:58 INFO     [static_analyzer.engine.call_graph_builder:224] Sync probe: 26.4s (1 symbols)
2026-09-07 18:05:58 INFO     [static_analyzer.engine.progress:72] Phase 0 (open): 100% (24/24 files, 0.0s elapsed)
2026-09-07 18:05:58 INFO     [static_analyzer.engine.progress:72] Phase 0 (open): 100% (24/24 files, 0.1s elapsed)
2026-09-07 18:05:58 INFO     [static_analyzer.engine.call_graph_builder:215] did_open 24 files: 0.1s
2026-09-07 18:05:59 INFO     [static_analyzer.engine.progress:72] Phase 1 (symbols): 12% (3/24 files, 0.3s elapsed | symbols=14)
2026-09-07 18:05:59 INFO     [static_analyzer.engine.progress:72] Phase 1 (symbols): 100% (24/24 files, 0.6s elapsed | symbols=129)
2026-09-07 18:05:59 INFO     [static_analyzer.engine.call_graph_builder:199] Discovered 129 symbols across 24 files
2026-09-07 18:05:59 INFO     [static_analyzer.engine.call_graph_builder:61] Phase 1 total (discover symbols): 27.1s
2026-09-07 18:05:59 INFO     [static_analyzer.engine.call_graph_builder:65] Build indices: 0.0s
2026-09-07 18:05:59 INFO     [static_analyzer.engine.lsp_recycler:84] LSP recycler armed at a 12.0GB budget
2026-09-07 18:05:59 INFO     [static_analyzer.engine.edge_builder:673] Skipped 2 ambiguous base type name(s) for virtual dispatch
2026-09-07 18:05:59 INFO     [static_analyzer.engine.progress:72] Phase 2 (definitions): 12% (3/24 files, 0.2s elapsed | edges=3, resolved=3)
2026-09-07 18:06:02 INFO     [static_analyzer.engine.progress:72] Phase 2 (definitions): 100% (24/24 files, 2.7s elapsed | edges=9, resolved=32)
2026-09-07 18:06:02 INFO     [static_analyzer.engine.edge_builder:576] Phase 2b (implementations): 5 unique targets from 6 pending queries
2026-09-07 18:06:02 INFO     [static_analyzer.engine.progress:72] Phase 2b (impl): 100% (5/5 targets, 0.0s elapsed | edges=9, resolved=0)
2026-09-07 18:06:02 INFO     [static_analyzer.engine.progress:72] Phase 2b (impl): 100% (5/5 targets, 0.0s elapsed | edges=9, resolved=0)
2026-09-07 18:06:02 INFO     [static_analyzer.engine.edge_builder:334] Phase 2 summary: 1843 call sites, 32 def resolved, 0 impl resolved, 0 iterated, 9 raw edges
2026-09-07 18:06:02 INFO     [static_analyzer.engine.call_graph_builder:73] Phase 2 total (build edges): 2.8s, 9 edges
2026-09-07 18:06:02 INFO     [static_analyzer.engine.hierarchy_builder:57] Hierarchy: 24 class symbols to process
2026-09-07 18:06:02 INFO     [static_analyzer.engine.hierarchy_builder:105] Hierarchy complete: 24 classes, 1 inheritance links in 0.5s
2026-09-07 18:06:02 INFO     [static_analyzer.engine.call_graph_builder:82] Phase 3 (hierarchy): 0.5s
2026-09-07 18:06:02 INFO     [static_analyzer.engine.call_graph_builder:87] Phase 4 (package deps): 0.0s
2026-09-07 18:06:02 INFO     [static_analyzer.engine.call_graph_builder:110] Pipeline complete: 24 files, 129 symbols, 9 edges, 24 hierarchy entries in 30.5s
2026-09-07 18:06:02 INFO     [static_analyzer:996] CallGraphBuilder.build() for CSharp: 30.5s
2026-09-07 18:06:02 INFO     [static_analyzer.engine.result_converter:106] Converted 52 nodes, 9 edges (0 skipped) for CSharp
2026-09-07 18:06:02 INFO     [static_analyzer.engine.result_converter:116] Reference edges for CSharp: 29 ({<EdgeKind.CONTAINS: 'contains'>: 28, <EdgeKind.INHERITS: 'inherits'>: 1})
2026-09-07 18:06:02 INFO     [static_analyzer:1006] convert_to_codeboarding_format for CSharp: 0.0s
2026-09-07 18:06:02 INFO     [static_analyzer:729] Engine analysis for CSharp completed in 30.5s
2026-09-07 18:06:04 INFO     [static_analyzer:937] Diagnostics for CSharp: 24 files, 21 items (cache=0, live=24)
2026-09-07 18:06:04 INFO     [static_analyzer:726] Starting engine analysis for CSharp in /Users/svilen/Documents/Projects/ReposForTesting/abp/templates/app/aspnet-core
2026-09-07 18:06:04 INFO     [static_analyzer:986] Analyzing 132 CSharp files
2026-09-07 18:06:04 INFO     [static_analyzer.engine.call_graph_builder:220] Waiting for LSP server indexing (timeout=600s)...
2026-09-07 18:06:43 INFO     [static_analyzer.engine.lsp_client:858] LSP server: solution loaded (csharp-ls: Finished loading solution "/Users/svilen/Documents/Projects/ReposForTesting/abp/templates/app/aspnet-core/MyCompanyName.MyProjectName.slnx")
2026-09-07 18:06:46 INFO     [static_analyzer.engine.call_graph_builder:224] Sync probe: 41.7s (1 symbols)
2026-09-07 18:06:46 INFO     [static_analyzer.engine.progress:72] Phase 0 (open): 37% (50/132 files, 0.0s elapsed)
2026-09-07 18:06:46 INFO     [static_analyzer.engine.progress:72] Phase 0 (open): 100% (132/132 files, 0.3s elapsed)
2026-09-07 18:06:46 INFO     [static_analyzer.engine.call_graph_builder:215] did_open 132 files: 0.3s
2026-09-07 18:06:47 INFO     [static_analyzer.engine.progress:72] Phase 1 (symbols): 5% (7/132 files, 0.8s elapsed | symbols=22)
2026-09-07 18:06:51 INFO     [static_analyzer.engine.progress:72] Phase 1 (symbols): 100% (132/132 files, 4.1s elapsed | symbols=646)
2026-09-07 18:06:51 INFO     [static_analyzer.engine.call_graph_builder:199] Discovered 646 symbols across 132 files
2026-09-07 18:06:51 INFO     [static_analyzer.engine.call_graph_builder:61] Phase 1 total (discover symbols): 46.2s
2026-09-07 18:06:51 INFO     [static_analyzer.engine.call_graph_builder:65] Build indices: 0.0s
2026-09-07 18:06:51 INFO     [static_analyzer.engine.lsp_recycler:84] LSP recycler armed at a 12.0GB budget
2026-09-07 18:06:51 INFO     [static_analyzer.engine.edge_builder:673] Skipped 20 ambiguous base type name(s) for virtual dispatch
2026-09-07 18:06:51 INFO     [static_analyzer.engine.progress:72] Phase 2 (definitions): 5% (7/132 files, 0.1s elapsed | edges=2, resolved=3)
2026-09-07 18:06:57 INFO     [static_analyzer.engine.progress:72] Phase 2 (definitions): 71% (94/132 files, 5.7s elapsed | edges=125, resolved=236)
2026-09-07 18:06:59 INFO     [static_analyzer.engine.progress:72] Phase 2 (definitions): 100% (132/132 files, 8.3s elapsed | edges=168, resolved=334)
2026-09-07 18:06:59 INFO     [static_analyzer.engine.edge_builder:576] Phase 2b (implementations): 124 unique targets from 138 pending queries
2026-09-07 18:06:59 INFO     [static_analyzer.engine.progress:72] Phase 2b (impl): 40% (50/124 targets, 0.1s elapsed | edges=168, resolved=0)
2026-09-07 18:07:00 INFO     [static_analyzer.engine.progress:72] Phase 2b (impl): 100% (124/124 targets, 0.7s elapsed | edges=168, resolved=3)
2026-09-07 18:07:00 INFO     [static_analyzer.engine.edge_builder:334] Phase 2 summary: 6111 call sites, 334 def resolved, 3 impl resolved, 0 iterated, 168 raw edges
2026-09-07 18:07:00 INFO     [static_analyzer.engine.call_graph_builder:73] Phase 2 total (build edges): 9.5s, 168 edges
2026-09-07 18:07:00 INFO     [static_analyzer.engine.hierarchy_builder:57] Hierarchy: 126 class symbols to process
2026-09-07 18:07:02 INFO     [static_analyzer.engine.hierarchy_builder:105] Hierarchy complete: 126 classes, 5 inheritance links in 2.0s
2026-09-07 18:07:02 INFO     [static_analyzer.engine.call_graph_builder:82] Phase 3 (hierarchy): 2.0s
2026-09-07 18:07:02 INFO     [static_analyzer.engine.call_graph_builder:87] Phase 4 (package deps): 0.0s
2026-09-07 18:07:02 INFO     [static_analyzer.engine.call_graph_builder:110] Pipeline complete: 132 files, 646 symbols, 168 edges, 126 hierarchy entries in 57.7s
2026-09-07 18:07:02 INFO     [static_analyzer:996] CallGraphBuilder.build() for CSharp: 57.7s
2026-09-07 18:07:02 INFO     [static_analyzer.engine.result_converter:106] Converted 374 nodes, 168 edges (0 skipped) for CSharp
2026-09-07 18:07:02 INFO     [static_analyzer.engine.result_converter:116] Reference edges for CSharp: 253 ({<EdgeKind.CONTAINS: 'contains'>: 248, <EdgeKind.INHERITS: 'inherits'>: 5})
2026-09-07 18:07:02 INFO     [static_analyzer:1006] convert_to_codeboarding_format for CSharp: 0.0s
2026-09-07 18:07:02 INFO     [static_analyzer:729] Engine analysis for CSharp completed in 57.7s
2026-09-07 18:07:04 INFO     [static_analyzer:937] Diagnostics for CSharp: 132 files, 74 items (cache=0, live=132)
2026-09-07 18:07:04 INFO     [static_analyzer:726] Starting engine analysis for CSharp in /Users/svilen/Documents/Projects/ReposForTesting/abp/templates/app-nolayers/aspnet-core
2026-09-07 18:07:04 INFO     [static_analyzer:986] Analyzing 134 CSharp files
2026-09-07 18:07:04 INFO     [static_analyzer.engine.call_graph_builder:220] Waiting for LSP server indexing (timeout=600s)...
2026-09-07 18:07:41 INFO     [static_analyzer.engine.lsp_client:858] LSP server: solution loaded (csharp-ls: Finished loading solution "/Users/svilen/Documents/Projects/ReposForTesting/abp/templates/app-nolayers/aspnet-core/MyCompanyName.MyProjectName.slnx")
2026-09-07 18:07:46 INFO     [static_analyzer.engine.call_graph_builder:224] Sync probe: 41.7s (1 symbols)
2026-09-07 18:07:46 INFO     [static_analyzer.engine.progress:72] Phase 0 (open): 37% (50/134 files, 0.0s elapsed)
2026-09-07 18:07:46 INFO     [static_analyzer.engine.progress:72] Phase 0 (open): 100% (134/134 files, 0.4s elapsed)
2026-09-07 18:07:46 INFO     [static_analyzer.engine.call_graph_builder:215] did_open 134 files: 0.4s
2026-09-07 18:07:48 INFO     [static_analyzer.engine.progress:72] Phase 1 (symbols): 5% (7/134 files, 2.0s elapsed | symbols=41)
2026-09-07 18:07:51 INFO     [static_analyzer.engine.progress:72] Phase 1 (symbols): 100% (134/134 files, 4.5s elapsed | symbols=737)
2026-09-07 18:07:51 INFO     [static_analyzer.engine.call_graph_builder:199] Discovered 737 symbols across 134 files
2026-09-07 18:07:51 INFO     [static_analyzer.engine.call_graph_builder:61] Phase 1 total (discover symbols): 46.6s
2026-09-07 18:07:51 INFO     [static_analyzer.engine.call_graph_builder:65] Build indices: 0.0s
2026-09-07 18:07:51 INFO     [static_analyzer.engine.lsp_recycler:84] LSP recycler armed at a 12.0GB budget
2026-09-07 18:07:52 INFO     [static_analyzer.engine.edge_builder:673] Skipped 23 ambiguous base type name(s) for virtual dispatch
2026-09-07 18:07:52 INFO     [static_analyzer.engine.progress:72] Phase 2 (definitions): 5% (7/134 files, 0.2s elapsed | edges=21, resolved=24)
2026-09-07 18:07:58 INFO     [static_analyzer.engine.progress:72] Phase 2 (definitions): 10% (14/134 files, 5.9s elapsed | edges=22, resolved=30)
2026-09-07 18:08:03 INFO     [static_analyzer.engine.progress:72] Phase 2 (definitions): 39% (53/134 files, 11.9s elapsed | edges=106, resolved=171)
2026-09-07 18:08:09 INFO     [static_analyzer.engine.progress:72] Phase 2 (definitions): 72% (97/134 files, 16.9s elapsed | edges=228, resolved=401)
2026-09-07 18:08:12 INFO     [static_analyzer.engine.progress:72] Phase 2 (definitions): 100% (134/134 files, 20.6s elapsed | edges=308, resolved=519)
2026-09-07 18:08:12 INFO     [static_analyzer.engine.edge_builder:576] Phase 2b (implementations): 216 unique targets from 272 pending queries
2026-09-07 18:08:12 INFO     [static_analyzer.engine.progress:72] Phase 2b (impl): 23% (50/216 targets, 0.0s elapsed | edges=308, resolved=0)
2026-09-07 18:08:12 INFO     [static_analyzer.engine.progress:72] Phase 2b (impl): 100% (216/216 targets, 0.2s elapsed | edges=308, resolved=0)
2026-09-07 18:08:13 INFO     [static_analyzer.engine.edge_builder:334] Phase 2 summary: 17400 call sites, 519 def resolved, 0 impl resolved, 0 iterated, 308 raw edges
2026-09-07 18:08:13 INFO     [static_analyzer.engine.call_graph_builder:73] Phase 2 total (build edges): 22.1s, 308 edges
2026-09-07 18:08:13 INFO     [static_analyzer.engine.hierarchy_builder:57] Hierarchy: 126 class symbols to process
2026-09-07 18:08:15 INFO     [static_analyzer.engine.hierarchy_builder:105] Hierarchy complete: 126 classes, 0 inheritance links in 1.8s
2026-09-07 18:08:15 INFO     [static_analyzer.engine.call_graph_builder:82] Phase 3 (hierarchy): 1.8s
2026-09-07 18:08:15 INFO     [static_analyzer.engine.call_graph_builder:87] Phase 4 (package deps): 0.0s
2026-09-07 18:08:15 INFO     [static_analyzer.engine.call_graph_builder:110] Pipeline complete: 134 files, 737 symbols, 308 edges, 126 hierarchy entries in 70.5s
2026-09-07 18:08:15 INFO     [static_analyzer:996] CallGraphBuilder.build() for CSharp: 70.5s
2026-09-07 18:08:15 INFO     [static_analyzer.engine.result_converter:106] Converted 456 nodes, 308 edges (0 skipped) for CSharp
2026-09-07 18:08:15 INFO     [static_analyzer.engine.result_converter:116] Reference edges for CSharp: 330 ({<EdgeKind.CONTAINS: 'contains'>: 330})
2026-09-07 18:08:15 INFO     [static_analyzer:1006] convert_to_codeboarding_format for CSharp: 0.0s
2026-09-07 18:08:15 INFO     [static_analyzer:729] Engine analysis for CSharp completed in 70.6s
2026-09-07 18:08:17 INFO     [static_analyzer:937] Diagnostics for CSharp: 134 files, 86 items (cache=0, live=134)
2026-09-07 18:08:17 INFO     [static_analyzer:726] Starting engine analysis for CSharp in /Users/svilen/Documents/Projects/ReposForTesting/abp/templates/console
2026-09-07 18:08:17 INFO     [static_analyzer:986] Analyzing 4 CSharp files
2026-09-07 18:08:17 INFO     [static_analyzer.engine.call_graph_builder:220] Waiting for LSP server indexing (timeout=600s)...
2026-09-07 18:08:20 INFO     [static_analyzer.engine.lsp_client:858] LSP server: solution loaded (csharp-ls: Finished loading solution "/Users/svilen/Documents/Projects/ReposForTesting/abp/templates/console/MyCompanyName.MyProjectName.slnx")
2026-09-07 18:08:21 INFO     [static_analyzer.engine.call_graph_builder:224] Sync probe: 4.1s (1 symbols)
2026-09-07 18:08:21 INFO     [static_analyzer.engine.progress:72] Phase 0 (open): 100% (4/4 files, 0.0s elapsed)
2026-09-07 18:08:21 INFO     [static_analyzer.engine.progress:72] Phase 0 (open): 100% (4/4 files, 0.1s elapsed)
2026-09-07 18:08:21 INFO     [static_analyzer.engine.call_graph_builder:215] did_open 4 files: 0.1s
2026-09-07 18:08:21 INFO     [static_analyzer.engine.progress:72] Phase 1 (symbols): 25% (1/4 files, 0.0s elapsed | symbols=6)
2026-09-07 18:08:21 INFO     [static_analyzer.engine.progress:72] Phase 1 (symbols): 100% (4/4 files, 0.0s elapsed | symbols=18)
2026-09-07 18:08:21 INFO     [static_analyzer.engine.call_graph_builder:199] Discovered 18 symbols across 4 files
2026-09-07 18:08:21 INFO     [static_analyzer.engine.call_graph_builder:61] Phase 1 total (discover symbols): 4.3s
2026-09-07 18:08:21 INFO     [static_analyzer.engine.call_graph_builder:65] Build indices: 0.0s
2026-09-07 18:08:21 INFO     [static_analyzer.engine.lsp_recycler:84] LSP recycler armed at a 12.0GB budget
2026-09-07 18:08:21 INFO     [static_analyzer.engine.progress:72] Phase 2 (definitions): 25% (1/4 files, 0.1s elapsed | edges=0, resolved=0)
2026-09-07 18:08:21 INFO     [static_analyzer.engine.progress:72] Phase 2 (definitions): 100% (4/4 files, 0.2s elapsed | edges=2, resolved=3)
2026-09-07 18:08:21 INFO     [static_analyzer.engine.edge_builder:576] Phase 2b (implementations): 1 unique targets from 1 pending queries
2026-09-07 18:08:21 INFO     [static_analyzer.engine.progress:72] Phase 2b (impl): 100% (1/1 targets, 0.0s elapsed | edges=2, resolved=0)
2026-09-07 18:08:21 INFO     [static_analyzer.engine.progress:72] Phase 2b (impl): 100% (1/1 targets, 0.0s elapsed | edges=2, resolved=0)
2026-09-07 18:08:21 INFO     [static_analyzer.engine.edge_builder:334] Phase 2 summary: 42 call sites, 3 def resolved, 0 impl resolved, 0 iterated, 2 raw edges
2026-09-07 18:08:21 INFO     [static_analyzer.engine.call_graph_builder:73] Phase 2 total (build edges): 0.2s, 2 edges
2026-09-07 18:08:21 INFO     [static_analyzer.engine.hierarchy_builder:57] Hierarchy: 4 class symbols to process
2026-09-07 18:08:21 INFO     [static_analyzer.engine.hierarchy_builder:105] Hierarchy complete: 4 classes, 0 inheritance links in 0.1s
2026-09-07 18:08:21 INFO     [static_analyzer.engine.call_graph_builder:82] Phase 3 (hierarchy): 0.1s
2026-09-07 18:08:21 INFO     [static_analyzer.engine.call_graph_builder:87] Phase 4 (package deps): 0.0s
2026-09-07 18:08:21 INFO     [static_analyzer.engine.call_graph_builder:110] Pipeline complete: 4 files, 18 symbols, 2 edges, 4 hierarchy entries in 4.6s
2026-09-07 18:08:21 INFO     [static_analyzer:996] CallGraphBuilder.build() for CSharp: 4.6s
2026-09-07 18:08:21 INFO     [static_analyzer.engine.result_converter:106] Converted 11 nodes, 2 edges (0 skipped) for CSharp
2026-09-07 18:08:21 INFO     [static_analyzer.engine.result_converter:116] Reference edges for CSharp: 7 ({<EdgeKind.CONTAINS: 'contains'>: 7})
2026-09-07 18:08:21 INFO     [static_analyzer:1006] convert_to_codeboarding_format for CSharp: 0.0s
2026-09-07 18:08:21 INFO     [static_analyzer:729] Engine analysis for CSharp completed in 4.6s
2026-09-07 18:08:23 INFO     [static_analyzer:937] Diagnostics for CSharp: 4 files, 1 items (cache=0, live=4)
2026-09-07 18:08:23 INFO     [static_analyzer:726] Starting engine analysis for CSharp in /Users/svilen/Documents/Projects/ReposForTesting/abp/templates/maui
2026-09-07 18:08:23 INFO     [static_analyzer:986] Analyzing 14 CSharp files
2026-09-07 18:08:23 INFO     [static_analyzer.engine.call_graph_builder:220] Waiting for LSP server indexing (timeout=600s)...
2026-09-07 18:08:27 INFO     [static_analyzer.engine.lsp_client:858] LSP server: solution loaded (csharp-ls: Finished loading solution "/Users/svilen/Documents/Projects/ReposForTesting/abp/templates/maui/MyCompanyName.MyProjectName.slnx")
2026-09-07 18:08:28 INFO     [static_analyzer.engine.call_graph_builder:224] Sync probe: 4.3s (1 symbols)
2026-09-07 18:08:28 INFO     [static_analyzer.engine.progress:72] Phase 0 (open): 100% (14/14 files, 0.0s elapsed)
2026-09-07 18:08:28 INFO     [static_analyzer.engine.progress:72] Phase 0 (open): 100% (14/14 files, 0.1s elapsed)
2026-09-07 18:08:28 INFO     [static_analyzer.engine.call_graph_builder:215] did_open 14 files: 0.1s
2026-09-07 18:08:28 INFO     [static_analyzer.engine.progress:72] Phase 1 (symbols): 14% (2/14 files, 0.0s elapsed | symbols=9)
2026-09-07 18:08:28 INFO     [static_analyzer.engine.progress:72] Phase 1 (symbols): 100% (14/14 files, 0.1s elapsed | symbols=61)
2026-09-07 18:08:28 INFO     [static_analyzer.engine.call_graph_builder:199] Discovered 61 symbols across 14 files
2026-09-07 18:08:28 INFO     [static_analyzer.engine.call_graph_builder:61] Phase 1 total (discover symbols): 4.6s
2026-09-07 18:08:28 INFO     [static_analyzer.engine.call_graph_builder:65] Build indices: 0.0s
2026-09-07 18:08:28 INFO     [static_analyzer.engine.lsp_recycler:84] LSP recycler armed at a 12.0GB budget
2026-09-07 18:08:28 INFO     [static_analyzer.engine.edge_builder:673] Skipped 3 ambiguous base type name(s) for virtual dispatch
2026-09-07 18:08:28 INFO     [static_analyzer.engine.progress:72] Phase 2 (definitions): 14% (2/14 files, 0.1s elapsed | edges=2, resolved=1)
2026-09-07 18:08:28 INFO     [static_analyzer.engine.progress:72] Phase 2 (definitions): 100% (14/14 files, 0.2s elapsed | edges=22, resolved=22)
2026-09-07 18:08:28 INFO     [static_analyzer.engine.edge_builder:576] Phase 2b (implementations): 5 unique targets from 9 pending queries
2026-09-07 18:08:28 INFO     [static_analyzer.engine.progress:72] Phase 2b (impl): 100% (5/5 targets, 0.0s elapsed | edges=22, resolved=0)
2026-09-07 18:08:28 INFO     [static_analyzer.engine.progress:72] Phase 2b (impl): 100% (5/5 targets, 0.0s elapsed | edges=22, resolved=0)
2026-09-07 18:08:28 INFO     [static_analyzer.engine.edge_builder:334] Phase 2 summary: 53 call sites, 22 def resolved, 0 impl resolved, 0 iterated, 22 raw edges
2026-09-07 18:08:28 INFO     [static_analyzer.engine.call_graph_builder:73] Phase 2 total (build edges): 0.2s, 22 edges
2026-09-07 18:08:28 INFO     [static_analyzer.engine.hierarchy_builder:57] Hierarchy: 14 class symbols to process
2026-09-07 18:08:28 INFO     [static_analyzer.engine.hierarchy_builder:105] Hierarchy complete: 14 classes, 0 inheritance links in 0.2s
2026-09-07 18:08:28 INFO     [static_analyzer.engine.call_graph_builder:82] Phase 3 (hierarchy): 0.2s
2026-09-07 18:08:28 INFO     [static_analyzer.engine.call_graph_builder:87] Phase 4 (package deps): 0.0s
2026-09-07 18:08:28 INFO     [static_analyzer.engine.call_graph_builder:110] Pipeline complete: 14 files, 61 symbols, 22 edges, 14 hierarchy entries in 5.0s
2026-09-07 18:08:28 INFO     [static_analyzer:996] CallGraphBuilder.build() for CSharp: 5.0s
2026-09-07 18:08:28 INFO     [static_analyzer.engine.result_converter:106] Converted 32 nodes, 22 edges (0 skipped) for CSharp
2026-09-07 18:08:28 INFO     [static_analyzer.engine.result_converter:116] Reference edges for CSharp: 18 ({<EdgeKind.CONTAINS: 'contains'>: 18})
2026-09-07 18:08:28 INFO     [static_analyzer:1006] convert_to_codeboarding_format for CSharp: 0.0s
2026-09-07 18:08:28 INFO     [static_analyzer:729] Engine analysis for CSharp completed in 5.0s
2026-09-07 18:08:30 INFO     [static_analyzer:937] Diagnostics for CSharp: 14 files, 102 items (cache=0, live=14)
2026-09-07 18:08:30 INFO     [static_analyzer:726] Starting engine analysis for CSharp in /Users/svilen/Documents/Projects/ReposForTesting/abp/templates/module/aspnet-core
2026-09-07 18:08:30 INFO     [static_analyzer:986] Analyzing 100 CSharp files
2026-09-07 18:08:30 INFO     [static_analyzer.engine.call_graph_builder:220] Waiting for LSP server indexing (timeout=600s)...
2026-09-07 18:09:04 INFO     [static_analyzer.engine.lsp_client:858] LSP server: solution loaded (csharp-ls: Finished loading solution "/Users/svilen/Documents/Projects/ReposForTesting/abp/templates/module/aspnet-core/MyCompanyName.MyProjectName.slnx")
2026-09-07 18:09:09 INFO     [static_analyzer.engine.call_graph_builder:224] Sync probe: 38.3s (1 symbols)
2026-09-07 18:09:09 INFO     [static_analyzer.engine.progress:72] Phase 0 (open): 50% (50/100 files, 0.0s elapsed)
2026-09-07 18:09:09 INFO     [static_analyzer.engine.progress:72] Phase 0 (open): 100% (100/100 files, 0.2s elapsed)
2026-09-07 18:09:09 INFO     [static_analyzer.engine.call_graph_builder:215] did_open 100 files: 0.2s
2026-09-07 18:09:11 INFO     [static_analyzer.engine.progress:72] Phase 1 (symbols): 5% (5/100 files, 1.6s elapsed | symbols=23)
2026-09-07 18:09:13 INFO     [static_analyzer.engine.progress:72] Phase 1 (symbols): 100% (100/100 files, 4.2s elapsed | symbols=399)
2026-09-07 18:09:13 INFO     [static_analyzer.engine.call_graph_builder:199] Discovered 399 symbols across 100 files
2026-09-07 18:09:13 INFO     [static_analyzer.engine.call_graph_builder:61] Phase 1 total (discover symbols): 42.7s
2026-09-07 18:09:13 INFO     [static_analyzer.engine.call_graph_builder:65] Build indices: 0.0s
2026-09-07 18:09:13 INFO     [static_analyzer.engine.lsp_recycler:84] LSP recycler armed at a 12.0GB budget
2026-09-07 18:09:14 INFO     [static_analyzer.engine.edge_builder:673] Skipped 13 ambiguous base type name(s) for virtual dispatch
2026-09-07 18:09:19 INFO     [static_analyzer.engine.progress:72] Phase 2 (definitions): 5% (5/100 files, 4.8s elapsed | edges=3, resolved=5)
2026-09-07 18:09:24 INFO     [static_analyzer.engine.progress:72] Phase 2 (definitions): 50% (50/100 files, 10.2s elapsed | edges=45, resolved=100)
2026-09-07 18:09:26 INFO     [static_analyzer.engine.progress:72] Phase 2 (definitions): 100% (100/100 files, 12.1s elapsed | edges=67, resolved=139)
2026-09-07 18:09:26 INFO     [static_analyzer.engine.edge_builder:576] Phase 2b (implementations): 35 unique targets from 42 pending queries
2026-09-07 18:09:26 INFO     [static_analyzer.engine.progress:72] Phase 2b (impl): 100% (35/35 targets, 0.6s elapsed | edges=67, resolved=2)
2026-09-07 18:09:26 INFO     [static_analyzer.engine.progress:72] Phase 2b (impl): 100% (35/35 targets, 0.6s elapsed | edges=67, resolved=2)
2026-09-07 18:09:27 INFO     [static_analyzer.engine.edge_builder:334] Phase 2 summary: 10867 call sites, 139 def resolved, 2 impl resolved, 0 iterated, 67 raw edges
2026-09-07 18:09:27 INFO     [static_analyzer.engine.call_graph_builder:73] Phase 2 total (build edges): 13.6s, 67 edges
2026-09-07 18:09:27 INFO     [static_analyzer.engine.hierarchy_builder:57] Hierarchy: 100 class symbols to process
2026-09-07 18:09:28 INFO     [static_analyzer.engine.hierarchy_builder:105] Hierarchy complete: 100 classes, 8 inheritance links in 1.4s
2026-09-07 18:09:28 INFO     [static_analyzer.engine.call_graph_builder:82] Phase 3 (hierarchy): 1.4s
2026-09-07 18:09:28 INFO     [static_analyzer.engine.call_graph_builder:87] Phase 4 (package deps): 0.0s
2026-09-07 18:09:28 INFO     [static_analyzer.engine.call_graph_builder:110] Pipeline complete: 100 files, 399 symbols, 67 edges, 100 hierarchy entries in 57.7s
2026-09-07 18:09:28 INFO     [static_analyzer:996] CallGraphBuilder.build() for CSharp: 57.7s
2026-09-07 18:09:28 INFO     [static_analyzer.engine.result_converter:106] Converted 227 nodes, 67 edges (0 skipped) for CSharp
2026-09-07 18:09:28 INFO     [static_analyzer.engine.result_converter:116] Reference edges for CSharp: 135 ({<EdgeKind.CONTAINS: 'contains'>: 127, <EdgeKind.INHERITS: 'inherits'>: 8})
2026-09-07 18:09:28 INFO     [static_analyzer:1006] convert_to_codeboarding_format for CSharp: 0.0s
2026-09-07 18:09:28 INFO     [static_analyzer:729] Engine analysis for CSharp completed in 57.7s
2026-09-07 18:09:30 INFO     [static_analyzer:937] Diagnostics for CSharp: 100 files, 57 items (cache=0, live=100)
2026-09-07 18:09:30 INFO     [static_analyzer:726] Starting engine analysis for CSharp in /Users/svilen/Documents/Projects/ReposForTesting/abp/templates/wpf
2026-09-07 18:09:30 INFO     [static_analyzer:986] Analyzing 5 CSharp files
2026-09-07 18:09:30 INFO     [static_analyzer.engine.call_graph_builder:220] Waiting for LSP server indexing (timeout=600s)...
2026-09-07 18:09:33 INFO     [static_analyzer.engine.lsp_client:858] LSP server: solution loaded (csharp-ls: Finished loading solution "/Users/svilen/Documents/Projects/ReposForTesting/abp/templates/wpf/MyCompanyName.MyProjectName.slnx")
2026-09-07 18:09:34 INFO     [static_analyzer.engine.call_graph_builder:224] Sync probe: 4.1s (1 symbols)
2026-09-07 18:09:34 INFO     [static_analyzer.engine.progress:72] Phase 0 (open): 100% (5/5 files, 0.0s elapsed)
2026-09-07 18:09:34 INFO     [static_analyzer.engine.progress:72] Phase 0 (open): 100% (5/5 files, 0.1s elapsed)
2026-09-07 18:09:34 INFO     [static_analyzer.engine.call_graph_builder:215] did_open 5 files: 0.1s
2026-09-07 18:09:34 INFO     [static_analyzer.engine.progress:72] Phase 1 (symbols): 20% (1/5 files, 0.0s elapsed | symbols=9)
2026-09-07 18:09:34 INFO     [static_analyzer.engine.progress:72] Phase 1 (symbols): 100% (5/5 files, 0.0s elapsed | symbols=26)
2026-09-07 18:09:34 INFO     [static_analyzer.engine.call_graph_builder:199] Discovered 26 symbols across 5 files
2026-09-07 18:09:34 INFO     [static_analyzer.engine.call_graph_builder:61] Phase 1 total (discover symbols): 4.2s
2026-09-07 18:09:34 INFO     [static_analyzer.engine.call_graph_builder:65] Build indices: 0.0s
2026-09-07 18:09:34 INFO     [static_analyzer.engine.lsp_recycler:84] LSP recycler armed at a 12.0GB budget
2026-09-07 18:09:35 INFO     [static_analyzer.engine.progress:72] Phase 2 (definitions): 20% (1/5 files, 0.1s elapsed | edges=0, resolved=0)
2026-09-07 18:09:35 INFO     [static_analyzer.engine.progress:72] Phase 2 (definitions): 100% (5/5 files, 0.1s elapsed | edges=2, resolved=2)
2026-09-07 18:09:35 INFO     [static_analyzer.engine.edge_builder:576] Phase 2b (implementations): 1 unique targets from 1 pending queries
2026-09-07 18:09:35 INFO     [static_analyzer.engine.progress:72] Phase 2b (impl): 100% (1/1 targets, 0.0s elapsed | edges=2, resolved=0)
2026-09-07 18:09:35 INFO     [static_analyzer.engine.progress:72] Phase 2b (impl): 100% (1/1 targets, 0.0s elapsed | edges=2, resolved=0)
2026-09-07 18:09:35 INFO     [static_analyzer.engine.edge_builder:334] Phase 2 summary: 30 call sites, 2 def resolved, 0 impl resolved, 0 iterated, 2 raw edges
2026-09-07 18:09:35 INFO     [static_analyzer.engine.call_graph_builder:73] Phase 2 total (build edges): 0.1s, 2 edges
2026-09-07 18:09:35 INFO     [static_analyzer.engine.hierarchy_builder:57] Hierarchy: 4 class symbols to process
2026-09-07 18:09:35 INFO     [static_analyzer.engine.hierarchy_builder:105] Hierarchy complete: 4 classes, 0 inheritance links in 0.1s
2026-09-07 18:09:35 INFO     [static_analyzer.engine.call_graph_builder:82] Phase 3 (hierarchy): 0.1s
2026-09-07 18:09:35 INFO     [static_analyzer.engine.call_graph_builder:87] Phase 4 (package deps): 0.0s
2026-09-07 18:09:35 INFO     [static_analyzer.engine.call_graph_builder:110] Pipeline complete: 5 files, 26 symbols, 2 edges, 4 hierarchy entries in 4.5s
2026-09-07 18:09:35 INFO     [static_analyzer:996] CallGraphBuilder.build() for CSharp: 4.5s
2026-09-07 18:09:35 INFO     [static_analyzer.engine.result_converter:106] Converted 11 nodes, 2 edges (0 skipped) for CSharp
2026-09-07 18:09:35 INFO     [static_analyzer.engine.result_converter:116] Reference edges for CSharp: 7 ({<EdgeKind.CONTAINS: 'contains'>: 7})
2026-09-07 18:09:35 INFO     [static_analyzer:1006] convert_to_codeboarding_format for CSharp: 0.0s
2026-09-07 18:09:35 INFO     [static_analyzer:729] Engine analysis for CSharp completed in 4.5s
2026-09-07 18:09:37 INFO     [static_analyzer:937] Diagnostics for CSharp: 5 files, 95 items (cache=0, live=5)
2026-09-07 18:09:37 INFO     [static_analyzer:726] Starting engine analysis for CSharp in /Users/svilen/Documents/Projects/ReposForTesting/abp/tools/localization-key-synchronizer
2026-09-07 18:09:37 INFO     [static_analyzer:986] Analyzing 11 CSharp files
2026-09-07 18:09:37 INFO     [static_analyzer.engine.call_graph_builder:220] Waiting for LSP server indexing (timeout=600s)...
2026-09-07 18:09:39 INFO     [static_analyzer.engine.lsp_client:858] LSP server: solution loaded (csharp-ls: Finished loading solution "/Users/svilen/Documents/Projects/ReposForTesting/abp/tools/localization-key-synchronizer/LocalizationKeySynchronizer.slnx")
2026-09-07 18:09:40 INFO     [static_analyzer.engine.call_graph_builder:224] Sync probe: 2.8s (1 symbols)
2026-09-07 18:09:40 INFO     [static_analyzer.engine.progress:72] Phase 0 (open): 100% (11/11 files, 0.0s elapsed)
2026-09-07 18:09:40 INFO     [static_analyzer.engine.progress:72] Phase 0 (open): 100% (11/11 files, 0.1s elapsed)
2026-09-07 18:09:40 INFO     [static_analyzer.engine.call_graph_builder:215] did_open 11 files: 0.1s
2026-09-07 18:09:40 INFO     [static_analyzer.engine.progress:72] Phase 1 (symbols): 18% (2/11 files, 0.1s elapsed | symbols=14)
2026-09-07 18:09:40 INFO     [static_analyzer.engine.progress:72] Phase 1 (symbols): 100% (11/11 files, 0.1s elapsed | symbols=102)
2026-09-07 18:09:40 INFO     [static_analyzer.engine.call_graph_builder:199] Discovered 102 symbols across 11 files
2026-09-07 18:09:40 INFO     [static_analyzer.engine.call_graph_builder:61] Phase 1 total (discover symbols): 3.0s
2026-09-07 18:09:40 INFO     [static_analyzer.engine.call_graph_builder:65] Build indices: 0.0s
2026-09-07 18:09:40 INFO     [static_analyzer.engine.lsp_recycler:84] LSP recycler armed at a 12.0GB budget
2026-09-07 18:09:40 INFO     [static_analyzer.engine.edge_builder:673] Skipped 1 ambiguous base type name(s) for virtual dispatch
2026-09-07 18:09:40 INFO     [static_analyzer.engine.progress:72] Phase 2 (definitions): 18% (2/11 files, 0.1s elapsed | edges=0, resolved=5)
2026-09-07 18:09:40 INFO     [static_analyzer.engine.progress:72] Phase 2 (definitions): 100% (11/11 files, 0.3s elapsed | edges=47, resolved=106)
2026-09-07 18:09:40 INFO     [static_analyzer.engine.edge_builder:576] Phase 2b (implementations): 21 unique targets from 33 pending queries
2026-09-07 18:09:40 INFO     [static_analyzer.engine.progress:72] Phase 2b (impl): 100% (21/21 targets, 0.0s elapsed | edges=47, resolved=0)
2026-09-07 18:09:40 INFO     [static_analyzer.engine.progress:72] Phase 2b (impl): 100% (21/21 targets, 0.0s elapsed | edges=47, resolved=0)
2026-09-07 18:09:40 INFO     [static_analyzer.engine.edge_builder:334] Phase 2 summary: 293 call sites, 106 def resolved, 0 impl resolved, 0 iterated, 47 raw edges
2026-09-07 18:09:40 INFO     [static_analyzer.engine.call_graph_builder:73] Phase 2 total (build edges): 0.3s, 47 edges
2026-09-07 18:09:40 INFO     [static_analyzer.engine.hierarchy_builder:57] Hierarchy: 16 class symbols to process
2026-09-07 18:09:40 INFO     [static_analyzer.engine.hierarchy_builder:105] Hierarchy complete: 16 classes, 2 inheritance links in 0.2s
2026-09-07 18:09:40 INFO     [static_analyzer.engine.call_graph_builder:82] Phase 3 (hierarchy): 0.2s
2026-09-07 18:09:40 INFO     [static_analyzer.engine.call_graph_builder:87] Phase 4 (package deps): 0.0s
2026-09-07 18:09:40 INFO     [static_analyzer.engine.call_graph_builder:110] Pipeline complete: 11 files, 102 symbols, 47 edges, 16 hierarchy entries in 3.6s
2026-09-07 18:09:40 INFO     [static_analyzer:996] CallGraphBuilder.build() for CSharp: 3.6s
2026-09-07 18:09:40 INFO     [static_analyzer.engine.result_converter:106] Converted 39 nodes, 47 edges (0 skipped) for CSharp
2026-09-07 18:09:40 INFO     [static_analyzer.engine.result_converter:116] Reference edges for CSharp: 24 ({<EdgeKind.CONTAINS: 'contains'>: 22, <EdgeKind.INHERITS: 'inherits'>: 2})
2026-09-07 18:09:40 INFO     [static_analyzer:1006] convert_to_codeboarding_format for CSharp: 0.0s
2026-09-07 18:09:40 INFO     [static_analyzer:729] Engine analysis for CSharp completed in 3.6s
2026-09-07 18:09:42 INFO     [static_analyzer:937] Diagnostics for CSharp: 11 files, 20 items (cache=0, live=11)
2026-09-07 18:09:42 INFO     [static_analyzer:726] Starting engine analysis for Go in /Users/svilen/Documents/Projects/ReposForTesting/abp
2026-09-07 18:09:42 INFO     [static_analyzer:986] Analyzing 8 Go files
2026-09-07 18:09:42 INFO     [static_analyzer.engine.call_graph_builder:220] Waiting for LSP server indexing (timeout=76s)...
2026-09-07 18:09:42 INFO     [static_analyzer.engine.call_graph_builder:224] Sync probe: 0.0s (4 symbols)
2026-09-07 18:09:43 INFO     [static_analyzer.engine.progress:72] Phase 1 (symbols): 12% (1/8 files, 0.4s elapsed | symbols=20)
2026-09-07 18:09:43 INFO     [static_analyzer.engine.progress:72] Phase 1 (symbols): 100% (8/8 files, 0.5s elapsed | symbols=86)
2026-09-07 18:09:43 INFO     [static_analyzer.engine.call_graph_builder:199] Discovered 86 symbols across 8 files
2026-09-07 18:09:43 INFO     [static_analyzer.engine.call_graph_builder:240] Phase 1.5 (warmup): triggering LSP index build with a single references request...
2026-09-07 18:09:43 WARNING  [static_analyzer.engine.lsp_client:634] LSP error for request 11 (textDocument/references): {'code': 0, 'message': 'no identifier found'}
2026-09-07 18:09:43 INFO     [static_analyzer.engine.call_graph_builder:246] Phase 1.5 (warmup): completed in 0.0s
2026-09-07 18:09:43 INFO     [static_analyzer.engine.call_graph_builder:61] Phase 1 total (discover symbols): 0.5s
2026-09-07 18:09:43 INFO     [static_analyzer.engine.call_graph_builder:65] Build indices: 0.0s
2026-09-07 18:09:43 INFO     [static_analyzer.engine.edge_builder:209] Phase 2 (edges): 36 trackable symbols at 36 unique positions (0% dedup)
2026-09-07 18:09:43 INFO     [static_analyzer.engine.progress:72] Phase 2 (edges): 27% (10/36 poss, 0.0s elapsed | edges=8, files=8)
2026-09-07 18:09:43 INFO     [static_analyzer.engine.progress:72] Phase 2 (edges): 100% (36/36 poss, 0.1s elapsed | edges=24, files=8)
2026-09-07 18:09:43 INFO     [static_analyzer.engine.edge_builder:167] Phase 2 (edges): 37/72 references were call sites (49% filtered out)
2026-09-07 18:09:43 INFO     [static_analyzer.engine.call_graph_builder:73] Phase 2 total (build edges): 0.1s, 24 edges
2026-09-07 18:09:43 INFO     [static_analyzer.engine.hierarchy_builder:57] Hierarchy: 5 class symbols to process
2026-09-07 18:09:43 INFO     [static_analyzer.engine.hierarchy_builder:105] Hierarchy complete: 5 classes, 0 inheritance links in 0.0s
2026-09-07 18:09:43 INFO     [static_analyzer.engine.call_graph_builder:82] Phase 3 (hierarchy): 0.0s
2026-09-07 18:09:43 INFO     [static_analyzer.engine.call_graph_builder:87] Phase 4 (package deps): 0.0s
2026-09-07 18:09:43 INFO     [static_analyzer.engine.call_graph_builder:110] Pipeline complete: 8 files, 86 symbols, 24 edges, 5 hierarchy entries in 0.6s
2026-09-07 18:09:43 INFO     [static_analyzer:996] CallGraphBuilder.build() for Go: 0.6s
2026-09-07 18:09:43 INFO     [static_analyzer.engine.result_converter:106] Converted 34 nodes, 24 edges (0 skipped) for Go
2026-09-07 18:09:43 INFO     [static_analyzer.engine.result_converter:116] Reference edges for Go: 0 ({})
2026-09-07 18:09:43 INFO     [static_analyzer:1006] convert_to_codeboarding_format for Go: 0.0s
2026-09-07 18:09:43 INFO     [static_analyzer:729] Engine analysis for Go completed in 0.6s
2026-09-07 18:09:43 INFO     [static_analyzer:937] Diagnostics for Go: 1 files, 0 items (cache=0, live=1)
2026-09-07 18:09:43 INFO     [static_analyzer:726] Starting engine analysis for TypeScript in /Users/svilen/Documents/Projects/ReposForTesting/abp
2026-09-07 18:09:43 INFO     [static_analyzer:986] Analyzing 324 TypeScript files
2026-09-07 18:09:43 INFO     [static_analyzer.engine.progress:72] Phase 0 (open): 15% (50/324 files, 0.0s elapsed)
2026-09-07 18:09:44 INFO     [static_analyzer.engine.progress:72] Phase 0 (open): 100% (324/324 files, 0.8s elapsed)
2026-09-07 18:09:44 INFO     [static_analyzer.engine.call_graph_builder:215] did_open 324 files: 0.8s
2026-09-07 18:09:44 INFO     [static_analyzer.engine.call_graph_builder:220] Waiting for LSP server indexing (timeout=708s)...
2026-09-07 18:09:45 INFO     [static_analyzer.engine.call_graph_builder:224] Sync probe: 1.1s (3 symbols)
2026-09-07 18:09:45 INFO     [static_analyzer.engine.progress:72] Phase 1 (symbols): 1% (4/324 files, 0.0s elapsed | symbols=14)
2026-09-07 18:09:46 INFO     [static_analyzer.engine.progress:72] Phase 1 (symbols): 100% (324/324 files, 1.3s elapsed | symbols=16938)
2026-09-07 18:09:46 INFO     [static_analyzer.engine.call_graph_builder:199] Discovered 16938 symbols across 324 files
2026-09-07 18:09:46 INFO     [static_analyzer.engine.call_graph_builder:61] Phase 1 total (discover symbols): 3.3s
2026-09-07 18:09:46 INFO     [static_analyzer.engine.call_graph_builder:65] Build indices: 0.0s
2026-09-07 18:09:46 INFO     [static_analyzer.engine.edge_builder:209] Phase 2 (edges): 4702 trackable symbols at 2086 unique positions (56% dedup)
2026-09-07 18:09:49 INFO     [static_analyzer.engine.progress:72] Phase 2 (edges): 2% (50/2086 poss, 2.4s elapsed | edges=54, files=301)
2026-09-07 18:09:53 INFO     [static_analyzer.engine.progress:72] Phase 2 (edges): 100% (2086/2086 poss, 6.3s elapsed | edges=1798, files=301)
2026-09-07 18:09:53 INFO     [static_analyzer.engine.edge_builder:167] Phase 2 (edges): 3195/46416 references were call sites (93% filtered out)
2026-09-07 18:09:53 INFO     [static_analyzer.engine.call_graph_builder:303] Removed 15 alias self-edges (same definition location)
2026-09-07 18:09:53 INFO     [static_analyzer.engine.call_graph_builder:73] Phase 2 total (build edges): 6.4s, 1263 edges
2026-09-07 18:09:53 INFO     [static_analyzer.engine.hierarchy_builder:57] Hierarchy: 98 class symbols to process
2026-09-07 18:09:53 INFO     [static_analyzer.engine.hierarchy_builder:95] Type hierarchy not supported by server, skipping remaining classes
2026-09-07 18:09:53 INFO     [static_analyzer.engine.hierarchy_builder:101] Type hierarchy not supported, inferring from source code
2026-09-07 18:09:53 INFO     [static_analyzer.engine.hierarchy_builder:105] Hierarchy complete: 98 classes, 0 inheritance links in 0.0s
2026-09-07 18:09:53 INFO     [static_analyzer.engine.call_graph_builder:82] Phase 3 (hierarchy): 0.0s
2026-09-07 18:09:53 INFO     [static_analyzer.engine.call_graph_builder:87] Phase 4 (package deps): 0.1s
2026-09-07 18:09:53 INFO     [static_analyzer.engine.call_graph_builder:110] Pipeline complete: 324 files, 16938 symbols, 1263 edges, 98 hierarchy entries in 9.8s
2026-09-07 18:09:53 INFO     [static_analyzer:996] CallGraphBuilder.build() for TypeScript: 9.8s
2026-09-07 18:09:53 INFO     [static_analyzer.engine.result_converter:106] Converted 1898 nodes, 1263 edges (0 skipped) for TypeScript
2026-09-07 18:09:53 INFO     [static_analyzer.engine.result_converter:116] Reference edges for TypeScript: 249 ({<EdgeKind.CONTAINS: 'contains'>: 249})
2026-09-07 18:09:53 INFO     [static_analyzer:1006] convert_to_codeboarding_format for TypeScript: 0.1s
2026-09-07 18:09:53 INFO     [static_analyzer:729] Engine analysis for TypeScript completed in 9.9s
2026-09-07 18:09:53 INFO     [static_analyzer:937] Diagnostics for TypeScript: 324 files, 596 items (cache=0, live=324)
2026-09-07 18:09:53 INFO     [static_analyzer:806] Static analysis complete: csharp: 6284 files, 38073 references, 24146 nodes, 33335 edges; go: 8 files, 61 references, 34 nodes, 24 edges; typescript: 324 files, 3256 references, 1898 nodes, 1263 edges
2026-09-07 18:10:03 INFO     [static_analyzer:1020] Type references for csharp: 163509 sites -> 29887 edges (37785 resolved, 120216 unknown, 2360 ambiguous) in 10.0s
2026-09-07 18:10:03 INFO     [static_analyzer:1020] Type references for go: 0 sites -> 0 edges (0 resolved, 0 unknown, 0 ambiguous) in 0.0s
2026-09-07 18:10:04 INFO     [static_analyzer:1020] Type references for typescript: 348 sites -> 36 edges (57 resolved, 169 unknown, 0 ambiguous) in 0.7s
2026-09-07 18:10:19 INFO     [health.checks.unused_code_diagnostics:178] Processed 2235 diagnostics: 1130 recognized as unused code issues, 1105 skipped
2026-09-07 18:10:19 INFO     [health.checks.unused_code_diagnostics:181] Issues by category: {'unused_import': 1099, 'unused_variable': 7, 'unreachable_code': 24}
2026-09-07 18:10:19 INFO     [health.checks.unused_code_diagnostics:178] Processed 0 diagnostics: 0 recognized as unused code issues, 0 skipped
2026-09-07 18:10:19 INFO     [health.checks.unused_code_diagnostics:181] Issues by category: {}
2026-09-07 18:10:19 INFO     [health.checks.unused_code_diagnostics:178] Processed 596 diagnostics: 152 recognized as unused code issues, 444 skipped
2026-09-07 18:10:19 INFO     [health.checks.unused_code_diagnostics:181] Issues by category: {'unused_variable': 152}
2026-09-07 18:10:19 INFO     [diagram_analysis.diagram_generator:1125] Health report written to /Users/svilen/Documents/Projects/ReposForTesting/abp/.codeboarding/health/health_report.json (score: 0.929)
2026-09-07 18:10:19 INFO     [diagram_analysis.diagram_generator:1378] Generating initial analysis
2026-09-07 18:10:26 INFO     [diagram_analysis.scope_assembly:93] Component symbol coverage: 25749/25749 assigned
2026-09-07 18:10:26 INFO     [diagram_analysis.scope_assembly:320] Merged relations: 30 total (30 static-backed, 0 semantic-only)
2026-09-07 18:10:26 INFO     [agents.llm_config:353] Using Openai LLM with model: Kimi-K2.6
2026-09-07 18:10:36 INFO     [httpx:1025] HTTP Request: POST https://codeboarding-llm-api.openai.azure.com/openai/v1/chat/completions "HTTP/1.1 400 Bad Request"
2026-09-07 18:10:36 ERROR    [diagram_analysis.diagram_generator:801] Semantic analysis failed for scope root; retaining deterministic output
Traceback (most recent call last):
  File "/Users/svilen/Documents/Projects/CodeBoarding-Workspace/wt-core-main/diagram_analysis/diagram_generator.py", line 789, in _apply_scope_semantics
    semantics = self._scope_agent().analyze(
                ^^^^^^^^^^^^^^^^^^^^^^^^^^^^
  File "/Users/svilen/Documents/Projects/CodeBoarding-Workspace/wt-core-main/agents/scope_analysis_agent.py", line 150, in analyze
    response = agent.invoke(
               ^^^^^^^^^^^^^
  File "/Users/svilen/Documents/Projects/CodeBoarding-Workspace/wt-core-main/.venv/lib/python3.12/site-packages/langgraph/pregel/main.py", line 3071, in invoke
    for chunk in self.stream(
                 ^^^^^^^^^^^^
  File "/Users/svilen/Documents/Projects/CodeBoarding-Workspace/wt-core-main/.venv/lib/python3.12/site-packages/langgraph/pregel/main.py", line 2646, in stream
    for _ in runner.tick(
             ^^^^^^^^^^^^
  File "/Users/svilen/Documents/Projects/CodeBoarding-Workspace/wt-core-main/.venv/lib/python3.12/site-packages/langgraph/pregel/_runner.py", line 167, in tick
    run_with_retry(
  File "/Users/svilen/Documents/Projects/CodeBoarding-Workspace/wt-core-main/.venv/lib/python3.12/site-packages/langgraph/pregel/_retry.py", line 42, in run_with_retry
    return task.proc.invoke(task.input, config)
           ^^^^^^^^^^^^^^^^^^^^^^^^^^^^^^^^^^^^
  File "/Users/svilen/Documents/Projects/CodeBoarding-Workspace/wt-core-main/.venv/lib/python3.12/site-packages/langgraph/_internal/_runnable.py", line 656, in invoke
    input = context.run(step.invoke, input, config, **kwargs)
            ^^^^^^^^^^^^^^^^^^^^^^^^^^^^^^^^^^^^^^^^^^^^^^^^^
  File "/Users/svilen/Documents/Projects/CodeBoarding-Workspace/wt-core-main/.venv/lib/python3.12/site-packages/langgraph/_internal/_runnable.py", line 400, in invoke
    ret = self.func(*args, **kwargs)
          ^^^^^^^^^^^^^^^^^^^^^^^^^^
  File "/Users/svilen/Documents/Projects/CodeBoarding-Workspace/wt-core-main/.venv/lib/python3.12/site-packages/langchain/agents/factory.py", line 1131, in model_node
    response = _execute_model_sync(request)
               ^^^^^^^^^^^^^^^^^^^^^^^^^^^^
  File "/Users/svilen/Documents/Projects/CodeBoarding-Workspace/wt-core-main/.venv/lib/python3.12/site-packages/langchain/agents/factory.py", line 1102, in _execute_model_sync
    output = model_.invoke(messages)
             ^^^^^^^^^^^^^^^^^^^^^^^
  File "/Users/svilen/Documents/Projects/CodeBoarding-Workspace/wt-core-main/.venv/lib/python3.12/site-packages/langchain_core/runnables/base.py", line 5557, in invoke
    return self.bound.invoke(
           ^^^^^^^^^^^^^^^^^^
  File "/Users/svilen/Documents/Projects/CodeBoarding-Workspace/wt-core-main/.venv/lib/python3.12/site-packages/langchain_core/language_models/chat_models.py", line 398, in invoke
    self.generate_prompt(
  File "/Users/svilen/Documents/Projects/CodeBoarding-Workspace/wt-core-main/.venv/lib/python3.12/site-packages/langchain_core/language_models/chat_models.py", line 1117, in generate_prompt
    return self.generate(prompt_messages, stop=stop, callbacks=callbacks, **kwargs)
           ^^^^^^^^^^^^^^^^^^^^^^^^^^^^^^^^^^^^^^^^^^^^^^^^^^^^^^^^^^^^^^^^^^^^^^^^
  File "/Users/svilen/Documents/Projects/CodeBoarding-Workspace/wt-core-main/.venv/lib/python3.12/site-packages/langchain_core/language_models/chat_models.py", line 927, in generate
    self._generate_with_cache(
  File "/Users/svilen/Documents/Projects/CodeBoarding-Workspace/wt-core-main/.venv/lib/python3.12/site-packages/langchain_core/language_models/chat_models.py", line 1221, in _generate_with_cache
    result = self._generate(
             ^^^^^^^^^^^^^^^
  File "/Users/svilen/Documents/Projects/CodeBoarding-Workspace/wt-core-main/.venv/lib/python3.12/site-packages/langchain_openai/chat_models/base.py", line 1380, in _generate
    raise e
  File "/Users/svilen/Documents/Projects/CodeBoarding-Workspace/wt-core-main/.venv/lib/python3.12/site-packages/langchain_openai/chat_models/base.py", line 1375, in _generate
    raw_response = self.client.with_raw_response.create(**payload)
                   ^^^^^^^^^^^^^^^^^^^^^^^^^^^^^^^^^^^^^^^^^^^^^^^
  File "/Users/svilen/Documents/Projects/CodeBoarding-Workspace/wt-core-main/.venv/lib/python3.12/site-packages/openai/_legacy_response.py", line 364, in wrapped
    return cast(LegacyAPIResponse[R], func(*args, **kwargs))
                                      ^^^^^^^^^^^^^^^^^^^^^
  File "/Users/svilen/Documents/Projects/CodeBoarding-Workspace/wt-core-main/.venv/lib/python3.12/site-packages/openai/_utils/_utils.py", line 286, in wrapper
    return func(*args, **kwargs)
           ^^^^^^^^^^^^^^^^^^^^^
  File "/Users/svilen/Documents/Projects/CodeBoarding-Workspace/wt-core-main/.venv/lib/python3.12/site-packages/openai/resources/chat/completions/completions.py", line 1147, in create
    return self._post(
           ^^^^^^^^^^^
  File "/Users/svilen/Documents/Projects/CodeBoarding-Workspace/wt-core-main/.venv/lib/python3.12/site-packages/openai/_base_client.py", line 1259, in post
    return cast(ResponseT, self.request(cast_to, opts, stream=stream, stream_cls=stream_cls))
                           ^^^^^^^^^^^^^^^^^^^^^^^^^^^^^^^^^^^^^^^^^^^^^^^^^^^^^^^^^^^^^^^^^
  File "/Users/svilen/Documents/Projects/CodeBoarding-Workspace/wt-core-main/.venv/lib/python3.12/site-packages/openai/_base_client.py", line 1047, in request
    raise self._make_status_error_from_response(err.response) from None
openai.BadRequestError: {"error":{"code":"Bad Request","message":"{\"object\":\"error\",\"message\":\"The input (492249 tokens) is longer than the model's context length (262144 tokens).\",\"type\":\"BadRequestError\",\"param\":null,\"code\":400}","status":400}}
Please check this guide to understand why this error code might have been returned 
https://docs.microsoft.com/en-us/azure/machine-learning/how-to-troubleshoot-online-endpoints#http-status-codes
During task with name 'model' and id '2ca02049-c6eb-7316-1763-65604ecec5cb'
2026-09-07 18:10:36 INFO     [diagram_analysis.diagram_generator:1392] Found 9 components to analyze at level 1
2026-09-07 18:10:36 INFO     [diagram_analysis.diagram_generator:1301] Subcomponent generation started with 8 workers. Initial tasks: 9
2026-09-07 18:10:36 INFO     [diagram_analysis.scope_assembly:93] Component symbol coverage: 61/61 assigned
2026-09-07 18:10:36 INFO     [diagram_analysis.scope_assembly:320] Merged relations: 0 total (0 static-backed, 0 semantic-only)
2026-09-07 18:10:36 INFO     [diagram_analysis.scope_assembly:93] Component symbol coverage: 108/108 assigned
2026-09-07 18:10:36 INFO     [diagram_analysis.scope_assembly:320] Merged relations: 0 total (0 static-backed, 0 semantic-only)
2026-09-07 18:10:44 INFO     [diagram_analysis.scope_assembly:93] Component symbol coverage: 2987/2987 assigned
2026-09-07 18:10:44 INFO     [diagram_analysis.scope_assembly:320] Merged relations: 66 total (66 static-backed, 0 semantic-only)
2026-09-07 18:10:45 INFO     [httpx:1025] HTTP Request: POST https://codeboarding-llm-api.openai.azure.com/openai/v1/chat/completions "HTTP/1.1 200 OK"
2026-09-07 18:10:45 INFO     [monitoring:62] Token Usage: step=startup model=Kimi-K2.6 usage={"input_tokens": 3518, "output_tokens": 897, "total_tokens": 4415}
2026-09-07 18:10:45 INFO     [agents.tools.read_file:34] [ReadFile Tool] Reading file templates/app/angular/src/app/app.component.ts around line 1
2026-09-07 18:10:45 INFO     [agents.tools.read_file:34] [ReadFile Tool] Reading file templates/module/angular/projects/dev-app/src/app/app.component.ts around line 1
2026-09-07 18:10:45 INFO     [agents.tools.read_file:72] [ReadFile Tool] Successfully read 14 lines from templates/app/angular/src/app/app.component.ts 
2026-09-07 18:10:45 INFO     [agents.tools.read_file:34] [ReadFile Tool] Reading file templates/app-nolayers/angular/src/app/app.component.ts around line 1
2026-09-07 18:10:45 INFO     [agents.tools.read_file:72] [ReadFile Tool] Successfully read 14 lines from templates/app-nolayers/angular/src/app/app.component.ts 
2026-09-07 18:10:45 INFO     [agents.tools.read_file:72] [ReadFile Tool] Successfully read 13 lines from templates/module/angular/projects/dev-app/src/app/app.component.ts 
2026-09-07 18:10:47 INFO     [diagram_analysis.scope_assembly:93] Component symbol coverage: 3776/3776 assigned
2026-09-07 18:10:47 INFO     [diagram_analysis.scope_assembly:320] Merged relations: 8 total (8 static-backed, 0 semantic-only)
2026-09-07 18:10:47 INFO     [httpx:1025] HTTP Request: POST https://codeboarding-llm-api.openai.azure.com/openai/v1/chat/completions "HTTP/1.1 200 OK"
2026-09-07 18:10:47 INFO     [monitoring:62] Token Usage: step=startup model=Kimi-K2.6 usage={"input_tokens": 2736, "output_tokens": 1462, "total_tokens": 4198}
2026-09-07 18:10:47 INFO     [agents.tools.read_file:34] [ReadFile Tool] Reading file modules/openiddict/app/angular/src/app/app.module.ts around line 1
2026-09-07 18:10:47 INFO     [agents.tools.read_file:34] [ReadFile Tool] Reading file modules/openiddict/app/angular/src/main.ts around line 1
2026-09-07 18:10:47 INFO     [agents.tools.read_file:34] [ReadFile Tool] Reading file modules/openiddict/app/angular/src/app/app-routing.module.ts around line 1
2026-09-07 18:10:47 INFO     [agents.tools.read_file:72] [ReadFile Tool] Successfully read 43 lines from modules/openiddict/app/angular/src/app/app.module.ts 
2026-09-07 18:10:47 INFO     [agents.tools.read_file:72] [ReadFile Tool] Successfully read 13 lines from modules/openiddict/app/angular/src/main.ts 
2026-09-07 18:10:47 INFO     [agents.tools.read_file:34] [ReadFile Tool] Reading file modules/openiddict/app/angular/src/app/route.provider.ts around line 1
2026-09-07 18:10:47 INFO     [agents.tools.read_file:34] [ReadFile Tool] Reading file modules/openiddict/app/angular/src/app/home/home.module.ts around line 1
2026-09-07 18:10:47 INFO     [agents.tools.read_file:72] [ReadFile Tool] Successfully read 34 lines from modules/openiddict/app/angular/src/app/app-routing.module.ts 
2026-09-07 18:10:47 INFO     [agents.tools.read_file:72] [ReadFile Tool] Successfully read 20 lines from modules/openiddict/app/angular/src/app/route.provider.ts 
2026-09-07 18:10:47 INFO     [agents.tools.read_file:72] [ReadFile Tool] Successfully read 10 lines from modules/openiddict/app/angular/src/app/home/home.module.ts 
2026-09-07 18:10:48 INFO     [diagram_analysis.scope_assembly:93] Component symbol coverage: 4156/4156 assigned
2026-09-07 18:10:48 INFO     [diagram_analysis.scope_assembly:320] Merged relations: 56 total (56 static-backed, 0 semantic-only)
2026-09-07 18:10:48 INFO     [diagram_analysis.scope_assembly:93] Component symbol coverage: 4301/4301 assigned
2026-09-07 18:10:48 INFO     [diagram_analysis.scope_assembly:320] Merged relations: 113 total (113 static-backed, 0 semantic-only)
2026-09-07 18:10:50 INFO     [httpx:1025] HTTP Request: POST https://codeboarding-llm-api.openai.azure.com/openai/v1/chat/completions "HTTP/1.1 200 OK"
2026-09-07 18:10:50 INFO     [monitoring:62] Token Usage: step=startup model=Kimi-K2.6 usage={"input_tokens": 4474, "output_tokens": 212, "total_tokens": 4686}
2026-09-07 18:10:50 INFO     [agents.tools.read_file:34] [ReadFile Tool] Reading file modules/openiddict/app/angular/src/app/shared/shared.module.ts around line 1
2026-09-07 18:10:50 INFO     [agents.tools.read_file:72] [ReadFile Tool] Successfully read 23 lines from modules/openiddict/app/angular/src/app/shared/shared.module.ts 
2026-09-07 18:10:50 INFO     [diagram_analysis.scope_assembly:93] Component symbol coverage: 4704/4704 assigned
2026-09-07 18:10:50 INFO     [diagram_analysis.scope_assembly:320] Merged relations: 35 total (35 static-backed, 0 semantic-only)
2026-09-07 18:10:53 INFO     [diagram_analysis.scope_assembly:93] Component symbol coverage: 5625/5625 assigned
2026-09-07 18:10:53 INFO     [diagram_analysis.scope_assembly:320] Merged relations: 31 total (31 static-backed, 0 semantic-only)
2026-09-07 18:11:00 INFO     [httpx:1025] HTTP Request: POST https://codeboarding-llm-api.openai.azure.com/openai/v1/chat/completions "HTTP/1.1 200 OK"
2026-09-07 18:11:00 INFO     [monitoring:62] Token Usage: step=startup model=Kimi-K2.6 usage={"input_tokens": 4186, "output_tokens": 1991, "total_tokens": 6177}
2026-09-07 18:11:00 INFO     [agents.tools.read_file:34] [ReadFile Tool] Reading file templates/module/angular/projects/my-project-name/src/lib/components/my-project-name.component.ts around line 1
2026-09-07 18:11:00 INFO     [agents.tools.read_file:34] [ReadFile Tool] Reading file templates/module/angular/projects/my-project-name/src/lib/services/my-project-name.service.ts around line 1
2026-09-07 18:11:00 INFO     [agents.tools.read_file:34] [ReadFile Tool] Reading file templates/app/angular/src/app/shared/shared.module.ts around line 1
2026-09-07 18:11:00 INFO     [agents.tools.read_file:72] [ReadFile Tool] Successfully read 18 lines from templates/module/angular/projects/my-project-name/src/lib/services/my-project-name.service.ts 
2026-09-07 18:11:00 INFO     [agents.tools.read_file:72] [ReadFile Tool] Successfully read 15 lines from templates/module/angular/projects/my-project-name/src/lib/components/my-project-name.component.ts 
2026-09-07 18:11:00 INFO     [agents.tools.read_file:72] [ReadFile Tool] Successfully read 23 lines from templates/app/angular/src/app/shared/shared.module.ts 
2026-09-07 18:11:00 INFO     [httpx:1025] HTTP Request: POST https://codeboarding-llm-api.openai.azure.com/openai/v1/chat/completions "HTTP/1.1 200 OK"
2026-09-07 18:11:00 INFO     [monitoring:62] Token Usage: step=startup model=Kimi-K2.6 usage={"input_tokens": 4786, "output_tokens": 1309, "total_tokens": 6095}
2026-09-07 18:11:02 INFO     [static_analyzer.reference_resolver:394] [Reference Resolution] File path matched for main.ts in csharp at /Users/svilen/Documents/Projects/ReposForTesting/abp/modules/openiddict/app/angular/src/main.ts
2026-09-07 18:11:02 WARNING  [diagram_analysis.scope_assembly:201] Dropping unsupported semantic relation 8.6 -> 8.3
2026-09-07 18:11:03 WARNING  [diagram_analysis.scope_assembly:201] Dropping unsupported semantic relation 8.3 -> 8.1
2026-09-07 18:11:03 WARNING  [diagram_analysis.scope_assembly:201] Dropping unsupported semantic relation 8.1 -> 8.2
2026-09-07 18:11:04 WARNING  [diagram_analysis.scope_assembly:201] Dropping unsupported semantic relation 8.2 -> 8.1
2026-09-07 18:11:04 INFO     [diagram_analysis.scope_assembly:320] Merged relations: 0 total (0 static-backed, 0 semantic-only)
2026-09-07 18:11:04 INFO     [httpx:1025] HTTP Request: POST https://codeboarding-llm-api.openai.azure.com/openai/v1/chat/completions "HTTP/1.1 200 OK"
2026-09-07 18:11:04 INFO     [monitoring:62] Token Usage: step=startup model=Kimi-K2.6 usage={"input_tokens": 4985, "output_tokens": 454, "total_tokens": 5439}
2026-09-07 18:11:05 INFO     [diagram_analysis.scope_assembly:93] Component symbol coverage: 31/31 assigned
2026-09-07 18:11:05 INFO     [diagram_analysis.scope_assembly:320] Merged relations: 1 total (1 static-backed, 0 semantic-only)
2026-09-07 18:11:06 INFO     [diagram_analysis.scope_assembly:320] Merged relations: 0 total (0 static-backed, 0 semantic-only)
2026-09-07 18:11:13 INFO     [diagram_analysis.diagram_generator:1353] Progress: 1 completed, 8 in flight, 0 errors
2026-09-07 18:11:18 INFO     [diagram_analysis.diagram_generator:1351] Expanded '7' with 2 new children.
2026-09-07 18:11:18 INFO     [diagram_analysis.diagram_generator:1353] Progress: 2 completed, 9 in flight, 0 errors
2026-09-07 18:11:18 INFO     [diagram_analysis.scope_assembly:93] Component symbol coverage: 66/66 assigned
2026-09-07 18:11:18 INFO     [diagram_analysis.scope_assembly:320] Merged relations: 0 total (0 static-backed, 0 semantic-only)
2026-09-07 18:11:42 INFO     [httpx:1025] HTTP Request: POST https://codeboarding-llm-api.openai.azure.com/openai/v1/chat/completions "HTTP/1.1 200 OK"
2026-09-07 18:11:42 INFO     [monitoring:62] Token Usage: step=startup model=Kimi-K2.6 usage={"input_tokens": 2739, "output_tokens": 3162, "total_tokens": 5901}
2026-09-07 18:11:42 INFO     [agents.tools.read_file:34] [ReadFile Tool] Reading file tools/github-changelog-generator/src/GithubChangelogGenerator/cmd/root.go around line 1
2026-09-07 18:11:42 INFO     [agents.tools.read_file:34] [ReadFile Tool] Reading file tools/github-changelog-generator/src/GithubChangelogGenerator/main.go around line 1
2026-09-07 18:11:42 INFO     [agents.tools.read_file:34] [ReadFile Tool] Reading file tools/github-changelog-generator/src/GithubChangelogGenerator/pkg/repo.go around line 1
2026-09-07 18:11:42 INFO     [agents.tools.read_file:34] [ReadFile Tool] Reading file tools/github-changelog-generator/src/GithubChangelogGenerator/internal/config.go around line 1
2026-09-07 18:11:42 INFO     [agents.tools.read_file:72] [ReadFile Tool] Successfully read 7 lines from tools/github-changelog-generator/src/GithubChangelogGenerator/main.go 
2026-09-07 18:11:42 INFO     [agents.tools.read_file:34] [ReadFile Tool] Reading file tools/github-changelog-generator/src/GithubChangelogGenerator/internal/issues.go around line 1
2026-09-07 18:11:42 INFO     [agents.tools.read_file:72] [ReadFile Tool] Successfully read 50 lines from tools/github-changelog-generator/src/GithubChangelogGenerator/cmd/root.go 
2026-09-07 18:11:42 INFO     [agents.tools.read_file:72] [ReadFile Tool] Successfully read 300 lines from tools/github-changelog-generator/src/GithubChangelogGenerator/pkg/repo.go 
2026-09-07 18:11:42 INFO     [agents.tools.read_file:72] [ReadFile Tool] Successfully read 28 lines from tools/github-changelog-generator/src/GithubChangelogGenerator/internal/config.go 
2026-09-07 18:11:42 INFO     [agents.tools.read_file:72] [ReadFile Tool] Successfully read 70 lines from tools/github-changelog-generator/src/GithubChangelogGenerator/internal/issues.go 
2026-09-07 18:11:45 INFO     [httpx:1025] HTTP Request: POST https://codeboarding-llm-api.openai.azure.com/openai/v1/chat/completions "HTTP/1.1 200 OK"
2026-09-07 18:11:45 INFO     [monitoring:62] Token Usage: step=startup model=Kimi-K2.6 usage={"input_tokens": 7776, "output_tokens": 296, "total_tokens": 8072}
2026-09-07 18:11:45 INFO     [agents.tools.read_file:34] [ReadFile Tool] Reading file tools/github-changelog-generator/src/GithubChangelogGenerator/cmd/generate.go around line 1
2026-09-07 18:11:45 INFO     [agents.tools.read_file:72] [ReadFile Tool] Successfully read 162 lines from tools/github-changelog-generator/src/GithubChangelogGenerator/cmd/generate.go 
2026-09-07 18:11:49 INFO     [httpx:1025] HTTP Request: POST https://codeboarding-llm-api.openai.azure.com/openai/v1/chat/completions "HTTP/1.1 200 OK"
2026-09-07 18:11:49 INFO     [monitoring:62] Token Usage: step=startup model=Kimi-K2.6 usage={"input_tokens": 2840, "output_tokens": 3277, "total_tokens": 6117}
2026-09-07 18:11:50 INFO     [agents.tools.read_file:34] [ReadFile Tool] Reading file templates/app/angular/src/app/app.component.ts around line 1
2026-09-07 18:11:50 INFO     [agents.tools.read_file:34] [ReadFile Tool] Reading file templates/app/angular/src/app/shared/shared.module.ts around line 1
2026-09-07 18:11:50 INFO     [agents.tools.read_file:34] [ReadFile Tool] Reading file templates/app/aspnet-core/src/MyCompanyName.MyProjectName.Blazor.Client/wwwroot/service-worker.js around line 1
2026-09-07 18:11:50 INFO     [agents.tools.read_file:72] [ReadFile Tool] Successfully read 14 lines from templates/app/angular/src/app/app.component.ts 
2026-09-07 18:11:50 INFO     [agents.tools.read_file:72] [ReadFile Tool] Successfully read 4 lines from templates/app/aspnet-core/src/MyCompanyName.MyProjectName.Blazor.Client/wwwroot/service-worker.js 
2026-09-07 18:11:50 INFO     [agents.tools.read_file:72] [ReadFile Tool] Successfully read 23 lines from templates/app/angular/src/app/shared/shared.module.ts 
2026-09-07 18:11:51 INFO     [httpx:1025] HTTP Request: POST https://codeboarding-llm-api.openai.azure.com/openai/v1/chat/completions "HTTP/1.1 200 OK"
2026-09-07 18:11:51 INFO     [monitoring:62] Token Usage: step=startup model=Kimi-K2.6 usage={"input_tokens": 3524, "output_tokens": 72, "total_tokens": 3596}
2026-09-07 18:11:51 INFO     [agents.tools.read_file:34] [ReadFile Tool] Reading file templates/app/aspnet-core/src/MyCompanyName.MyProjectName.Web.Host/Pages/Index.js around line 1
2026-09-07 18:11:51 INFO     [agents.tools.read_file:34] [ReadFile Tool] Reading file templates/app/angular/src/app/app.routes.ts around line 1
2026-09-07 18:11:51 INFO     [agents.tools.read_file:72] [ReadFile Tool] Successfully read 3 lines from templates/app/aspnet-core/src/MyCompanyName.MyProjectName.Web.Host/Pages/Index.js 
2026-09-07 18:11:51 INFO     [agents.tools.read_file:72] [ReadFile Tool] Successfully read 27 lines from templates/app/angular/src/app/app.routes.ts 
2026-09-07 18:11:53 INFO     [httpx:1025] HTTP Request: POST https://codeboarding-llm-api.openai.azure.com/openai/v1/chat/completions "HTTP/1.1 200 OK"
2026-09-07 18:11:53 INFO     [monitoring:62] Token Usage: step=startup model=Kimi-K2.6 usage={"input_tokens": 9724, "output_tokens": 884, "total_tokens": 10608}
2026-09-07 18:11:55 INFO     [httpx:1025] HTTP Request: POST https://codeboarding-llm-api.openai.azure.com/openai/v1/chat/completions "HTTP/1.1 200 OK"
2026-09-07 18:11:55 INFO     [monitoring:62] Token Usage: step=startup model=Kimi-K2.6 usage={"input_tokens": 3999, "output_tokens": 563, "total_tokens": 4562}
2026-09-07 18:11:56 INFO     [diagram_analysis.scope_assembly:320] Merged relations: 0 total (0 static-backed, 0 semantic-only)
2026-09-07 18:11:59 INFO     [diagram_analysis.scope_assembly:93] Component symbol coverage: 25/25 assigned
2026-09-07 18:11:59 INFO     [diagram_analysis.scope_assembly:320] Merged relations: 0 total (0 static-backed, 0 semantic-only)
2026-09-07 18:12:02 INFO     [diagram_analysis.diagram_generator:1353] Progress: 3 completed, 8 in flight, 0 errors
2026-09-07 18:12:05 INFO     [httpx:1025] HTTP Request: POST https://codeboarding-llm-api.openai.azure.com/openai/v1/chat/completions "HTTP/1.1 200 OK"
2026-09-07 18:12:05 INFO     [monitoring:62] Token Usage: step=startup model=Kimi-K2.6 usage={"input_tokens": 2746, "output_tokens": 676, "total_tokens": 3422}
2026-09-07 18:12:05 INFO     [agents.tools.read_file:34] [ReadFile Tool] Reading file templates/module/angular/projects/dev-app/src/app/app.routes.ts around line 1
2026-09-07 18:12:05 INFO     [agents.tools.read_file:34] [ReadFile Tool] Reading file templates/module/angular/projects/dev-app/src/main.ts around line 1
2026-09-07 18:12:05 INFO     [agents.tools.read_file:34] [ReadFile Tool] Reading file templates/module/angular/projects/dev-app/src/app/route.provider.ts around line 1
2026-09-07 18:12:05 INFO     [agents.tools.read_file:72] [ReadFile Tool] Successfully read 21 lines from templates/module/angular/projects/dev-app/src/app/route.provider.ts 
2026-09-07 18:12:05 INFO     [agents.tools.read_file:72] [ReadFile Tool] Successfully read 32 lines from templates/module/angular/projects/dev-app/src/app/app.routes.ts 
2026-09-07 18:12:05 INFO     [agents.tools.read_file:72] [ReadFile Tool] Successfully read 6 lines from templates/module/angular/projects/dev-app/src/main.ts 
2026-09-07 18:12:06 INFO     [httpx:1025] HTTP Request: POST https://codeboarding-llm-api.openai.azure.com/openai/v1/chat/completions "HTTP/1.1 200 OK"
2026-09-07 18:12:06 INFO     [monitoring:62] Token Usage: step=startup model=Kimi-K2.6 usage={"input_tokens": 3604, "output_tokens": 106, "total_tokens": 3710}
2026-09-07 18:12:06 INFO     [agents.tools.read_file:34] [ReadFile Tool] Reading file templates/module/angular/projects/dev-app/src/app/home/home.routes.ts around line 1
2026-09-07 18:12:06 INFO     [agents.tools.read_file:34] [ReadFile Tool] Reading file templates/module/angular/projects/my-project-name/config/src/providers/route.provider.ts around line 1
2026-09-07 18:12:06 INFO     [agents.tools.read_file:34] [ReadFile Tool] Reading file templates/module/angular/projects/my-project-name/src/lib/services/my-project-name.service.ts around line 1
2026-09-07 18:12:06 INFO     [agents.tools.read_file:72] [ReadFile Tool] Successfully read 9 lines from templates/module/angular/projects/dev-app/src/app/home/home.routes.ts 
2026-09-07 18:12:06 INFO     [agents.tools.read_file:72] [ReadFile Tool] Successfully read 18 lines from templates/module/angular/projects/my-project-name/src/lib/services/my-project-name.service.ts 
2026-09-07 18:12:06 INFO     [agents.tools.read_file:72] [ReadFile Tool] Successfully read 22 lines from templates/module/angular/projects/my-project-name/config/src/providers/route.provider.ts 
2026-09-07 18:12:07 INFO     [httpx:1025] HTTP Request: POST https://codeboarding-llm-api.openai.azure.com/openai/v1/chat/completions "HTTP/1.1 200 OK"
2026-09-07 18:12:07 INFO     [monitoring:62] Token Usage: step=startup model=Kimi-K2.6 usage={"input_tokens": 4334, "output_tokens": 110, "total_tokens": 4444}
2026-09-07 18:12:18 INFO     [httpx:1025] HTTP Request: POST https://codeboarding-llm-api.openai.azure.com/openai/v1/chat/completions "HTTP/1.1 200 OK"
2026-09-07 18:12:18 INFO     [monitoring:62] Token Usage: step=startup model=Kimi-K2.6 usage={"input_tokens": 88181, "output_tokens": 8035, "total_tokens": 96216}
2026-09-07 18:12:19 INFO     [diagram_analysis.scope_assembly:320] Merged relations: 8 total (8 static-backed, 0 semantic-only)
2026-09-07 18:12:24 INFO     [httpx:1025] HTTP Request: POST https://codeboarding-llm-api.openai.azure.com/openai/v1/chat/completions "HTTP/1.1 200 OK"
2026-09-07 18:12:24 INFO     [monitoring:62] Token Usage: step=startup model=Kimi-K2.6 usage={"input_tokens": 9792, "output_tokens": 3814, "total_tokens": 13606}
2026-09-07 18:12:24 INFO     [diagram_analysis.diagram_generator:1351] Expanded '2' with 2 new children.
2026-09-07 18:12:24 INFO     [diagram_analysis.diagram_generator:1353] Progress: 4 completed, 9 in flight, 0 errors
2026-09-07 18:12:27 WARNING  [diagram_analysis.scope_assembly:201] Dropping unsupported semantic relation 9.1 -> 9.2
2026-09-07 18:12:27 INFO     [static_analyzer.reference_resolver:394] [Reference Resolution] File path matched for tools.github-changelog-generator.src.GithubChangelogGenerator.internal.Config in csharp at /Users/svilen/Documents/Projects/ReposForTesting/abp/tools/github-changelog-generator/src/GithubChangelogGenerator/internal/config.go
2026-09-07 18:12:28 WARNING  [diagram_analysis.scope_assembly:201] Dropping unsupported semantic relation 9.1 -> 9.3
2026-09-07 18:12:28 INFO     [diagram_analysis.scope_assembly:320] Merged relations: 1 total (1 static-backed, 0 semantic-only)
2026-09-07 18:12:31 INFO     [diagram_analysis.scope_assembly:93] Component symbol coverage: 330/330 assigned
2026-09-07 18:12:31 INFO     [diagram_analysis.scope_assembly:320] Merged relations: 1 total (1 static-backed, 0 semantic-only)
2026-09-07 18:12:34 INFO     [diagram_analysis.scope_assembly:93] Component symbol coverage: 3414/3414 assigned
2026-09-07 18:12:34 INFO     [diagram_analysis.scope_assembly:320] Merged relations: 6 total (6 static-backed, 0 semantic-only)
2026-09-07 18:12:38 INFO     [diagram_analysis.diagram_generator:1353] Progress: 5 completed, 8 in flight, 0 errors
2026-09-07 18:13:26 INFO     [httpx:1025] HTTP Request: POST https://codeboarding-llm-api.openai.azure.com/openai/v1/chat/completions "HTTP/1.1 200 OK"
2026-09-07 18:13:26 INFO     [monitoring:62] Token Usage: step=startup model=Kimi-K2.6 usage={"input_tokens": 91602, "output_tokens": 16283, "total_tokens": 107885}
2026-09-07 18:13:30 WARNING  [static_analyzer.reference_resolver:139] [Reference Resolution] Could not resolve reference Volo.Abp.Mapperly.Volo.Abp.Mapperly.MapperlyAutoObjectMappingProvider.Map<TSource, TDestination>(TSource source, TDestination destination) in any language
2026-09-07 18:13:30 INFO     [diagram_analysis.scope_assembly:320] Merged relations: 31 total (31 static-backed, 0 semantic-only)
2026-09-07 18:13:31 INFO     [httpx:1025] HTTP Request: POST https://codeboarding-llm-api.openai.azure.com/openai/v1/chat/completions "HTTP/1.1 200 OK"
2026-09-07 18:13:32 INFO     [monitoring:62] Token Usage: step=startup model=Kimi-K2.6 usage={"input_tokens": 93192, "output_tokens": 19539, "total_tokens": 112731}
2026-09-07 18:13:36 INFO     [httpx:1025] HTTP Request: POST https://codeboarding-llm-api.openai.azure.com/openai/v1/chat/completions "HTTP/1.1 200 OK"
2026-09-07 18:13:36 INFO     [monitoring:62] Token Usage: step=startup model=Kimi-K2.6 usage={"input_tokens": 8546, "output_tokens": 8294, "total_tokens": 16840}
2026-09-07 18:13:38 INFO     [httpx:1025] HTTP Request: POST https://codeboarding-llm-api.openai.azure.com/openai/v1/chat/completions "HTTP/1.1 200 OK"
2026-09-07 18:13:38 INFO     [monitoring:62] Token Usage: step=startup model=Kimi-K2.6 usage={"input_tokens": 4524, "output_tokens": 11194, "total_tokens": 15718}
2026-09-07 18:13:39 INFO     [static_analyzer.reference_resolver:394] [Reference Resolution] File path matched for templates/module/angular/projects/dev-app/src/main.ts in csharp at /Users/svilen/Documents/Projects/ReposForTesting/abp/templates/module/angular/projects/dev-app/src/main.ts
2026-09-07 18:13:40 WARNING  [diagram_analysis.scope_assembly:201] Dropping unsupported semantic relation 7.2.5 -> 7.2.3
2026-09-07 18:13:40 WARNING  [diagram_analysis.scope_assembly:201] Dropping unsupported semantic relation 7.2.3 -> 7.2.4
2026-09-07 18:13:40 WARNING  [diagram_analysis.scope_assembly:201] Dropping unsupported semantic relation 7.2.3 -> 7.2.1
2026-09-07 18:13:40 INFO     [diagram_analysis.scope_assembly:320] Merged relations: 0 total (0 static-backed, 0 semantic-only)
2026-09-07 18:13:42 INFO     [diagram_analysis.scope_assembly:320] Merged relations: 1 total (1 static-backed, 0 semantic-only)
2026-09-07 18:13:49 WARNING  [static_analyzer.reference_resolver:139] [Reference Resolution] Could not resolve reference Volo.Abp.OpenIddict.Domain.Volo.Abp.OpenIddict.AbpOpenIddictStoreBase in any language
2026-09-07 18:13:49 INFO     [diagram_analysis.scope_assembly:320] Merged relations: 35 total (35 static-backed, 0 semantic-only)
2026-09-07 18:13:51 INFO     [diagram_analysis.diagram_generator:1351] Expanded '1' with 14 new children.
2026-09-07 18:13:51 INFO     [diagram_analysis.diagram_generator:1353] Progress: 6 completed, 21 in flight, 0 errors
2026-09-07 18:13:55 INFO     [diagram_analysis.scope_assembly:93] Component symbol coverage: 381/381 assigned
2026-09-07 18:13:55 INFO     [diagram_analysis.scope_assembly:320] Merged relations: 11 total (11 static-backed, 0 semantic-only)
2026-09-07 18:13:55 INFO     [diagram_analysis.scope_assembly:93] Component symbol coverage: 552/552 assigned
2026-09-07 18:13:55 INFO     [diagram_analysis.scope_assembly:320] Merged relations: 7 total (7 static-backed, 0 semantic-only)
2026-09-07 18:13:56 INFO     [diagram_analysis.scope_assembly:93] Component symbol coverage: 967/967 assigned
2026-09-07 18:13:56 INFO     [diagram_analysis.scope_assembly:320] Merged relations: 4 total (4 static-backed, 0 semantic-only)
2026-09-07 18:13:58 INFO     [diagram_analysis.scope_assembly:93] Component symbol coverage: 1753/1753 assigned
2026-09-07 18:13:58 INFO     [diagram_analysis.scope_assembly:320] Merged relations: 6 total (6 static-backed, 0 semantic-only)
2026-09-07 18:14:00 INFO     [httpx:1025] HTTP Request: POST https://codeboarding-llm-api.openai.azure.com/openai/v1/chat/completions "HTTP/1.1 200 OK"
2026-09-07 18:14:00 INFO     [monitoring:62] Token Usage: step=startup model=Kimi-K2.6 usage={"input_tokens": 144660, "output_tokens": 15892, "total_tokens": 160552}
2026-09-07 18:14:08 WARNING  [static_analyzer.reference_resolver:139] [Reference Resolution] Could not resolve reference Volo.Abp.DistributedLocking.Abstractions.Volo.Abp.DistributedLocking.IAbpDistributedLock.IAbpDistributedLock.TryAcquireAsync(string name, TimeSpan timeout = default(TimeSpan), CancellationToken cancellationToken = default(CancellationToken)) in any language
2026-09-07 18:14:09 WARNING  [static_analyzer.reference_resolver:139] [Reference Resolution] Could not resolve reference Volo.Abp.DistributedLocking.Abstractions.Volo.Abp.DistributedLocking.IAbpDistributedLock.IAbpDistributedLock.TryAcquireAsync(string name, TimeSpan timeout = default(TimeSpan), CancellationToken cancellationToken = default(CancellationToken)) in any language
2026-09-07 18:14:09 WARNING  [static_analyzer.reference_resolver:139] [Reference Resolution] Could not resolve reference Volo.Abp.Uow.Volo.Abp.Uow.UnitOfWork.UnitOfWork.CompleteAsync(CancellationToken cancellationToken = default(CancellationToken)) in any language
2026-09-07 18:14:09 INFO     [diagram_analysis.scope_assembly:320] Merged relations: 113 total (113 static-backed, 0 semantic-only)
2026-09-07 18:14:09 INFO     [diagram_analysis.scope_assembly:93] Component symbol coverage: 506/506 assigned
2026-09-07 18:14:09 INFO     [diagram_analysis.scope_assembly:320] Merged relations: 0 total (0 static-backed, 0 semantic-only)
2026-09-07 18:14:11 INFO     [diagram_analysis.diagram_generator:1351] Expanded '3' with 10 new children.
2026-09-07 18:14:26 INFO     [diagram_analysis.diagram_generator:1353] Progress: 9 completed, 28 in flight, 0 errors
2026-09-07 18:14:29 INFO     [httpx:1025] HTTP Request: POST https://codeboarding-llm-api.openai.azure.com/openai/v1/chat/completions "HTTP/1.1 200 OK"
2026-09-07 18:14:29 INFO     [monitoring:62] Token Usage: step=startup model=Kimi-K2.6 usage={"input_tokens": 5090, "output_tokens": 2513, "total_tokens": 7603}
2026-09-07 18:14:32 INFO     [httpx:1025] HTTP Request: POST https://codeboarding-llm-api.openai.azure.com/openai/v1/chat/completions "HTTP/1.1 200 OK"
2026-09-07 18:14:33 INFO     [monitoring:62] Token Usage: step=startup model=Kimi-K2.6 usage={"input_tokens": 118739, "output_tokens": 21449, "total_tokens": 140188}
2026-09-07 18:14:33 INFO     [diagram_analysis.scope_assembly:320] Merged relations: 0 total (0 static-backed, 0 semantic-only)
2026-09-07 18:14:34 INFO     [diagram_analysis.scope_assembly:93] Component symbol coverage: 160/160 assigned
2026-09-07 18:14:34 INFO     [diagram_analysis.scope_assembly:320] Merged relations: 19 total (19 static-backed, 0 semantic-only)
2026-09-07 18:14:45 INFO     [httpx:1025] HTTP Request: POST https://codeboarding-llm-api.openai.azure.com/openai/v1/chat/completions "HTTP/1.1 200 OK"
2026-09-07 18:14:45 INFO     [monitoring:62] Token Usage: step=startup model=Kimi-K2.6 usage={"input_tokens": 96809, "output_tokens": 28504, "total_tokens": 125313}
2026-09-07 18:14:46 INFO     [diagram_analysis.scope_assembly:320] Merged relations: 56 total (56 static-backed, 0 semantic-only)
2026-09-07 18:14:47 INFO     [diagram_analysis.scope_assembly:93] Component symbol coverage: 109/109 assigned
2026-09-07 18:14:47 INFO     [diagram_analysis.scope_assembly:320] Merged relations: 2 total (2 static-backed, 0 semantic-only)
2026-09-07 18:14:49 INFO     [httpx:1025] HTTP Request: POST https://codeboarding-llm-api.openai.azure.com/openai/v1/chat/completions "HTTP/1.1 200 OK"
2026-09-07 18:14:49 INFO     [monitoring:62] Token Usage: step=startup model=Kimi-K2.6 usage={"input_tokens": 87850, "output_tokens": 16509, "total_tokens": 104359}
2026-09-07 18:14:56 INFO     [diagram_analysis.scope_assembly:320] Merged relations: 66 total (66 static-backed, 0 semantic-only)
2026-09-07 18:14:56 INFO     [diagram_analysis.scope_assembly:93] Component symbol coverage: 329/329 assigned
2026-09-07 18:14:56 INFO     [diagram_analysis.scope_assembly:320] Merged relations: 0 total (0 static-backed, 0 semantic-only)
2026-09-07 18:15:01 INFO     [diagram_analysis.scope_assembly:320] Merged relations: 6 total (6 static-backed, 0 semantic-only)
2026-09-07 18:15:01 INFO     [diagram_analysis.scope_assembly:93] Component symbol coverage: 66/66 assigned
2026-09-07 18:15:01 INFO     [diagram_analysis.scope_assembly:320] Merged relations: 6 total (6 static-backed, 0 semantic-only)
2026-09-07 18:15:03 INFO     [diagram_analysis.diagram_generator:1351] Expanded '6' with 22 new children.
2026-09-07 18:15:03 INFO     [diagram_analysis.diagram_generator:1353] Progress: 10 completed, 49 in flight, 0 errors
2026-09-07 18:15:04 INFO     [httpx:1025] HTTP Request: POST https://codeboarding-llm-api.openai.azure.com/openai/v1/chat/completions "HTTP/1.1 200 OK"
2026-09-07 18:15:05 INFO     [monitoring:62] Token Usage: step=startup model=Kimi-K2.6 usage={"input_tokens": 43777, "output_tokens": 9313, "total_tokens": 53090}
2026-09-07 18:15:06 INFO     [httpx:1025] HTTP Request: POST https://codeboarding-llm-api.openai.azure.com/openai/v1/chat/completions "HTTP/1.1 200 OK"
2026-09-07 18:15:06 INFO     [monitoring:62] Token Usage: step=startup model=Kimi-K2.6 usage={"input_tokens": 20959, "output_tokens": 7557, "total_tokens": 28516}
2026-09-07 18:15:07 INFO     [diagram_analysis.scope_assembly:320] Merged relations: 4 total (4 static-backed, 0 semantic-only)
2026-09-07 18:15:08 INFO     [diagram_analysis.scope_assembly:320] Merged relations: 6 total (6 static-backed, 0 semantic-only)
2026-09-07 18:15:08 INFO     [diagram_analysis.scope_assembly:93] Component symbol coverage: 68/68 assigned
2026-09-07 18:15:08 INFO     [diagram_analysis.scope_assembly:320] Merged relations: 6 total (6 static-backed, 0 semantic-only)
2026-09-07 18:15:08 INFO     [diagram_analysis.scope_assembly:93] Component symbol coverage: 303/303 assigned
2026-09-07 18:15:08 INFO     [diagram_analysis.scope_assembly:320] Merged relations: 0 total (0 static-backed, 0 semantic-only)
2026-09-07 18:15:10 INFO     [httpx:1025] HTTP Request: POST https://codeboarding-llm-api.openai.azure.com/openai/v1/chat/completions "HTTP/1.1 200 OK"
2026-09-07 18:15:10 INFO     [monitoring:62] Token Usage: step=startup model=Kimi-K2.6 usage={"input_tokens": 3867, "output_tokens": 1202, "total_tokens": 5069}
2026-09-07 18:15:10 INFO     [agents.tools.read_file:34] [ReadFile Tool] Reading file npm/ng-packs/scripts/build.ts around line 1
2026-09-07 18:15:10 INFO     [agents.tools.read_file:34] [ReadFile Tool] Reading file npm/ng-packs/scripts/publish.ts around line 1
2026-09-07 18:15:10 INFO     [agents.tools.read_file:72] [ReadFile Tool] Successfully read 74 lines from npm/ng-packs/scripts/build.ts 
2026-09-07 18:15:10 INFO     [agents.tools.read_file:34] [ReadFile Tool] Reading file npm/scripts/change-package-version.ts around line 1
2026-09-07 18:15:10 INFO     [agents.tools.read_file:72] [ReadFile Tool] Successfully read 119 lines from npm/ng-packs/scripts/publish.ts 
2026-09-07 18:15:10 INFO     [agents.tools.read_file:34] [ReadFile Tool] Reading file npm/publish-utils.js around line 1
2026-09-07 18:15:10 INFO     [agents.tools.read_file:72] [ReadFile Tool] Successfully read 114 lines from npm/scripts/change-package-version.ts 
2026-09-07 18:15:10 INFO     [agents.tools.read_file:72] [ReadFile Tool] Successfully read 25 lines from npm/publish-utils.js 
2026-09-07 18:15:11 INFO     [httpx:1025] HTTP Request: POST https://codeboarding-llm-api.openai.azure.com/openai/v1/chat/completions "HTTP/1.1 200 OK"
2026-09-07 18:15:12 INFO     [monitoring:62] Token Usage: step=startup model=Kimi-K2.6 usage={"input_tokens": 18689, "output_tokens": 8265, "total_tokens": 26954}
2026-09-07 18:15:13 INFO     [diagram_analysis.scope_assembly:320] Merged relations: 7 total (7 static-backed, 0 semantic-only)
2026-09-07 18:15:13 INFO     [diagram_analysis.scope_assembly:93] Component symbol coverage: 204/204 assigned
2026-09-07 18:15:13 INFO     [diagram_analysis.scope_assembly:320] Merged relations: 0 total (0 static-backed, 0 semantic-only)
2026-09-07 18:15:15 INFO     [diagram_analysis.diagram_generator:1351] Expanded '4' with 13 new children.
2026-09-07 18:15:32 INFO     [httpx:1025] HTTP Request: POST https://codeboarding-llm-api.openai.azure.com/openai/v1/chat/completions "HTTP/1.1 200 OK"
2026-09-07 18:15:32 INFO     [monitoring:62] Token Usage: step=startup model=Kimi-K2.6 usage={"input_tokens": 18479, "output_tokens": 11252, "total_tokens": 29731}
2026-09-07 18:15:32 INFO     [diagram_analysis.scope_assembly:320] Merged relations: 11 total (11 static-backed, 0 semantic-only)
2026-09-07 18:15:32 INFO     [diagram_analysis.scope_assembly:93] Component symbol coverage: 46/46 assigned
2026-09-07 18:15:32 INFO     [diagram_analysis.scope_assembly:320] Merged relations: 2 total (2 static-backed, 0 semantic-only)
2026-09-07 18:15:43 INFO     [diagram_analysis.diagram_generator:1351] Expanded '5' with 14 new children.
2026-09-07 18:15:43 INFO     [diagram_analysis.diagram_generator:1353] Progress: 14 completed, 72 in flight, 0 errors
2026-09-07 18:15:47 INFO     [httpx:1025] HTTP Request: POST https://codeboarding-llm-api.openai.azure.com/openai/v1/chat/completions "HTTP/1.1 200 OK"
2026-09-07 18:15:47 INFO     [monitoring:62] Token Usage: step=startup model=Kimi-K2.6 usage={"input_tokens": 7536, "output_tokens": 4315, "total_tokens": 11851}
2026-09-07 18:15:48 INFO     [httpx:1025] HTTP Request: POST https://codeboarding-llm-api.openai.azure.com/openai/v1/chat/completions "HTTP/1.1 200 OK"
2026-09-07 18:15:48 INFO     [monitoring:62] Token Usage: step=startup model=Kimi-K2.6 usage={"input_tokens": 3650, "output_tokens": 4463, "total_tokens": 8113}
2026-09-07 18:15:48 INFO     [httpx:1025] HTTP Request: POST https://codeboarding-llm-api.openai.azure.com/openai/v1/chat/completions "HTTP/1.1 200 OK"
2026-09-07 18:15:48 INFO     [monitoring:62] Token Usage: step=startup model=Kimi-K2.6 usage={"input_tokens": 2870, "output_tokens": 3281, "total_tokens": 6151}
2026-09-07 18:15:52 INFO     [static_analyzer.reference_resolver:394] [Reference Resolution] File path matched for npm/ng-packs/scripts/publish.ts in csharp at /Users/svilen/Documents/Projects/ReposForTesting/abp/npm/ng-packs/scripts/publish.ts
2026-09-07 18:15:52 INFO     [static_analyzer.reference_resolver:394] [Reference Resolution] File path matched for npm/scripts/validate-versions.ts in csharp at /Users/svilen/Documents/Projects/ReposForTesting/abp/npm/scripts/validate-versions.ts
2026-09-07 18:15:52 WARNING  [diagram_analysis.scope_assembly:201] Dropping unsupported semantic relation 1.8.3 -> 1.8.4
2026-09-07 18:15:52 INFO     [diagram_analysis.scope_assembly:320] Merged relations: 0 total (0 static-backed, 0 semantic-only)
2026-09-07 18:15:54 INFO     [diagram_analysis.scope_assembly:93] Component symbol coverage: 84/84 assigned
2026-09-07 18:15:54 INFO     [diagram_analysis.scope_assembly:320] Merged relations: 0 total (0 static-backed, 0 semantic-only)
2026-09-07 18:15:54 INFO     [diagram_analysis.scope_assembly:320] Merged relations: 0 total (0 static-backed, 0 semantic-only)
2026-09-07 18:15:54 INFO     [diagram_analysis.scope_assembly:320] Merged relations: 0 total (0 static-backed, 0 semantic-only)
2026-09-07 18:15:55 INFO     [diagram_analysis.scope_assembly:93] Component symbol coverage: 666/666 assigned
2026-09-07 18:15:55 INFO     [diagram_analysis.scope_assembly:320] Merged relations: 15 total (15 static-backed, 0 semantic-only)
2026-09-07 18:15:56 INFO     [diagram_analysis.scope_assembly:93] Component symbol coverage: 1251/1251 assigned
2026-09-07 18:15:56 INFO     [diagram_analysis.scope_assembly:320] Merged relations: 8 total (8 static-backed, 0 semantic-only)
2026-09-07 18:15:56 INFO     [httpx:1025] HTTP Request: POST https://codeboarding-llm-api.openai.azure.com/openai/v1/chat/completions "HTTP/1.1 200 OK"
2026-09-07 18:15:57 INFO     [monitoring:62] Token Usage: step=startup model=Kimi-K2.6 usage={"input_tokens": 7573, "output_tokens": 7154, "total_tokens": 14727}
2026-09-07 18:15:59 INFO     [diagram_analysis.scope_assembly:320] Merged relations: 6 total (6 static-backed, 0 semantic-only)
2026-09-07 18:16:00 INFO     [diagram_analysis.scope_assembly:93] Component symbol coverage: 561/561 assigned
2026-09-07 18:16:00 INFO     [diagram_analysis.scope_assembly:320] Merged relations: 15 total (15 static-backed, 0 semantic-only)
2026-09-07 18:16:11 INFO     [httpx:1025] HTTP Request: POST https://codeboarding-llm-api.openai.azure.com/openai/v1/chat/completions "HTTP/1.1 200 OK"
2026-09-07 18:16:11 INFO     [monitoring:62] Token Usage: step=startup model=Kimi-K2.6 usage={"input_tokens": 2564, "output_tokens": 1859, "total_tokens": 4423}
2026-09-07 18:16:11 INFO     [agents.tools.read_file:34] [ReadFile Tool] Reading file modules/blogging/src/Volo.Blogging.Web/wwwroot/client-proxies/blogging-proxy.js around line 1
2026-09-07 18:16:11 INFO     [agents.tools.read_file:34] [ReadFile Tool] Reading file modules/blogging/src/Volo.Blogging.Admin.Web/wwwroot/client-proxies/bloggingAdmin-proxy.js around line 1
2026-09-07 18:16:11 INFO     [agents.tools.read_file:72] [ReadFile Tool] Successfully read 196 lines from modules/blogging/src/Volo.Blogging.Web/wwwroot/client-proxies/blogging-proxy.js 
2026-09-07 18:16:11 INFO     [agents.tools.read_file:72] [ReadFile Tool] Successfully read 64 lines from modules/blogging/src/Volo.Blogging.Admin.Web/wwwroot/client-proxies/bloggingAdmin-proxy.js 
2026-09-07 18:16:11 INFO     [httpx:1025] HTTP Request: POST https://codeboarding-llm-api.openai.azure.com/openai/v1/chat/completions "HTTP/1.1 200 OK"
2026-09-07 18:16:11 INFO     [monitoring:62] Token Usage: step=startup model=Kimi-K2.6 usage={"input_tokens": 4073, "output_tokens": 4116, "total_tokens": 8189}
2026-09-07 18:16:11 INFO     [diagram_analysis.scope_assembly:320] Merged relations: 2 total (2 static-backed, 0 semantic-only)
2026-09-07 18:16:12 INFO     [diagram_analysis.scope_assembly:93] Component symbol coverage: 583/583 assigned
2026-09-07 18:16:12 INFO     [diagram_analysis.scope_assembly:320] Merged relations: 5 total (5 static-backed, 0 semantic-only)
2026-09-07 18:16:22 INFO     [httpx:1025] HTTP Request: POST https://codeboarding-llm-api.openai.azure.com/openai/v1/chat/completions "HTTP/1.1 200 OK"
2026-09-07 18:16:22 INFO     [monitoring:62] Token Usage: step=startup model=Kimi-K2.6 usage={"input_tokens": 5739, "output_tokens": 10838, "total_tokens": 16577}
2026-09-07 18:16:22 INFO     [diagram_analysis.scope_assembly:320] Merged relations: 2 total (2 static-backed, 0 semantic-only)
2026-09-07 18:16:23 INFO     [diagram_analysis.scope_assembly:93] Component symbol coverage: 548/548 assigned
2026-09-07 18:16:23 INFO     [diagram_analysis.scope_assembly:320] Merged relations: 24 total (24 static-backed, 0 semantic-only)
2026-09-07 18:16:24 INFO     [httpx:1025] HTTP Request: POST https://codeboarding-llm-api.openai.azure.com/openai/v1/chat/completions "HTTP/1.1 200 OK"
2026-09-07 18:16:24 INFO     [monitoring:62] Token Usage: step=startup model=Kimi-K2.6 usage={"input_tokens": 15353, "output_tokens": 12056, "total_tokens": 27409}
2026-09-07 18:16:29 WARNING  [static_analyzer.reference_resolver:139] [Reference Resolution] Could not resolve reference Volo.Abp.Features.FeatureDefinitionManager:GetAllAsync in any language
2026-09-07 18:16:30 WARNING  [static_analyzer.reference_resolver:139] [Reference Resolution] Could not resolve reference Volo.Abp.Features.IStaticFeatureDefinitionStore:GetFeaturesAsync in any language
2026-09-07 18:16:30 WARNING  [static_analyzer.reference_resolver:139] [Reference Resolution] Could not resolve reference Volo.Abp.Features.FeatureDefinitionManager:GetGroupsAsync in any language
2026-09-07 18:16:30 WARNING  [static_analyzer.reference_resolver:139] [Reference Resolution] Could not resolve reference Volo.Abp.Features.IStaticFeatureDefinitionStore:GetGroupsAsync in any language
2026-09-07 18:16:30 WARNING  [static_analyzer.reference_resolver:139] [Reference Resolution] Could not resolve reference Volo.Abp.Features.FeatureDefinitionManager:GetAllAsync in any language
2026-09-07 18:16:31 WARNING  [static_analyzer.reference_resolver:139] [Reference Resolution] Could not resolve reference Volo.Abp.Features.IDynamicFeatureDefinitionStore:GetFeaturesAsync in any language
2026-09-07 18:16:31 WARNING  [static_analyzer.reference_resolver:139] [Reference Resolution] Could not resolve reference Volo.Abp.Features.FeatureDefinitionManager:GetGroupsAsync in any language
2026-09-07 18:16:31 WARNING  [static_analyzer.reference_resolver:139] [Reference Resolution] Could not resolve reference Volo.Abp.Features.IDynamicFeatureDefinitionStore:GetGroupsAsync in any language
2026-09-07 18:16:32 WARNING  [static_analyzer.reference_resolver:139] [Reference Resolution] Could not resolve reference Volo.Abp.Features.ConfigurationFeatureValueProvider:GetOrNullAsync in any language
2026-09-07 18:16:32 WARNING  [static_analyzer.reference_resolver:139] [Reference Resolution] Could not resolve reference Volo.Abp.Features.IFeatureValueProvider:GetOrNullAsync in any language
2026-09-07 18:16:33 WARNING  [static_analyzer.reference_resolver:139] [Reference Resolution] Could not resolve reference Volo.Abp.Features.EditionFeatureValueProvider:GetOrNullAsync in any language
2026-09-07 18:16:33 WARNING  [static_analyzer.reference_resolver:139] [Reference Resolution] Could not resolve reference Volo.Abp.Features.NullFeatureStore:GetOrNullAsync in any language
2026-09-07 18:16:33 WARNING  [static_analyzer.reference_resolver:139] [Reference Resolution] Could not resolve reference Volo.Abp.Features.RequireFeaturesSimpleBatchStateChecker:IsEnabledAsync in any language
2026-09-07 18:16:34 WARNING  [static_analyzer.reference_resolver:139] [Reference Resolution] Could not resolve reference Volo.Abp.Features.IFeatureChecker:IsEnabledAsync in any language
2026-09-07 18:16:34 INFO     [httpx:1025] HTTP Request: POST https://codeboarding-llm-api.openai.azure.com/openai/v1/chat/completions "HTTP/1.1 200 OK"
2026-09-07 18:16:34 INFO     [monitoring:62] Token Usage: step=startup model=Kimi-K2.6 usage={"input_tokens": 5692, "output_tokens": 3513, "total_tokens": 9205}
2026-09-07 18:16:34 WARNING  [static_analyzer.reference_resolver:139] [Reference Resolution] Could not resolve reference Volo.Abp.Features.RequireFeaturesSimpleStateChecker:IsEnabledAsync in any language
2026-09-07 18:16:35 WARNING  [static_analyzer.reference_resolver:139] [Reference Resolution] Could not resolve reference Volo.Abp.Features.FeatureCheckerExtensions:IsEnabledAsync in any language
2026-09-07 18:16:35 WARNING  [static_analyzer.reference_resolver:139] [Reference Resolution] Could not resolve reference Volo.Abp.Features.FeatureInterceptorRegistrar:ShouldIntercept in any language
2026-09-07 18:16:35 WARNING  [static_analyzer.reference_resolver:139] [Reference Resolution] Could not resolve reference Volo.Abp.Features.MethodInvocationFeatureCheckerService:GetRequiredFeatureAttributes in any language
2026-09-07 18:16:36 WARNING  [static_analyzer.reference_resolver:139] [Reference Resolution] Could not resolve reference Volo.Abp.Features.MethodInvocationFeatureCheckerService:IsFeatureCheckDisabled in any language
2026-09-07 18:16:36 WARNING  [static_analyzer.reference_resolver:139] [Reference Resolution] Could not resolve reference Volo.Abp.Features.MethodInvocationFeatureCheckerService:CheckAsync in any language
2026-09-07 18:16:37 INFO     [httpx:1025] HTTP Request: POST https://codeboarding-llm-api.openai.azure.com/openai/v1/chat/completions "HTTP/1.1 200 OK"
2026-09-07 18:16:37 WARNING  [static_analyzer.reference_resolver:139] [Reference Resolution] Could not resolve reference Volo.Abp.Features.FeatureCheckerExtensions:CheckEnabledAsync in any language
2026-09-07 18:16:37 INFO     [monitoring:62] Token Usage: step=startup model=Kimi-K2.6 usage={"input_tokens": 6568, "output_tokens": 10047, "total_tokens": 16615}
2026-09-07 18:16:37 WARNING  [static_analyzer.reference_resolver:139] [Reference Resolution] Could not resolve reference Volo.Abp.Features.AbpFeaturesModule:AutoAddDefinitionProviders in any language
2026-09-07 18:16:38 WARNING  [static_analyzer.reference_resolver:139] [Reference Resolution] Could not resolve reference Volo.Abp.Features.AbpFeaturesModule:ConfigureServices in any language
2026-09-07 18:16:39 WARNING  [static_analyzer.reference_resolver:139] [Reference Resolution] Could not resolve reference Volo.Abp.Features.AbpFeaturesModule:PreConfigureServices in any language
2026-09-07 18:16:40 WARNING  [static_analyzer.reference_resolver:139] [Reference Resolution] Could not resolve reference Volo.Abp.Features.FeatureInterceptorRegistrar:RegisterIfNeeded in any language
2026-09-07 18:16:40 INFO     [diagram_analysis.scope_assembly:320] Merged relations: 6 total (6 static-backed, 0 semantic-only)
2026-09-07 18:16:40 WARNING  [static_analyzer.reference_resolver:139] [Reference Resolution] Could not resolve reference Volo.Abp.Features.FeatureChecker:GetOrNullAsync in any language
2026-09-07 18:16:40 WARNING  [static_analyzer.reference_resolver:139] [Reference Resolution] Could not resolve reference Volo.Abp.Features.IFeatureDefinitionManager:GetOrNullAsync in any language
2026-09-07 18:16:41 WARNING  [static_analyzer.reference_resolver:139] [Reference Resolution] Could not resolve reference Volo.Abp.Features.FeatureChecker:GetOrNullValueFromProvidersAsync in any language
2026-09-07 18:16:42 WARNING  [static_analyzer.reference_resolver:139] [Reference Resolution] Could not resolve reference Volo.Abp.Features.IFeatureValueProvider:GetOrNullAsync in any language
2026-09-07 18:16:42 WARNING  [static_analyzer.reference_resolver:139] [Reference Resolution] Could not resolve reference Volo.Abp.Features.FeatureChecker:GetOrNullValueFromProvidersAsync in any language
2026-09-07 18:16:42 WARNING  [static_analyzer.reference_resolver:139] [Reference Resolution] Could not resolve reference Volo.Abp.Features.ConfigurationFeatureValueProvider:GetOrNullAsync in any language
2026-09-07 18:16:43 WARNING  [static_analyzer.reference_resolver:139] [Reference Resolution] Could not resolve reference Volo.Abp.Features.FeatureCheckerExtensions:CheckEnabledAsync in any language
2026-09-07 18:16:43 WARNING  [static_analyzer.reference_resolver:139] [Reference Resolution] Could not resolve reference Volo.Abp.Features.StaticFeatureDefinitionStore:CreateFeatureGroupDefinitionsAsync in any language
2026-09-07 18:16:44 INFO     [diagram_analysis.scope_assembly:320] Merged relations: 0 total (0 static-backed, 0 semantic-only)
2026-09-07 18:16:44 WARNING  [static_analyzer.reference_resolver:139] [Reference Resolution] Could not resolve reference Volo.Abp.Features.IFeatureDefinitionProvider:Define in any language
2026-09-07 18:16:44 WARNING  [static_analyzer.reference_resolver:139] [Reference Resolution] Could not resolve reference Volo.Abp.Features.StaticFeatureDefinitionStore:CreateFeatureGroupDefinitionsAsync in any language
2026-09-07 18:16:45 WARNING  [static_analyzer.reference_resolver:139] [Reference Resolution] Could not resolve reference Volo.Abp.Features.IDynamicFeatureDefinitionStore:GetFeaturesAsync in any language
2026-09-07 18:16:45 WARNING  [static_analyzer.reference_resolver:139] [Reference Resolution] Could not resolve reference Volo.Abp.Features.IDynamicFeatureDefinitionStore:GetGroupsAsync in any language
2026-09-07 18:16:46 INFO     [diagram_analysis.scope_assembly:320] Merged relations: 19 total (19 static-backed, 0 semantic-only)
2026-09-07 18:16:46 INFO     [diagram_analysis.scope_assembly:93] Component symbol coverage: 113/113 assigned
2026-09-07 18:16:46 INFO     [diagram_analysis.scope_assembly:320] Merged relations: 2 total (2 static-backed, 0 semantic-only)
2026-09-07 18:16:46 INFO     [diagram_analysis.scope_assembly:93] Component symbol coverage: 279/279 assigned
2026-09-07 18:16:46 INFO     [diagram_analysis.scope_assembly:320] Merged relations: 5 total (5 static-backed, 0 semantic-only)
2026-09-07 18:16:46 INFO     [diagram_analysis.scope_assembly:93] Component symbol coverage: 345/345 assigned
2026-09-07 18:16:46 INFO     [diagram_analysis.scope_assembly:320] Merged relations: 5 total (5 static-backed, 0 semantic-only)
2026-09-07 18:17:02 INFO     [diagram_analysis.diagram_generator:1353] Progress: 18 completed, 68 in flight, 0 errors
2026-09-07 18:17:28 INFO     [httpx:1025] HTTP Request: POST https://codeboarding-llm-api.openai.azure.com/openai/v1/chat/completions "HTTP/1.1 200 OK"
2026-09-07 18:17:28 INFO     [httpx:1025] HTTP Request: POST https://codeboarding-llm-api.openai.azure.com/openai/v1/chat/completions "HTTP/1.1 200 OK"
2026-09-07 18:17:28 INFO     [monitoring:62] Token Usage: step=startup model=Kimi-K2.6 usage={"input_tokens": 7207, "output_tokens": 5760, "total_tokens": 12967}
2026-09-07 18:17:28 INFO     [monitoring:62] Token Usage: step=startup model=Kimi-K2.6 usage={"input_tokens": 17278, "output_tokens": 10685, "total_tokens": 27963}
2026-09-07 18:17:31 INFO     [diagram_analysis.scope_assembly:320] Merged relations: 2 total (2 static-backed, 0 semantic-only)
2026-09-07 18:17:31 INFO     [diagram_analysis.scope_assembly:93] Component symbol coverage: 120/120 assigned
2026-09-07 18:17:31 INFO     [diagram_analysis.scope_assembly:320] Merged relations: 7 total (7 static-backed, 0 semantic-only)
2026-09-07 18:17:34 INFO     [httpx:1025] HTTP Request: POST https://codeboarding-llm-api.openai.azure.com/openai/v1/chat/completions "HTTP/1.1 200 OK"
2026-09-07 18:17:34 INFO     [monitoring:62] Token Usage: step=startup model=Kimi-K2.6 usage={"input_tokens": 24745, "output_tokens": 10438, "total_tokens": 35183}
2026-09-07 18:17:36 INFO     [diagram_analysis.scope_assembly:320] Merged relations: 5 total (5 static-backed, 0 semantic-only)
2026-09-07 18:17:36 INFO     [diagram_analysis.scope_assembly:93] Component symbol coverage: 32/32 assigned
2026-09-07 18:17:36 INFO     [diagram_analysis.scope_assembly:320] Merged relations: 2 total (2 static-backed, 0 semantic-only)
2026-09-07 18:17:41 INFO     [diagram_analysis.scope_assembly:320] Merged relations: 8 total (8 static-backed, 0 semantic-only)
2026-09-07 18:17:42 INFO     [diagram_analysis.scope_assembly:93] Component symbol coverage: 665/665 assigned
2026-09-07 18:17:42 INFO     [diagram_analysis.scope_assembly:320] Merged relations: 1 total (1 static-backed, 0 semantic-only)
2026-09-07 18:17:50 INFO     [httpx:1025] HTTP Request: POST https://codeboarding-llm-api.openai.azure.com/openai/v1/chat/completions "HTTP/1.1 200 OK"
2026-09-07 18:17:50 INFO     [monitoring:62] Token Usage: step=startup model=Kimi-K2.6 usage={"input_tokens": 31844, "output_tokens": 11872, "total_tokens": 43716}
2026-09-07 18:17:51 INFO     [httpx:1025] HTTP Request: POST https://codeboarding-llm-api.openai.azure.com/openai/v1/chat/completions "HTTP/1.1 200 OK"
2026-09-07 18:17:51 INFO     [monitoring:62] Token Usage: step=startup model=Kimi-K2.6 usage={"input_tokens": 27610, "output_tokens": 12671, "total_tokens": 40281}
2026-09-07 18:17:54 INFO     [httpx:1025] HTTP Request: POST https://codeboarding-llm-api.openai.azure.com/openai/v1/chat/completions "HTTP/1.1 200 OK"
2026-09-07 18:17:54 INFO     [monitoring:62] Token Usage: step=startup model=Kimi-K2.6 usage={"input_tokens": 26446, "output_tokens": 18426, "total_tokens": 44872}
2026-09-07 18:17:54 WARNING  [static_analyzer.reference_resolver:139] [Reference Resolution] Could not resolve reference Volo.Abp.IdentityServer.EntityFrameworkCore.Volo.Abp.IdentityServer.ApiResources.ApiResourceRepository.FindByNameAsync in any language
2026-09-07 18:17:55 WARNING  [static_analyzer.reference_resolver:139] [Reference Resolution] Could not resolve reference Volo.Abp.IdentityServer.MongoDB.Volo.Abp.IdentityServer.MongoDB.MongoApiResourceRepository.FindByNameAsync in any language
2026-09-07 18:17:58 WARNING  [static_analyzer.reference_resolver:139] [Reference Resolution] Could not resolve reference Volo.Abp.IdentityServer.Domain.Volo.Abp.IdentityServer.Clients.ClientSecret.ClientSecret in any language
2026-09-07 18:18:00 INFO     [httpx:1025] HTTP Request: POST https://codeboarding-llm-api.openai.azure.com/openai/v1/chat/completions "HTTP/1.1 200 OK"
2026-09-07 18:18:00 INFO     [monitoring:62] Token Usage: step=startup model=Kimi-K2.6 usage={"input_tokens": 3507, "output_tokens": 2833, "total_tokens": 6340}
2026-09-07 18:18:00 INFO     [agents.tools.read_file:34] [ReadFile Tool] Reading file framework/src/Volo.Abp.IdentityModel/Volo/Abp/IdentityModel/IdentityModelAuthenticationService.cs around line 1
2026-09-07 18:18:00 INFO     [agents.tools.read_file:72] [ReadFile Tool] Successfully read 300 lines from framework/src/Volo.Abp.IdentityModel/Volo/Abp/IdentityModel/IdentityModelAuthenticationService.cs 
2026-09-07 18:18:03 INFO     [diagram_analysis.scope_assembly:320] Merged relations: 24 total (24 static-backed, 0 semantic-only)
2026-09-07 18:18:07 INFO     [diagram_analysis.scope_assembly:93] Component symbol coverage: 686/686 assigned
2026-09-07 18:18:07 INFO     [diagram_analysis.scope_assembly:320] Merged relations: 24 total (24 static-backed, 0 semantic-only)
2026-09-07 18:18:10 INFO     [static_analyzer.reference_resolver:429] [Reference Resolution] File candidate matched for Volo.Abp.BlobStoring.BlobContainer.DeleteAsync in csharp at /Users/svilen/Documents/Projects/ReposForTesting/abp/framework/src/Volo.Abp.BlobStoring/Volo/Abp/BlobStoring/BlobContainer.cs
2026-09-07 18:18:10 INFO     [static_analyzer.reference_resolver:429] [Reference Resolution] File candidate matched for Volo.Abp.BlobStoring.BlobContainer.SaveAsync in csharp at /Users/svilen/Documents/Projects/ReposForTesting/abp/framework/src/Volo.Abp.BlobStoring/Volo/Abp/BlobStoring/BlobContainer.cs
2026-09-07 18:18:12 INFO     [static_analyzer.reference_resolver:429] [Reference Resolution] File candidate matched for Volo.Abp.BlobStoring.BlobContainer.DeleteAsync in csharp at /Users/svilen/Documents/Projects/ReposForTesting/abp/framework/src/Volo.Abp.BlobStoring/Volo/Abp/BlobStoring/BlobContainer.cs
2026-09-07 18:18:12 INFO     [static_analyzer.reference_resolver:429] [Reference Resolution] File candidate matched for Volo.Abp.BlobStoring.BlobContainer.SaveAsync in csharp at /Users/svilen/Documents/Projects/ReposForTesting/abp/framework/src/Volo.Abp.BlobStoring/Volo/Abp/BlobStoring/BlobContainer.cs
2026-09-07 18:18:13 INFO     [static_analyzer.reference_resolver:429] [Reference Resolution] File candidate matched for Volo.Abp.BlobStoring.BlobContainer.DeleteAsync in csharp at /Users/svilen/Documents/Projects/ReposForTesting/abp/framework/src/Volo.Abp.BlobStoring/Volo/Abp/BlobStoring/BlobContainer.cs
2026-09-07 18:18:13 INFO     [static_analyzer.reference_resolver:429] [Reference Resolution] File candidate matched for Volo.Abp.BlobStoring.BlobContainer.SaveAsync in csharp at /Users/svilen/Documents/Projects/ReposForTesting/abp/framework/src/Volo.Abp.BlobStoring/Volo/Abp/BlobStoring/BlobContainer.cs
2026-09-07 18:18:14 INFO     [static_analyzer.reference_resolver:429] [Reference Resolution] File candidate matched for Volo.Abp.BlobStoring.BlobContainer.DeleteAsync in csharp at /Users/svilen/Documents/Projects/ReposForTesting/abp/framework/src/Volo.Abp.BlobStoring/Volo/Abp/BlobStoring/BlobContainer.cs
2026-09-07 18:18:14 INFO     [static_analyzer.reference_resolver:429] [Reference Resolution] File candidate matched for Volo.Abp.BlobStoring.BlobContainer.SaveAsync in csharp at /Users/svilen/Documents/Projects/ReposForTesting/abp/framework/src/Volo.Abp.BlobStoring/Volo/Abp/BlobStoring/BlobContainer.cs
2026-09-07 18:18:15 INFO     [static_analyzer.reference_resolver:429] [Reference Resolution] File candidate matched for Volo.Abp.BlobStoring.BlobContainer.DeleteAsync in csharp at /Users/svilen/Documents/Projects/ReposForTesting/abp/framework/src/Volo.Abp.BlobStoring/Volo/Abp/BlobStoring/BlobContainer.cs
2026-09-07 18:18:16 INFO     [static_analyzer.reference_resolver:429] [Reference Resolution] File candidate matched for Volo.Abp.BlobStoring.BlobContainer.SaveAsync in csharp at /Users/svilen/Documents/Projects/ReposForTesting/abp/framework/src/Volo.Abp.BlobStoring/Volo/Abp/BlobStoring/BlobContainer.cs
2026-09-07 18:18:16 INFO     [static_analyzer.reference_resolver:429] [Reference Resolution] File candidate matched for Volo.Abp.BlobStoring.BlobContainer.DeleteAsync in csharp at /Users/svilen/Documents/Projects/ReposForTesting/abp/framework/src/Volo.Abp.BlobStoring/Volo/Abp/BlobStoring/BlobContainer.cs
2026-09-07 18:18:17 INFO     [static_analyzer.reference_resolver:429] [Reference Resolution] File candidate matched for Volo.Abp.BlobStoring.BlobContainer.SaveAsync in csharp at /Users/svilen/Documents/Projects/ReposForTesting/abp/framework/src/Volo.Abp.BlobStoring/Volo/Abp/BlobStoring/BlobContainer.cs
2026-09-07 18:18:18 INFO     [static_analyzer.reference_resolver:429] [Reference Resolution] File candidate matched for Volo.Abp.BlobStoring.BlobContainer.DeleteAsync in csharp at /Users/svilen/Documents/Projects/ReposForTesting/abp/framework/src/Volo.Abp.BlobStoring/Volo/Abp/BlobStoring/BlobContainer.cs
2026-09-07 18:18:18 INFO     [static_analyzer.reference_resolver:429] [Reference Resolution] File candidate matched for Volo.Abp.BlobStoring.BlobContainer.SaveAsync in csharp at /Users/svilen/Documents/Projects/ReposForTesting/abp/framework/src/Volo.Abp.BlobStoring/Volo/Abp/BlobStoring/BlobContainer.cs
2026-09-07 18:18:22 INFO     [httpx:1025] HTTP Request: POST https://codeboarding-llm-api.openai.azure.com/openai/v1/chat/completions "HTTP/1.1 200 OK"
2026-09-07 18:18:22 INFO     [monitoring:62] Token Usage: step=startup model=Kimi-K2.6 usage={"input_tokens": 11210, "output_tokens": 5966, "total_tokens": 17176}
2026-09-07 18:18:24 INFO     [diagram_analysis.scope_assembly:320] Merged relations: 15 total (15 static-backed, 0 semantic-only)
2026-09-07 18:18:26 INFO     [diagram_analysis.scope_assembly:93] Component symbol coverage: 561/561 assigned
2026-09-07 18:18:26 INFO     [diagram_analysis.scope_assembly:320] Merged relations: 13 total (13 static-backed, 0 semantic-only)
2026-09-07 18:18:33 INFO     [diagram_analysis.scope_assembly:320] Merged relations: 15 total (15 static-backed, 0 semantic-only)
2026-09-07 18:18:34 INFO     [diagram_analysis.scope_assembly:93] Component symbol coverage: 331/331 assigned
2026-09-07 18:18:34 INFO     [diagram_analysis.scope_assembly:320] Merged relations: 12 total (12 static-backed, 0 semantic-only)
2026-09-07 18:18:34 INFO     [httpx:1025] HTTP Request: POST https://codeboarding-llm-api.openai.azure.com/openai/v1/chat/completions "HTTP/1.1 200 OK"
2026-09-07 18:18:34 INFO     [monitoring:62] Token Usage: step=startup model=Kimi-K2.6 usage={"input_tokens": 6820, "output_tokens": 4265, "total_tokens": 11085}
2026-09-07 18:18:34 INFO     [diagram_analysis.scope_assembly:320] Merged relations: 2 total (2 static-backed, 0 semantic-only)
2026-09-07 18:18:35 INFO     [diagram_analysis.scope_assembly:320] Merged relations: 1 total (1 static-backed, 0 semantic-only)
2026-09-07 18:18:35 INFO     [diagram_analysis.scope_assembly:93] Component symbol coverage: 127/127 assigned
2026-09-07 18:18:35 INFO     [diagram_analysis.scope_assembly:320] Merged relations: 1 total (1 static-backed, 0 semantic-only)
2026-09-07 18:18:35 INFO     [diagram_analysis.scope_assembly:93] Component symbol coverage: 139/139 assigned
2026-09-07 18:18:35 INFO     [diagram_analysis.scope_assembly:320] Merged relations: 4 total (4 static-backed, 0 semantic-only)
2026-09-07 18:18:44 INFO     [httpx:1025] HTTP Request: POST https://codeboarding-llm-api.openai.azure.com/openai/v1/chat/completions "HTTP/1.1 200 OK"
2026-09-07 18:18:44 INFO     [monitoring:62] Token Usage: step=startup model=Kimi-K2.6 usage={"input_tokens": 14201, "output_tokens": 12661, "total_tokens": 26862}
2026-09-07 18:18:46 INFO     [diagram_analysis.scope_assembly:320] Merged relations: 5 total (5 static-backed, 0 semantic-only)
2026-09-07 18:18:46 INFO     [diagram_analysis.scope_assembly:93] Component symbol coverage: 110/110 assigned
2026-09-07 18:18:46 INFO     [diagram_analysis.scope_assembly:320] Merged relations: 2 total (2 static-backed, 0 semantic-only)
2026-09-07 18:18:50 INFO     [httpx:1025] HTTP Request: POST https://codeboarding-llm-api.openai.azure.com/openai/v1/chat/completions "HTTP/1.1 200 OK"
2026-09-07 18:18:50 INFO     [monitoring:62] Token Usage: step=startup model=Kimi-K2.6 usage={"input_tokens": 7716, "output_tokens": 11935, "total_tokens": 19651}
2026-09-07 18:18:51 INFO     [diagram_analysis.scope_assembly:320] Merged relations: 7 total (7 static-backed, 0 semantic-only)
2026-09-07 18:18:51 INFO     [diagram_analysis.scope_assembly:93] Component symbol coverage: 159/159 assigned
2026-09-07 18:18:51 INFO     [diagram_analysis.scope_assembly:320] Merged relations: 27 total (27 static-backed, 0 semantic-only)
2026-09-07 18:18:54 INFO     [httpx:1025] HTTP Request: POST https://codeboarding-llm-api.openai.azure.com/openai/v1/chat/completions "HTTP/1.1 200 OK"
2026-09-07 18:18:55 INFO     [monitoring:62] Token Usage: step=startup model=Kimi-K2.6 usage={"input_tokens": 12207, "output_tokens": 16480, "total_tokens": 28687}
2026-09-07 18:19:00 INFO     [httpx:1025] HTTP Request: POST https://codeboarding-llm-api.openai.azure.com/openai/v1/chat/completions "HTTP/1.1 200 OK"
2026-09-07 18:19:00 INFO     [monitoring:62] Token Usage: step=startup model=Kimi-K2.6 usage={"input_tokens": 5757, "output_tokens": 3792, "total_tokens": 9549}
2026-09-07 18:19:03 INFO     [diagram_analysis.scope_assembly:320] Merged relations: 1 total (1 static-backed, 0 semantic-only)
2026-09-07 18:19:04 INFO     [diagram_analysis.scope_assembly:320] Merged relations: 5 total (5 static-backed, 0 semantic-only)
2026-09-07 18:19:05 INFO     [diagram_analysis.scope_assembly:93] Component symbol coverage: 170/170 assigned
2026-09-07 18:19:05 INFO     [diagram_analysis.scope_assembly:320] Merged relations: 1 total (1 static-backed, 0 semantic-only)
2026-09-07 18:19:05 INFO     [diagram_analysis.scope_assembly:93] Component symbol coverage: 114/114 assigned
2026-09-07 18:19:05 INFO     [diagram_analysis.scope_assembly:320] Merged relations: 9 total (9 static-backed, 0 semantic-only)
2026-09-07 18:19:43 INFO     [httpx:1025] HTTP Request: POST https://codeboarding-llm-api.openai.azure.com/openai/v1/chat/completions "HTTP/1.1 200 OK"
2026-09-07 18:19:44 INFO     [monitoring:62] Token Usage: step=startup model=Kimi-K2.6 usage={"input_tokens": 4234, "output_tokens": 3930, "total_tokens": 8164}
2026-09-07 18:19:45 INFO     [diagram_analysis.scope_assembly:320] Merged relations: 1 total (1 static-backed, 0 semantic-only)
2026-09-07 18:19:46 INFO     [diagram_analysis.scope_assembly:93] Component symbol coverage: 110/110 assigned
2026-09-07 18:19:46 INFO     [diagram_analysis.scope_assembly:320] Merged relations: 7 total (7 static-backed, 0 semantic-only)
2026-09-07 18:19:49 INFO     [diagram_analysis.diagram_generator:1353] Progress: 27 completed, 59 in flight, 0 errors
2026-09-07 18:19:51 INFO     [httpx:1025] HTTP Request: POST https://codeboarding-llm-api.openai.azure.com/openai/v1/chat/completions "HTTP/1.1 200 OK"
2026-09-07 18:19:52 INFO     [monitoring:62] Token Usage: step=startup model=Kimi-K2.6 usage={"input_tokens": 8488, "output_tokens": 11381, "total_tokens": 19869}
2026-09-07 18:19:55 INFO     [static_analyzer.reference_resolver:394] [Reference Resolution] File path matched for Volo.Abp.ObjectExtending.Volo.Abp.ObjectExtending.ObjectExtensionPropertyInfo.ObjectExtensionPropertyInfo(ObjectExtensionInfo objectExtensionInfo, Type type, string name) in csharp at /Users/svilen/Documents/Projects/ReposForTesting/abp/framework/src/Volo.Abp.ObjectExtending/Volo/Abp/ObjectExtending/ObjectExtensionPropertyInfo.cs
2026-09-07 18:19:55 INFO     [diagram_analysis.scope_assembly:320] Merged relations: 4 total (4 static-backed, 0 semantic-only)
2026-09-07 18:19:55 INFO     [diagram_analysis.scope_assembly:93] Component symbol coverage: 172/172 assigned
2026-09-07 18:19:55 INFO     [diagram_analysis.scope_assembly:320] Merged relations: 3 total (3 static-backed, 0 semantic-only)
2026-09-07 18:20:02 INFO     [httpx:1025] HTTP Request: POST https://codeboarding-llm-api.openai.azure.com/openai/v1/chat/completions "HTTP/1.1 200 OK"
2026-09-07 18:20:02 INFO     [monitoring:62] Token Usage: step=startup model=Kimi-K2.6 usage={"input_tokens": 7016, "output_tokens": 8942, "total_tokens": 15958}
2026-09-07 18:20:10 INFO     [httpx:1025] HTTP Request: POST https://codeboarding-llm-api.openai.azure.com/openai/v1/chat/completions "HTTP/1.1 200 OK"
2026-09-07 18:20:10 INFO     [monitoring:62] Token Usage: step=startup model=Kimi-K2.6 usage={"input_tokens": 20016, "output_tokens": 10064, "total_tokens": 30080}
2026-09-07 18:20:13 WARNING  [static_analyzer.reference_resolver:139] [Reference Resolution] Could not resolve reference Volo.Abp.AuditLogging.EntityFrameworkCore.EfCoreAuditLogRepository:GetEntityChange in any language
2026-09-07 18:20:14 WARNING  [static_analyzer.reference_resolver:139] [Reference Resolution] Could not resolve reference Volo.Abp.AuditLogging.EntityFrameworkCore.EfCoreAuditLogRepository:GetEntityChangeWithUsernameAsync in any language
2026-09-07 18:20:14 WARNING  [static_analyzer.reference_resolver:139] [Reference Resolution] Could not resolve reference Volo.Abp.AuditLogging.AbpAuditLoggingEfCoreQueryableExtensions:IncludeDetails in any language
2026-09-07 18:20:15 WARNING  [static_analyzer.reference_resolver:139] [Reference Resolution] Could not resolve reference Volo.Abp.AuditLogging.MongoDB.MongoAuditLogRepository:GetEntityChange in any language
2026-09-07 18:20:15 WARNING  [static_analyzer.reference_resolver:139] [Reference Resolution] Could not resolve reference Volo.Abp.AuditLogging.MongoDB.MongoAuditLogRepository:GetEntityChangeWithUsernameAsync in any language
2026-09-07 18:20:16 INFO     [httpx:1025] HTTP Request: POST https://codeboarding-llm-api.openai.azure.com/openai/v1/chat/completions "HTTP/1.1 200 OK"
2026-09-07 18:20:16 WARNING  [static_analyzer.reference_resolver:139] [Reference Resolution] Could not resolve reference Volo.Abp.AuditLogging.MongoDB.AbpAuditLoggingMongoDbContextExtensions:ConfigureAuditLogging in any language
2026-09-07 18:20:16 INFO     [monitoring:62] Token Usage: step=startup model=Kimi-K2.6 usage={"input_tokens": 16165, "output_tokens": 16772, "total_tokens": 32937}
2026-09-07 18:20:16 INFO     [diagram_analysis.scope_assembly:320] Merged relations: 2 total (2 static-backed, 0 semantic-only)
2026-09-07 18:20:19 INFO     [diagram_analysis.scope_assembly:93] Component symbol coverage: 106/106 assigned
2026-09-07 18:20:19 INFO     [diagram_analysis.scope_assembly:320] Merged relations: 6 total (6 static-backed, 0 semantic-only)
2026-09-07 18:20:20 WARNING  [static_analyzer.reference_resolver:139] [Reference Resolution] Could not resolve reference Volo.Abp.Uow.UnitOfWorkManagerExtensions:Begin in any language
2026-09-07 18:20:21 WARNING  [static_analyzer.reference_resolver:139] [Reference Resolution] Could not resolve reference Volo.Abp.Uow.UnitOfWorkManager:Begin in any language
2026-09-07 18:20:22 INFO     [httpx:1025] HTTP Request: POST https://codeboarding-llm-api.openai.azure.com/openai/v1/chat/completions "HTTP/1.1 200 OK"
2026-09-07 18:20:22 INFO     [monitoring:62] Token Usage: step=startup model=Kimi-K2.6 usage={"input_tokens": 4539, "output_tokens": 4018, "total_tokens": 8557}
2026-09-07 18:20:22 WARNING  [static_analyzer.reference_resolver:139] [Reference Resolution] Could not resolve reference Volo.Abp.Uow.UnitOfWorkManager:Begin in any language
2026-09-07 18:20:22 WARNING  [static_analyzer.reference_resolver:139] [Reference Resolution] Could not resolve reference Volo.Abp.Uow.AbpUnitOfWorkModule:PreConfigureServices in any language
2026-09-07 18:20:22 WARNING  [static_analyzer.reference_resolver:139] [Reference Resolution] Could not resolve reference Volo.Abp.Uow.UnitOfWorkInterceptorRegistrar:RegisterIfNeeded in any language
2026-09-07 18:20:23 WARNING  [static_analyzer.reference_resolver:139] [Reference Resolution] Could not resolve reference Volo.Abp.Uow.AbpUnitOfWorkDefaultOptions:Normalize in any language
2026-09-07 18:20:24 WARNING  [static_analyzer.reference_resolver:139] [Reference Resolution] Could not resolve reference Volo.Abp.Uow.UnitOfWork:CompleteAsync in any language
2026-09-07 18:20:24 WARNING  [static_analyzer.reference_resolver:139] [Reference Resolution] Could not resolve reference Volo.Abp.Uow.IUnitOfWorkEventPublisher:PublishLocalEventsAsync in any language
2026-09-07 18:20:24 WARNING  [static_analyzer.reference_resolver:139] [Reference Resolution] Could not resolve reference Volo.Abp.Uow.UnitOfWork:CommitTransactionsAsync in any language
2026-09-07 18:20:25 WARNING  [static_analyzer.reference_resolver:139] [Reference Resolution] Could not resolve reference Volo.Abp.Uow.ITransactionApi:CommitAsync in any language
2026-09-07 18:20:25 WARNING  [static_analyzer.reference_resolver:139] [Reference Resolution] Could not resolve reference Volo.Abp.Uow.UnitOfWorkInterceptor:InterceptAsync in any language
2026-09-07 18:20:25 WARNING  [static_analyzer.reference_resolver:139] [Reference Resolution] Could not resolve reference Volo.Abp.Uow.IUnitOfWorkManager:Begin in any language
2026-09-07 18:20:25 WARNING  [static_analyzer.reference_resolver:139] [Reference Resolution] Could not resolve reference Volo.Abp.Uow.UnitOfWorkInterceptor:CreateOptions in any language
2026-09-07 18:20:26 WARNING  [static_analyzer.reference_resolver:139] [Reference Resolution] Could not resolve reference Volo.Abp.Uow.UnitOfWorkInterceptor:InterceptAsync in any language
2026-09-07 18:20:26 WARNING  [static_analyzer.reference_resolver:139] [Reference Resolution] Could not resolve reference Volo.Abp.Uow.UnitOfWork:CompleteAsync in any language
2026-09-07 18:20:27 WARNING  [static_analyzer.reference_resolver:139] [Reference Resolution] Could not resolve reference Volo.Abp.Uow.UnitOfWorkInterceptor:InterceptAsync in any language
2026-09-07 18:20:27 WARNING  [static_analyzer.reference_resolver:139] [Reference Resolution] Could not resolve reference Volo.Abp.Uow.IUnitOfWork:CompleteAsync in any language
2026-09-07 18:20:27 WARNING  [static_analyzer.reference_resolver:139] [Reference Resolution] Could not resolve reference Volo.Abp.Uow.UnitOfWorkInterceptor:InterceptAsync in any language
2026-09-07 18:20:28 WARNING  [static_analyzer.reference_resolver:139] [Reference Resolution] Could not resolve reference Volo.Abp.Uow.ChildUnitOfWork:CompleteAsync in any language
2026-09-07 18:20:29 WARNING  [static_analyzer.reference_resolver:139] [Reference Resolution] Could not resolve reference Volo.Abp.Uow.ChildUnitOfWork:AddDatabaseApi in any language
2026-09-07 18:20:29 INFO     [diagram_analysis.scope_assembly:320] Merged relations: 12 total (12 static-backed, 0 semantic-only)
2026-09-07 18:20:29 WARNING  [static_analyzer.reference_resolver:139] [Reference Resolution] Could not resolve reference Volo.Abp.Uow.UnitOfWork:AddDatabaseApi in any language
2026-09-07 18:20:29 WARNING  [static_analyzer.reference_resolver:139] [Reference Resolution] Could not resolve reference Volo.Abp.Uow.ChildUnitOfWork:AddTransactionApi in any language
2026-09-07 18:20:30 INFO     [diagram_analysis.scope_assembly:320] Merged relations: 27 total (27 static-backed, 0 semantic-only)
2026-09-07 18:20:30 INFO     [diagram_analysis.scope_assembly:320] Merged relations: 3 total (3 static-backed, 0 semantic-only)
2026-09-07 18:20:30 INFO     [diagram_analysis.scope_assembly:93] Component symbol coverage: 51/51 assigned
2026-09-07 18:20:30 INFO     [diagram_analysis.scope_assembly:320] Merged relations: 8 total (8 static-backed, 0 semantic-only)
2026-09-07 18:20:30 INFO     [diagram_analysis.scope_assembly:93] Component symbol coverage: 189/189 assigned
2026-09-07 18:20:30 INFO     [diagram_analysis.scope_assembly:320] Merged relations: 4 total (4 static-backed, 0 semantic-only)
2026-09-07 18:20:30 INFO     [httpx:1025] HTTP Request: POST https://codeboarding-llm-api.openai.azure.com/openai/v1/chat/completions "HTTP/1.1 200 OK"
2026-09-07 18:20:30 INFO     [diagram_analysis.scope_assembly:93] Component symbol coverage: 249/249 assigned
2026-09-07 18:20:30 INFO     [diagram_analysis.scope_assembly:320] Merged relations: 0 total (0 static-backed, 0 semantic-only)
2026-09-07 18:20:31 INFO     [monitoring:62] Token Usage: step=startup model=Kimi-K2.6 usage={"input_tokens": 8401, "output_tokens": 13567, "total_tokens": 21968}
2026-09-07 18:20:32 INFO     [diagram_analysis.scope_assembly:320] Merged relations: 9 total (9 static-backed, 0 semantic-only)
2026-09-07 18:20:32 INFO     [diagram_analysis.scope_assembly:93] Component symbol coverage: 35/35 assigned
2026-09-07 18:20:32 INFO     [diagram_analysis.scope_assembly:320] Merged relations: 2 total (2 static-backed, 0 semantic-only)
2026-09-07 18:20:38 INFO     [httpx:1025] HTTP Request: POST https://codeboarding-llm-api.openai.azure.com/openai/v1/chat/completions "HTTP/1.1 200 OK"
2026-09-07 18:20:39 INFO     [monitoring:62] Token Usage: step=startup model=Kimi-K2.6 usage={"input_tokens": 30523, "output_tokens": 18170, "total_tokens": 48693}
2026-09-07 18:20:40 INFO     [httpx:1025] HTTP Request: POST https://codeboarding-llm-api.openai.azure.com/openai/v1/chat/completions "HTTP/1.1 200 OK"
2026-09-07 18:20:40 INFO     [monitoring:62] Token Usage: step=startup model=Kimi-K2.6 usage={"input_tokens": 19761, "output_tokens": 18787, "total_tokens": 38548}
2026-09-07 18:20:44 INFO     [diagram_analysis.scope_assembly:320] Merged relations: 13 total (13 static-backed, 0 semantic-only)
2026-09-07 18:20:44 INFO     [diagram_analysis.scope_assembly:93] Component symbol coverage: 72/72 assigned
2026-09-07 18:20:44 INFO     [diagram_analysis.scope_assembly:320] Merged relations: 5 total (5 static-backed, 0 semantic-only)
2026-09-07 18:20:49 INFO     [diagram_analysis.scope_assembly:320] Merged relations: 24 total (24 static-backed, 0 semantic-only)
2026-09-07 18:20:49 INFO     [diagram_analysis.scope_assembly:93] Component symbol coverage: 50/50 assigned
2026-09-07 18:20:49 INFO     [diagram_analysis.scope_assembly:320] Merged relations: 4 total (4 static-backed, 0 semantic-only)
2026-09-07 18:20:50 INFO     [httpx:1025] HTTP Request: POST https://codeboarding-llm-api.openai.azure.com/openai/v1/chat/completions "HTTP/1.1 200 OK"
2026-09-07 18:20:50 INFO     [monitoring:62] Token Usage: step=startup model=Kimi-K2.6 usage={"input_tokens": 10852, "output_tokens": 10373, "total_tokens": 21225}
2026-09-07 18:20:53 INFO     [static_analyzer.reference_resolver:394] [Reference Resolution] File path matched for Volo.Abp.Imaging.ImageCompressor:CompressAsync in csharp at /Users/svilen/Documents/Projects/ReposForTesting/abp/framework/src/Volo.Abp.Imaging.Abstractions/Volo/Abp/Imaging/ImageCompressor.cs
2026-09-07 18:20:54 INFO     [static_analyzer.reference_resolver:394] [Reference Resolution] File path matched for Volo.Abp.Imaging.ImageSharpImageCompressorContributor:TryCompressAsync in csharp at /Users/svilen/Documents/Projects/ReposForTesting/abp/framework/src/Volo.Abp.Imaging.ImageSharp/Volo/Abp/Imaging/ImageSharpImageCompressorContributor.cs
2026-09-07 18:20:54 INFO     [static_analyzer.reference_resolver:394] [Reference Resolution] File path matched for Volo.Abp.Imaging.ImageResizer:ResizeAsync in csharp at /Users/svilen/Documents/Projects/ReposForTesting/abp/framework/src/Volo.Abp.Imaging.Abstractions/Volo/Abp/Imaging/ImageResizer.cs
2026-09-07 18:20:54 INFO     [static_analyzer.reference_resolver:394] [Reference Resolution] File path matched for Volo.Abp.Imaging.ImageSharpImageResizerContributor:TryResizeAsync in csharp at /Users/svilen/Documents/Projects/ReposForTesting/abp/framework/src/Volo.Abp.Imaging.ImageSharp/Volo/Abp/Imaging/ImageSharpImageResizerContributor.cs
2026-09-07 18:20:54 INFO     [static_analyzer.reference_resolver:394] [Reference Resolution] File path matched for Volo.Abp.Imaging.ImageCompressor:CompressAsync in csharp at /Users/svilen/Documents/Projects/ReposForTesting/abp/framework/src/Volo.Abp.Imaging.Abstractions/Volo/Abp/Imaging/ImageCompressor.cs
2026-09-07 18:20:55 INFO     [static_analyzer.reference_resolver:394] [Reference Resolution] File path matched for Volo.Abp.Imaging.MagickImageCompressorContributor:TryCompressAsync in csharp at /Users/svilen/Documents/Projects/ReposForTesting/abp/framework/src/Volo.Abp.Imaging.MagickNet/Volo/Abp/Imaging/MagickImageCompressorContributor.cs
2026-09-07 18:20:55 INFO     [static_analyzer.reference_resolver:394] [Reference Resolution] File path matched for Volo.Abp.Imaging.ImageResizer:ResizeAsync in csharp at /Users/svilen/Documents/Projects/ReposForTesting/abp/framework/src/Volo.Abp.Imaging.Abstractions/Volo/Abp/Imaging/ImageResizer.cs
2026-09-07 18:20:55 INFO     [static_analyzer.reference_resolver:394] [Reference Resolution] File path matched for Volo.Abp.Imaging.MagickImageResizerContributor:TryResizeAsync in csharp at /Users/svilen/Documents/Projects/ReposForTesting/abp/framework/src/Volo.Abp.Imaging.MagickNet/Volo/Abp/Imaging/MagickImageResizerContributor.cs
2026-09-07 18:20:56 INFO     [static_analyzer.reference_resolver:394] [Reference Resolution] File path matched for Volo.Abp.Imaging.ImageCompressor:CompressAsync in csharp at /Users/svilen/Documents/Projects/ReposForTesting/abp/framework/src/Volo.Abp.Imaging.Abstractions/Volo/Abp/Imaging/ImageCompressor.cs
2026-09-07 18:20:56 INFO     [static_analyzer.reference_resolver:394] [Reference Resolution] File path matched for Volo.Abp.Imaging.SkiaSharpImageCompressorContributor:TryCompressAsync in csharp at /Users/svilen/Documents/Projects/ReposForTesting/abp/framework/src/Volo.Abp.Imaging.SkiaSharp/Volo/Abp/Imaging/SkiaSharpImageCompressorContributor.cs
2026-09-07 18:20:56 INFO     [static_analyzer.reference_resolver:394] [Reference Resolution] File path matched for Volo.Abp.Imaging.ImageResizer:ResizeAsync in csharp at /Users/svilen/Documents/Projects/ReposForTesting/abp/framework/src/Volo.Abp.Imaging.Abstractions/Volo/Abp/Imaging/ImageResizer.cs
2026-09-07 18:20:56 INFO     [static_analyzer.reference_resolver:394] [Reference Resolution] File path matched for Volo.Abp.Imaging.SkiaSharpImageResizerContributor:TryResizeAsync in csharp at /Users/svilen/Documents/Projects/ReposForTesting/abp/framework/src/Volo.Abp.Imaging.SkiaSharp/Volo/Abp/Imaging/SkiaSharpImageResizerContributor.cs
2026-09-07 18:20:57 INFO     [static_analyzer.reference_resolver:394] [Reference Resolution] File path matched for Volo.Abp.Imaging.ImageSharpImageCompressorContributor:TryCompressAsync in csharp at /Users/svilen/Documents/Projects/ReposForTesting/abp/framework/src/Volo.Abp.Imaging.ImageSharp/Volo/Abp/Imaging/ImageSharpImageCompressorContributor.cs
2026-09-07 18:20:57 INFO     [static_analyzer.reference_resolver:394] [Reference Resolution] File path matched for Volo.Abp.Imaging.ImageCompressResult in csharp at /Users/svilen/Documents/Projects/ReposForTesting/abp/framework/src/Volo.Abp.Imaging.Abstractions/Volo/Abp/Imaging/ImageCompressResult.cs
2026-09-07 18:20:57 INFO     [static_analyzer.reference_resolver:394] [Reference Resolution] File path matched for Volo.Abp.Imaging.ImageSharpImageResizerContributor:TryResizeAsync in csharp at /Users/svilen/Documents/Projects/ReposForTesting/abp/framework/src/Volo.Abp.Imaging.ImageSharp/Volo/Abp/Imaging/ImageSharpImageResizerContributor.cs
2026-09-07 18:20:57 INFO     [static_analyzer.reference_resolver:394] [Reference Resolution] File path matched for Volo.Abp.Imaging.ImageResizeResult in csharp at /Users/svilen/Documents/Projects/ReposForTesting/abp/framework/src/Volo.Abp.Imaging.Abstractions/Volo/Abp/Imaging/ImageResizeResult.cs
2026-09-07 18:20:58 INFO     [static_analyzer.reference_resolver:394] [Reference Resolution] File path matched for Volo.Abp.Imaging.MagickImageCompressorContributor:TryCompressAsync in csharp at /Users/svilen/Documents/Projects/ReposForTesting/abp/framework/src/Volo.Abp.Imaging.MagickNet/Volo/Abp/Imaging/MagickImageCompressorContributor.cs
2026-09-07 18:20:58 INFO     [httpx:1025] HTTP Request: POST https://codeboarding-llm-api.openai.azure.com/openai/v1/chat/completions "HTTP/1.1 200 OK"
2026-09-07 18:20:58 INFO     [monitoring:62] Token Usage: step=startup model=Kimi-K2.6 usage={"input_tokens": 2998, "output_tokens": 2282, "total_tokens": 5280}
2026-09-07 18:20:58 INFO     [static_analyzer.reference_resolver:394] [Reference Resolution] File path matched for Volo.Abp.Imaging.ImageCompressResult in csharp at /Users/svilen/Documents/Projects/ReposForTesting/abp/framework/src/Volo.Abp.Imaging.Abstractions/Volo/Abp/Imaging/ImageCompressResult.cs
2026-09-07 18:20:58 INFO     [static_analyzer.reference_resolver:394] [Reference Resolution] File path matched for Volo.Abp.Imaging.MagickImageResizerContributor:TryResizeAsync in csharp at /Users/svilen/Documents/Projects/ReposForTesting/abp/framework/src/Volo.Abp.Imaging.MagickNet/Volo/Abp/Imaging/MagickImageResizerContributor.cs
2026-09-07 18:20:59 INFO     [static_analyzer.reference_resolver:394] [Reference Resolution] File path matched for Volo.Abp.Imaging.ImageResizeResult in csharp at /Users/svilen/Documents/Projects/ReposForTesting/abp/framework/src/Volo.Abp.Imaging.Abstractions/Volo/Abp/Imaging/ImageResizeResult.cs
2026-09-07 18:20:59 INFO     [static_analyzer.reference_resolver:394] [Reference Resolution] File path matched for Volo.Abp.Imaging.SkiaSharpImageCompressorContributor:TryCompressAsync in csharp at /Users/svilen/Documents/Projects/ReposForTesting/abp/framework/src/Volo.Abp.Imaging.SkiaSharp/Volo/Abp/Imaging/SkiaSharpImageCompressorContributor.cs
2026-09-07 18:20:59 INFO     [static_analyzer.reference_resolver:394] [Reference Resolution] File path matched for Volo.Abp.Imaging.ImageCompressResult in csharp at /Users/svilen/Documents/Projects/ReposForTesting/abp/framework/src/Volo.Abp.Imaging.Abstractions/Volo/Abp/Imaging/ImageCompressResult.cs
2026-09-07 18:21:00 INFO     [static_analyzer.reference_resolver:394] [Reference Resolution] File path matched for Volo.Abp.Imaging.SkiaSharpImageResizerContributor:TryResizeAsync in csharp at /Users/svilen/Documents/Projects/ReposForTesting/abp/framework/src/Volo.Abp.Imaging.SkiaSharp/Volo/Abp/Imaging/SkiaSharpImageResizerContributor.cs
2026-09-07 18:21:00 INFO     [static_analyzer.reference_resolver:394] [Reference Resolution] File path matched for Volo.Abp.Imaging.ImageResizeResult in csharp at /Users/svilen/Documents/Projects/ReposForTesting/abp/framework/src/Volo.Abp.Imaging.Abstractions/Volo/Abp/Imaging/ImageResizeResult.cs
2026-09-07 18:21:01 INFO     [static_analyzer.reference_resolver:394] [Reference Resolution] File path matched for Volo.Abp.Imaging.ImageCompressor:CompressAsync in csharp at /Users/svilen/Documents/Projects/ReposForTesting/abp/framework/src/Volo.Abp.Imaging.Abstractions/Volo/Abp/Imaging/ImageCompressor.cs
2026-09-07 18:21:01 INFO     [diagram_analysis.scope_assembly:320] Merged relations: 7 total (7 static-backed, 0 semantic-only)
2026-09-07 18:21:02 INFO     [diagram_analysis.scope_assembly:93] Component symbol coverage: 41/41 assigned
2026-09-07 18:21:02 INFO     [diagram_analysis.scope_assembly:320] Merged relations: 8 total (8 static-backed, 0 semantic-only)
2026-09-07 18:21:03 INFO     [diagram_analysis.scope_assembly:320] Merged relations: 0 total (0 static-backed, 0 semantic-only)
2026-09-07 18:21:03 INFO     [diagram_analysis.scope_assembly:93] Component symbol coverage: 49/49 assigned
2026-09-07 18:21:03 INFO     [diagram_analysis.scope_assembly:320] Merged relations: 2 total (2 static-backed, 0 semantic-only)
2026-09-07 18:21:28 INFO     [httpx:1025] HTTP Request: POST https://codeboarding-llm-api.openai.azure.com/openai/v1/chat/completions "HTTP/1.1 200 OK"
2026-09-07 18:21:28 INFO     [monitoring:62] Token Usage: step=startup model=Kimi-K2.6 usage={"input_tokens": 6967, "output_tokens": 8478, "total_tokens": 15445}
2026-09-07 18:21:30 INFO     [diagram_analysis.scope_assembly:320] Merged relations: 6 total (6 static-backed, 0 semantic-only)
2026-09-07 18:21:30 INFO     [diagram_analysis.scope_assembly:93] Component symbol coverage: 40/40 assigned
2026-09-07 18:21:30 INFO     [diagram_analysis.scope_assembly:320] Merged relations: 3 total (3 static-backed, 0 semantic-only)
2026-09-07 18:21:45 INFO     [httpx:1025] HTTP Request: POST https://codeboarding-llm-api.openai.azure.com/openai/v1/chat/completions "HTTP/1.1 200 OK"
2026-09-07 18:21:45 INFO     [monitoring:62] Token Usage: step=startup model=Kimi-K2.6 usage={"input_tokens": 4865, "output_tokens": 7766, "total_tokens": 12631}
2026-09-07 18:21:45 WARNING  [static_analyzer.reference_resolver:139] [Reference Resolution] Could not resolve reference Volo.Abp.AutoMapper.Volo.Abp.AutoMapper.AutoMapperAutoObjectMappingProvider.AutoMapperAutoObjectMappingProvider(IMapperAccessor mapperAccessor) in any language
2026-09-07 18:21:45 INFO     [diagram_analysis.scope_assembly:320] Merged relations: 4 total (4 static-backed, 0 semantic-only)
2026-09-07 18:21:47 INFO     [diagram_analysis.scope_assembly:93] Component symbol coverage: 1604/1604 assigned
2026-09-07 18:21:47 INFO     [diagram_analysis.scope_assembly:320] Merged relations: 15 total (15 static-backed, 0 semantic-only)
2026-09-07 18:21:47 INFO     [httpx:1025] HTTP Request: POST https://codeboarding-llm-api.openai.azure.com/openai/v1/chat/completions "HTTP/1.1 200 OK"
2026-09-07 18:21:47 INFO     [monitoring:62] Token Usage: step=startup model=Kimi-K2.6 usage={"input_tokens": 7458, "output_tokens": 8232, "total_tokens": 15690}
2026-09-07 18:21:54 INFO     [diagram_analysis.scope_assembly:320] Merged relations: 8 total (8 static-backed, 0 semantic-only)
2026-09-07 18:21:55 INFO     [diagram_analysis.scope_assembly:93] Component symbol coverage: 1200/1200 assigned
2026-09-07 18:21:55 INFO     [diagram_analysis.scope_assembly:320] Merged relations: 33 total (33 static-backed, 0 semantic-only)
2026-09-07 18:22:01 INFO     [httpx:1025] HTTP Request: POST https://codeboarding-llm-api.openai.azure.com/openai/v1/chat/completions "HTTP/1.1 200 OK"
2026-09-07 18:22:02 INFO     [monitoring:62] Token Usage: step=startup model=Kimi-K2.6 usage={"input_tokens": 5417, "output_tokens": 10394, "total_tokens": 15811}
2026-09-07 18:22:03 INFO     [httpx:1025] HTTP Request: POST https://codeboarding-llm-api.openai.azure.com/openai/v1/chat/completions "HTTP/1.1 200 OK"
2026-09-07 18:22:03 INFO     [monitoring:62] Token Usage: step=startup model=Kimi-K2.6 usage={"input_tokens": 7003, "output_tokens": 10328, "total_tokens": 17331}
2026-09-07 18:22:04 INFO     [diagram_analysis.scope_assembly:320] Merged relations: 2 total (2 static-backed, 0 semantic-only)
2026-09-07 18:22:06 INFO     [diagram_analysis.scope_assembly:93] Component symbol coverage: 367/367 assigned
2026-09-07 18:22:06 INFO     [diagram_analysis.scope_assembly:320] Merged relations: 0 total (0 static-backed, 0 semantic-only)
2026-09-07 18:22:07 INFO     [static_analyzer.reference_resolver:429] [Reference Resolution] File candidate matched for Volo.Abp.Caching.Hybrid.AbpHybridCache in csharp at /Users/svilen/Documents/Projects/ReposForTesting/abp/framework/src/Volo.Abp.Caching/Volo/Abp/Caching/Hybrid/AbpHybridCache.cs
2026-09-07 18:22:08 INFO     [static_analyzer.reference_resolver:429] [Reference Resolution] File candidate matched for Volo.Abp.Caching.Hybrid.IHybridCache in csharp at /Users/svilen/Documents/Projects/ReposForTesting/abp/framework/src/Volo.Abp.Caching/Volo/Abp/Caching/Hybrid/IHybridCache.cs
2026-09-07 18:22:08 INFO     [static_analyzer.reference_resolver:429] [Reference Resolution] File candidate matched for Volo.Abp.Caching.DistributedCache.GetMany in csharp at /Users/svilen/Documents/Projects/ReposForTesting/abp/framework/src/Volo.Abp.Caching/Volo/Abp/Caching/DistributedCache.cs
2026-09-07 18:22:08 INFO     [static_analyzer.reference_resolver:429] [Reference Resolution] File candidate matched for Volo.Abp.Caching.StackExchangeRedis.AbpRedisCache.GetMany in csharp at /Users/svilen/Documents/Projects/ReposForTesting/abp/framework/src/Volo.Abp.Caching.StackExchangeRedis/Volo/Abp/Caching/StackExchangeRedis/AbpRedisCache.cs
2026-09-07 18:22:09 INFO     [httpx:1025] HTTP Request: POST https://codeboarding-llm-api.openai.azure.com/openai/v1/chat/completions "HTTP/1.1 200 OK"
2026-09-07 18:22:09 INFO     [static_analyzer.reference_resolver:429] [Reference Resolution] File candidate matched for Volo.Abp.Caching.DistributedCache.GetManyAsync in csharp at /Users/svilen/Documents/Projects/ReposForTesting/abp/framework/src/Volo.Abp.Caching/Volo/Abp/Caching/DistributedCache.cs
2026-09-07 18:22:09 INFO     [monitoring:62] Token Usage: step=startup model=Kimi-K2.6 usage={"input_tokens": 6035, "output_tokens": 11745, "total_tokens": 17780}
2026-09-07 18:22:09 INFO     [static_analyzer.reference_resolver:429] [Reference Resolution] File candidate matched for Volo.Abp.Caching.DistributedCache.RefreshMany in csharp at /Users/svilen/Documents/Projects/ReposForTesting/abp/framework/src/Volo.Abp.Caching/Volo/Abp/Caching/DistributedCache.cs
2026-09-07 18:22:10 INFO     [static_analyzer.reference_resolver:429] [Reference Resolution] File candidate matched for Volo.Abp.Caching.StackExchangeRedis.AbpRedisCache.RefreshMany in csharp at /Users/svilen/Documents/Projects/ReposForTesting/abp/framework/src/Volo.Abp.Caching.StackExchangeRedis/Volo/Abp/Caching/StackExchangeRedis/AbpRedisCache.cs
2026-09-07 18:22:10 INFO     [httpx:1025] HTTP Request: POST https://codeboarding-llm-api.openai.azure.com/openai/v1/chat/completions "HTTP/1.1 200 OK"
2026-09-07 18:22:10 INFO     [static_analyzer.reference_resolver:429] [Reference Resolution] File candidate matched for Volo.Abp.Caching.Hybrid.AbpHybridCache.GetOrCreateAsync in csharp at /Users/svilen/Documents/Projects/ReposForTesting/abp/framework/src/Volo.Abp.Caching/Volo/Abp/Caching/Hybrid/AbpHybridCache.cs
2026-09-07 18:22:10 INFO     [monitoring:62] Token Usage: step=startup model=Kimi-K2.6 usage={"input_tokens": 3679, "output_tokens": 9338, "total_tokens": 13017}
2026-09-07 18:22:10 INFO     [static_analyzer.reference_resolver:429] [Reference Resolution] File candidate matched for Volo.Abp.Caching.UnitOfWorkCacheItem in csharp at /Users/svilen/Documents/Projects/ReposForTesting/abp/framework/src/Volo.Abp.Caching/Volo/Abp/Caching/UnitOfWorkCacheItem.cs
2026-09-07 18:22:11 INFO     [static_analyzer.reference_resolver:429] [Reference Resolution] File candidate matched for Volo.Abp.Caching.Hybrid.AbpHybridCache.GetOrCreateAsync in csharp at /Users/svilen/Documents/Projects/ReposForTesting/abp/framework/src/Volo.Abp.Caching/Volo/Abp/Caching/Hybrid/AbpHybridCache.cs
2026-09-07 18:22:11 INFO     [diagram_analysis.scope_assembly:320] Merged relations: 4 total (4 static-backed, 0 semantic-only)
2026-09-07 18:22:12 INFO     [diagram_analysis.scope_assembly:320] Merged relations: 2 total (2 static-backed, 0 semantic-only)
2026-09-07 18:22:17 INFO     [diagram_analysis.scope_assembly:320] Merged relations: 5 total (5 static-backed, 0 semantic-only)
2026-09-07 18:22:17 INFO     [diagram_analysis.scope_assembly:93] Component symbol coverage: 178/178 assigned
2026-09-07 18:22:17 INFO     [diagram_analysis.scope_assembly:320] Merged relations: 12 total (12 static-backed, 0 semantic-only)
2026-09-07 18:22:17 INFO     [diagram_analysis.scope_assembly:93] Component symbol coverage: 94/94 assigned
2026-09-07 18:22:17 INFO     [diagram_analysis.scope_assembly:320] Merged relations: 5 total (5 static-backed, 0 semantic-only)
2026-09-07 18:22:18 INFO     [diagram_analysis.scope_assembly:93] Component symbol coverage: 311/311 assigned
2026-09-07 18:22:18 INFO     [diagram_analysis.scope_assembly:320] Merged relations: 19 total (19 static-backed, 0 semantic-only)
2026-09-07 18:22:18 INFO     [httpx:1025] HTTP Request: POST https://codeboarding-llm-api.openai.azure.com/openai/v1/chat/completions "HTTP/1.1 200 OK"
2026-09-07 18:22:18 INFO     [monitoring:62] Token Usage: step=startup model=Kimi-K2.6 usage={"input_tokens": 6384, "output_tokens": 9315, "total_tokens": 15699}
2026-09-07 18:22:18 INFO     [diagram_analysis.scope_assembly:320] Merged relations: 8 total (8 static-backed, 0 semantic-only)
2026-09-07 18:22:18 INFO     [diagram_analysis.scope_assembly:93] Component symbol coverage: 66/66 assigned
2026-09-07 18:22:18 INFO     [diagram_analysis.scope_assembly:320] Merged relations: 8 total (8 static-backed, 0 semantic-only)
2026-09-07 18:22:25 INFO     [httpx:1025] HTTP Request: POST https://codeboarding-llm-api.openai.azure.com/openai/v1/chat/completions "HTTP/1.1 200 OK"
2026-09-07 18:22:25 INFO     [monitoring:62] Token Usage: step=startup model=Kimi-K2.6 usage={"input_tokens": 4704, "output_tokens": 8203, "total_tokens": 12907}
2026-09-07 18:22:34 INFO     [diagram_analysis.scope_assembly:320] Merged relations: 3 total (3 static-backed, 0 semantic-only)
2026-09-07 18:22:34 INFO     [diagram_analysis.scope_assembly:93] Component symbol coverage: 48/48 assigned
2026-09-07 18:22:34 INFO     [diagram_analysis.scope_assembly:320] Merged relations: 1 total (1 static-backed, 0 semantic-only)
2026-09-07 18:22:41 INFO     [httpx:1025] HTTP Request: POST https://codeboarding-llm-api.openai.azure.com/openai/v1/chat/completions "HTTP/1.1 200 OK"
2026-09-07 18:22:41 INFO     [monitoring:62] Token Usage: step=startup model=Kimi-K2.6 usage={"input_tokens": 10391, "output_tokens": 2191, "total_tokens": 12582}
2026-09-07 18:22:41 INFO     [agents.tools.read_file:34] [ReadFile Tool] Reading file modules/virtual-file-explorer/app/DemoAppModule.cs around line 1
2026-09-07 18:22:42 INFO     [agents.tools.read_file:72] [ReadFile Tool] Successfully read 134 lines from modules/virtual-file-explorer/app/DemoAppModule.cs 
2026-09-07 18:22:55 INFO     [httpx:1025] HTTP Request: POST https://codeboarding-llm-api.openai.azure.com/openai/v1/chat/completions "HTTP/1.1 200 OK"
2026-09-07 18:22:55 INFO     [monitoring:62] Token Usage: step=startup model=Kimi-K2.6 usage={"input_tokens": 11850, "output_tokens": 1673, "total_tokens": 13523}
2026-09-07 18:22:55 INFO     [agents.tools.read_file:34] [ReadFile Tool] Reading file modules/virtual-file-explorer/app/Migrations/20250315060727_Initial.Designer.cs around line 1
2026-09-07 18:22:55 INFO     [agents.tools.read_file:72] [ReadFile Tool] Successfully read 300 lines from modules/virtual-file-explorer/app/Migrations/20250315060727_Initial.Designer.cs 
2026-09-07 18:23:05 INFO     [httpx:1025] HTTP Request: POST https://codeboarding-llm-api.openai.azure.com/openai/v1/chat/completions "HTTP/1.1 200 OK"
2026-09-07 18:23:05 INFO     [monitoring:62] Token Usage: step=startup model=Kimi-K2.6 usage={"input_tokens": 4483, "output_tokens": 3098, "total_tokens": 7581}
2026-09-07 18:23:05 INFO     [agents.tools.read_file:34] [ReadFile Tool] Reading file framework/src/Volo.Abp.AI/Volo/Abp/AI/AbpAIModule.cs around line 1
2026-09-07 18:23:05 INFO     [agents.tools.read_file:34] [ReadFile Tool] Reading file framework/src/Volo.Abp.AI.Abstractions/Volo/Abp/AI/IChatClient.cs around line 1
2026-09-07 18:23:05 INFO     [agents.tools.read_file:72] [ReadFile Tool] Successfully read 118 lines from framework/src/Volo.Abp.AI/Volo/Abp/AI/AbpAIModule.cs 
2026-09-07 18:23:05 INFO     [agents.tools.read_file:72] [ReadFile Tool] Successfully read 9 lines from framework/src/Volo.Abp.AI.Abstractions/Volo/Abp/AI/IChatClient.cs 
2026-09-07 18:23:14 INFO     [httpx:1025] HTTP Request: POST https://codeboarding-llm-api.openai.azure.com/openai/v1/chat/completions "HTTP/1.1 200 OK"
2026-09-07 18:23:15 INFO     [monitoring:62] Token Usage: step=startup model=Kimi-K2.6 usage={"input_tokens": 7136, "output_tokens": 9417, "total_tokens": 16553}
2026-09-07 18:23:17 INFO     [diagram_analysis.scope_assembly:320] Merged relations: 5 total (5 static-backed, 0 semantic-only)
2026-09-07 18:23:17 INFO     [diagram_analysis.scope_assembly:93] Component symbol coverage: 44/44 assigned
2026-09-07 18:23:17 INFO     [diagram_analysis.scope_assembly:320] Merged relations: 9 total (9 static-backed, 0 semantic-only)
2026-09-07 18:23:32 INFO     [httpx:1025] HTTP Request: POST https://codeboarding-llm-api.openai.azure.com/openai/v1/chat/completions "HTTP/1.1 200 OK"
2026-09-07 18:23:32 INFO     [monitoring:62] Token Usage: step=startup model=Kimi-K2.6 usage={"input_tokens": 40226, "output_tokens": 13751, "total_tokens": 53977}
2026-09-07 18:23:38 INFO     [httpx:1025] HTTP Request: POST https://codeboarding-llm-api.openai.azure.com/openai/v1/chat/completions "HTTP/1.1 200 OK"
2026-09-07 18:23:38 INFO     [monitoring:62] Token Usage: step=startup model=Kimi-K2.6 usage={"input_tokens": 14886, "output_tokens": 4567, "total_tokens": 19453}
2026-09-07 18:23:39 INFO     [httpx:1025] HTTP Request: POST https://codeboarding-llm-api.openai.azure.com/openai/v1/chat/completions "HTTP/1.1 200 OK"
2026-09-07 18:23:39 INFO     [monitoring:62] Token Usage: step=startup model=Kimi-K2.6 usage={"input_tokens": 7270, "output_tokens": 10809, "total_tokens": 18079}
2026-09-07 18:23:39 INFO     [diagram_analysis.scope_assembly:320] Merged relations: 15 total (15 static-backed, 0 semantic-only)
2026-09-07 18:23:40 INFO     [diagram_analysis.scope_assembly:320] Merged relations: 8 total (8 static-backed, 0 semantic-only)
2026-09-07 18:23:40 INFO     [diagram_analysis.scope_assembly:93] Component symbol coverage: 23/23 assigned
2026-09-07 18:23:40 INFO     [diagram_analysis.scope_assembly:320] Merged relations: 2 total (2 static-backed, 0 semantic-only)
2026-09-07 18:23:40 INFO     [diagram_analysis.scope_assembly:93] Component symbol coverage: 42/42 assigned
2026-09-07 18:23:40 INFO     [diagram_analysis.scope_assembly:320] Merged relations: 4 total (4 static-backed, 0 semantic-only)
2026-09-07 18:23:44 INFO     [static_analyzer.reference_resolver:394] [Reference Resolution] File path matched for DemoApp.Migrations.Initial in csharp at /Users/svilen/Documents/Projects/ReposForTesting/abp/modules/virtual-file-explorer/app/Migrations/20250315060727_Initial.Designer.cs
2026-09-07 18:23:44 WARNING  [diagram_analysis.scope_assembly:201] Dropping unsupported semantic relation 4.3.5 -> 4.3.6
2026-09-07 18:23:44 INFO     [static_analyzer.reference_resolver:394] [Reference Resolution] File path matched for DemoApp.Migrations.Initial in csharp at /Users/svilen/Documents/Projects/ReposForTesting/abp/modules/virtual-file-explorer/app/Migrations/20250315060727_Initial.Designer.cs
2026-09-07 18:23:44 INFO     [static_analyzer.reference_resolver:394] [Reference Resolution] File path matched for DemoApp.Data.DemoAppDbContext in csharp at /Users/svilen/Documents/Projects/ReposForTesting/abp/modules/virtual-file-explorer/app/Data/DemoAppDbContext.cs
2026-09-07 18:23:44 WARNING  [diagram_analysis.scope_assembly:201] Dropping unsupported semantic relation 4.3.6 -> 4.3.5
2026-09-07 18:23:44 INFO     [diagram_analysis.scope_assembly:320] Merged relations: 0 total (0 static-backed, 0 semantic-only)
2026-09-07 18:23:44 INFO     [diagram_analysis.scope_assembly:93] Component symbol coverage: 34/34 assigned
2026-09-07 18:23:44 INFO     [diagram_analysis.scope_assembly:320] Merged relations: 3 total (3 static-backed, 0 semantic-only)
2026-09-07 18:23:52 INFO     [httpx:1025] HTTP Request: POST https://codeboarding-llm-api.openai.azure.com/openai/v1/chat/completions "HTTP/1.1 200 OK"
2026-09-07 18:23:52 INFO     [monitoring:62] Token Usage: step=startup model=Kimi-K2.6 usage={"input_tokens": 5990, "output_tokens": 5855, "total_tokens": 11845}
2026-09-07 18:23:55 INFO     [httpx:1025] HTTP Request: POST https://codeboarding-llm-api.openai.azure.com/openai/v1/chat/completions "HTTP/1.1 200 OK"
2026-09-07 18:23:55 INFO     [monitoring:62] Token Usage: step=startup model=Kimi-K2.6 usage={"input_tokens": 13639, "output_tokens": 13418, "total_tokens": 27057}
2026-09-07 18:23:59 INFO     [diagram_analysis.scope_assembly:320] Merged relations: 1 total (1 static-backed, 0 semantic-only)
2026-09-07 18:23:59 INFO     [httpx:1025] HTTP Request: POST https://codeboarding-llm-api.openai.azure.com/openai/v1/chat/completions "HTTP/1.1 200 OK"
2026-09-07 18:23:59 INFO     [monitoring:62] Token Usage: step=startup model=Kimi-K2.6 usage={"input_tokens": 46045, "output_tokens": 17663, "total_tokens": 63708}
2026-09-07 18:23:59 INFO     [diagram_analysis.scope_assembly:93] Component symbol coverage: 19/19 assigned
2026-09-07 18:23:59 INFO     [diagram_analysis.scope_assembly:320] Merged relations: 8 total (8 static-backed, 0 semantic-only)
2026-09-07 18:24:03 INFO     [diagram_analysis.scope_assembly:320] Merged relations: 12 total (12 static-backed, 0 semantic-only)
2026-09-07 18:24:04 INFO     [diagram_analysis.scope_assembly:320] Merged relations: 33 total (33 static-backed, 0 semantic-only)
2026-09-07 18:24:04 INFO     [diagram_analysis.scope_assembly:93] Component symbol coverage: 442/442 assigned
2026-09-07 18:24:04 INFO     [diagram_analysis.scope_assembly:320] Merged relations: 14 total (14 static-backed, 0 semantic-only)
2026-09-07 18:24:05 INFO     [diagram_analysis.scope_assembly:93] Component symbol coverage: 911/911 assigned
2026-09-07 18:24:05 INFO     [diagram_analysis.scope_assembly:320] Merged relations: 8 total (8 static-backed, 0 semantic-only)
2026-09-07 18:24:11 INFO     [diagram_analysis.diagram_generator:1353] Progress: 40 completed, 46 in flight, 0 errors
2026-09-07 18:24:27 INFO     [httpx:1025] HTTP Request: POST https://codeboarding-llm-api.openai.azure.com/openai/v1/chat/completions "HTTP/1.1 200 OK"
2026-09-07 18:24:27 INFO     [monitoring:62] Token Usage: step=startup model=Kimi-K2.6 usage={"input_tokens": 22005, "output_tokens": 18109, "total_tokens": 40114}
2026-09-07 18:24:32 INFO     [httpx:1025] HTTP Request: POST https://codeboarding-llm-api.openai.azure.com/openai/v1/chat/completions "HTTP/1.1 200 OK"
2026-09-07 18:24:32 INFO     [monitoring:62] Token Usage: step=startup model=Kimi-K2.6 usage={"input_tokens": 5024, "output_tokens": 6997, "total_tokens": 12021}
2026-09-07 18:24:37 INFO     [static_analyzer.reference_resolver:429] [Reference Resolution] File candidate matched for Volo.Abp.Timing.Clock.ConvertToUserTime in csharp at /Users/svilen/Documents/Projects/ReposForTesting/abp/framework/src/Volo.Abp.Timing/Volo/Abp/Timing/Clock.cs
2026-09-07 18:24:38 INFO     [static_analyzer.reference_resolver:429] [Reference Resolution] File candidate matched for Volo.Abp.Timing.Clock.ConvertToUserTime in csharp at /Users/svilen/Documents/Projects/ReposForTesting/abp/framework/src/Volo.Abp.Timing/Volo/Abp/Timing/Clock.cs
2026-09-07 18:24:38 INFO     [static_analyzer.reference_resolver:429] [Reference Resolution] File candidate matched for Volo.Abp.Timing.Clock.ConvertToUserTime in csharp at /Users/svilen/Documents/Projects/ReposForTesting/abp/framework/src/Volo.Abp.Timing/Volo/Abp/Timing/Clock.cs
2026-09-07 18:24:39 INFO     [diagram_analysis.scope_assembly:320] Merged relations: 4 total (4 static-backed, 0 semantic-only)
2026-09-07 18:24:40 INFO     [diagram_analysis.scope_assembly:93] Component symbol coverage: 289/289 assigned
2026-09-07 18:24:40 INFO     [diagram_analysis.scope_assembly:320] Merged relations: 3 total (3 static-backed, 0 semantic-only)
2026-09-07 18:24:41 INFO     [httpx:1025] HTTP Request: POST https://codeboarding-llm-api.openai.azure.com/openai/v1/chat/completions "HTTP/1.1 200 OK"
2026-09-07 18:24:41 INFO     [monitoring:62] Token Usage: step=startup model=Kimi-K2.6 usage={"input_tokens": 5133, "output_tokens": 7797, "total_tokens": 12930}
2026-09-07 18:24:41 INFO     [diagram_analysis.scope_assembly:320] Merged relations: 3 total (3 static-backed, 0 semantic-only)
2026-09-07 18:24:44 INFO     [static_analyzer.reference_resolver:394] [Reference Resolution] File path matched for Volo.Abp.BackgroundJobs.DefaultDynamicBackgroundJobManager:EnqueueDynamicHandlerJobAsync in csharp at /Users/svilen/Documents/Projects/ReposForTesting/abp/framework/src/Volo.Abp.BackgroundJobs.Abstractions/Volo/Abp/BackgroundJobs/DefaultDynamicBackgroundJobManager.cs
2026-09-07 18:24:44 INFO     [static_analyzer.reference_resolver:394] [Reference Resolution] File path matched for Volo.Abp.BackgroundJobs.RabbitMQ.RabbitMqBackgroundJobManager:EnqueueAsync in csharp at /Users/svilen/Documents/Projects/ReposForTesting/abp/framework/src/Volo.Abp.BackgroundJobs.RabbitMQ/Volo/Abp/BackgroundJobs/RabbitMQ/RabbitMqBackgroundJobManager.cs
2026-09-07 18:24:44 INFO     [static_analyzer.reference_resolver:394] [Reference Resolution] File path matched for Volo.Abp.BackgroundJobs.DefaultDynamicBackgroundJobManager:EnqueueDynamicHandlerJobAsync in csharp at /Users/svilen/Documents/Projects/ReposForTesting/abp/framework/src/Volo.Abp.BackgroundJobs.Abstractions/Volo/Abp/BackgroundJobs/DefaultDynamicBackgroundJobManager.cs
2026-09-07 18:24:44 INFO     [static_analyzer.reference_resolver:394] [Reference Resolution] File path matched for Volo.Abp.BackgroundJobs.DefaultBackgroundJobManager:EnqueueAsync in csharp at /Users/svilen/Documents/Projects/ReposForTesting/abp/framework/src/Volo.Abp.BackgroundJobs/Volo/Abp/BackgroundJobs/DefaultBackgroundJobManager.cs
2026-09-07 18:24:45 INFO     [static_analyzer.reference_resolver:394] [Reference Resolution] File path matched for Volo.Abp.BackgroundJobs.DefaultDynamicBackgroundJobManager:EnqueueDynamicHandlerJobAsync in csharp at /Users/svilen/Documents/Projects/ReposForTesting/abp/framework/src/Volo.Abp.BackgroundJobs.Abstractions/Volo/Abp/BackgroundJobs/DefaultDynamicBackgroundJobManager.cs
2026-09-07 18:24:45 INFO     [static_analyzer.reference_resolver:394] [Reference Resolution] File path matched for Volo.Abp.BackgroundJobs.Quartz.QuartzBackgroundJobManager:EnqueueAsync in csharp at /Users/svilen/Documents/Projects/ReposForTesting/abp/framework/src/Volo.Abp.BackgroundJobs.Quartz/Volo/Abp/BackgroundJobs/Quartz/QuartzBackgroundJobManager.cs
2026-09-07 18:24:45 INFO     [static_analyzer.reference_resolver:394] [Reference Resolution] File path matched for Volo.Abp.BackgroundJobs.DefaultDynamicBackgroundJobManager:EnqueueDynamicHandlerJobAsync in csharp at /Users/svilen/Documents/Projects/ReposForTesting/abp/framework/src/Volo.Abp.BackgroundJobs.Abstractions/Volo/Abp/BackgroundJobs/DefaultDynamicBackgroundJobManager.cs
2026-09-07 18:24:46 INFO     [static_analyzer.reference_resolver:394] [Reference Resolution] File path matched for Volo.Abp.BackgroundJobs.Hangfire.HangfireBackgroundJobManager:EnqueueAsync in csharp at /Users/svilen/Documents/Projects/ReposForTesting/abp/framework/src/Volo.Abp.BackgroundJobs.HangFire/Volo/Abp/BackgroundJobs/Hangfire/HangfireBackgroundJobManager.cs
2026-09-07 18:24:46 INFO     [static_analyzer.reference_resolver:394] [Reference Resolution] File path matched for Volo.Abp.BackgroundJobs.Hangfire.HangfireJobExecutionAdapter:ExecuteAsync in csharp at /Users/svilen/Documents/Projects/ReposForTesting/abp/framework/src/Volo.Abp.BackgroundJobs.HangFire/Volo/Abp/BackgroundJobs/Hangfire/HangfireJobExecutionAdapter.cs
2026-09-07 18:24:46 INFO     [static_analyzer.reference_resolver:394] [Reference Resolution] File path matched for Volo.Abp.BackgroundJobs.BackgroundJobExecuter:ExecuteAsync in csharp at /Users/svilen/Documents/Projects/ReposForTesting/abp/framework/src/Volo.Abp.BackgroundJobs.Abstractions/Volo/Abp/BackgroundJobs/BackgroundJobExecuter.cs
2026-09-07 18:24:46 INFO     [static_analyzer.reference_resolver:394] [Reference Resolution] File path matched for Volo.Abp.BackgroundJobs.Hangfire.HangfireJobExecutionAdapter:ExecuteAsync in csharp at /Users/svilen/Documents/Projects/ReposForTesting/abp/framework/src/Volo.Abp.BackgroundJobs.HangFire/Volo/Abp/BackgroundJobs/Hangfire/HangfireJobExecutionAdapter.cs
2026-09-07 18:24:47 INFO     [static_analyzer.reference_resolver:394] [Reference Resolution] File path matched for Volo.Abp.BackgroundJobs.AbpBackgroundJobOptions:GetJob in csharp at /Users/svilen/Documents/Projects/ReposForTesting/abp/framework/src/Volo.Abp.BackgroundJobs.Abstractions/Volo/Abp/BackgroundJobs/AbpBackgroundJobOptions.cs
2026-09-07 18:24:47 INFO     [static_analyzer.reference_resolver:394] [Reference Resolution] File path matched for Volo.Abp.BackgroundJobs.RabbitMQ.RabbitMqBackgroundJobManager:EnqueueAsync in csharp at /Users/svilen/Documents/Projects/ReposForTesting/abp/framework/src/Volo.Abp.BackgroundJobs.RabbitMQ/Volo/Abp/BackgroundJobs/RabbitMQ/RabbitMqBackgroundJobManager.cs
2026-09-07 18:24:47 INFO     [static_analyzer.reference_resolver:394] [Reference Resolution] File path matched for Volo.Abp.BackgroundJobs.RabbitMQ.IJobQueueManager:GetAsync in csharp at /Users/svilen/Documents/Projects/ReposForTesting/abp/framework/src/Volo.Abp.BackgroundJobs.RabbitMQ/Volo/Abp/BackgroundJobs/RabbitMQ/IJobQueueManager.cs
2026-09-07 18:24:47 INFO     [static_analyzer.reference_resolver:394] [Reference Resolution] File path matched for Volo.Abp.BackgroundJobs.RabbitMQ.RabbitMqBackgroundJobManager:EnqueueAsync in csharp at /Users/svilen/Documents/Projects/ReposForTesting/abp/framework/src/Volo.Abp.BackgroundJobs.RabbitMQ/Volo/Abp/BackgroundJobs/RabbitMQ/RabbitMqBackgroundJobManager.cs
2026-09-07 18:24:48 INFO     [static_analyzer.reference_resolver:394] [Reference Resolution] File path matched for Volo.Abp.BackgroundJobs.RabbitMQ.JobQueue:EnqueueAsync in csharp at /Users/svilen/Documents/Projects/ReposForTesting/abp/framework/src/Volo.Abp.BackgroundJobs.RabbitMQ/Volo/Abp/BackgroundJobs/RabbitMQ/JobQueue.cs
2026-09-07 18:24:49 INFO     [static_analyzer.reference_resolver:394] [Reference Resolution] File path matched for Volo.Abp.BackgroundJobs.BackgroundJobStore:FindAsync in csharp at /Users/svilen/Documents/Projects/ReposForTesting/abp/modules/background-jobs/src/Volo.Abp.BackgroundJobs.Domain/Volo/Abp/BackgroundJobs/BackgroundJobStore.cs
2026-09-07 18:24:49 INFO     [static_analyzer.reference_resolver:394] [Reference Resolution] File path matched for Volo.Abp.BackgroundJobs.BackgroundJobStore:DeleteAsync in csharp at /Users/svilen/Documents/Projects/ReposForTesting/abp/modules/background-jobs/src/Volo.Abp.BackgroundJobs.Domain/Volo/Abp/BackgroundJobs/BackgroundJobStore.cs
2026-09-07 18:24:49 INFO     [static_analyzer.reference_resolver:394] [Reference Resolution] File path matched for Volo.Abp.BackgroundJobs.EntityFrameworkCore.EfCoreBackgroundJobRepository:DeleteAsync in csharp at /Users/svilen/Documents/Projects/ReposForTesting/abp/modules/background-jobs/src/Volo.Abp.BackgroundJobs.EntityFrameworkCore/Volo/Abp/BackgroundJobs/EntityFrameworkCore/EfCoreBackgroundJobRepository.cs
2026-09-07 18:24:50 INFO     [static_analyzer.reference_resolver:394] [Reference Resolution] File path matched for Volo.Abp.BackgroundJobs.BackgroundJobStore:GetWaitingJobsAsync in csharp at /Users/svilen/Documents/Projects/ReposForTesting/abp/modules/background-jobs/src/Volo.Abp.BackgroundJobs.Domain/Volo/Abp/BackgroundJobs/BackgroundJobStore.cs
2026-09-07 18:24:50 INFO     [static_analyzer.reference_resolver:394] [Reference Resolution] File path matched for Volo.Abp.BackgroundJobs.EntityFrameworkCore.EfCoreBackgroundJobRepository:GetWaitingListAsync in csharp at /Users/svilen/Documents/Projects/ReposForTesting/abp/modules/background-jobs/src/Volo.Abp.BackgroundJobs.EntityFrameworkCore/Volo/Abp/BackgroundJobs/EntityFrameworkCore/EfCoreBackgroundJobRepository.cs
2026-09-07 18:24:50 INFO     [static_analyzer.reference_resolver:394] [Reference Resolution] File path matched for Volo.Abp.BackgroundJobs.BackgroundJobStore:DeleteAsync in csharp at /Users/svilen/Documents/Projects/ReposForTesting/abp/modules/background-jobs/src/Volo.Abp.BackgroundJobs.Domain/Volo/Abp/BackgroundJobs/BackgroundJobStore.cs
2026-09-07 18:24:50 INFO     [static_analyzer.reference_resolver:394] [Reference Resolution] File path matched for Volo.Abp.BackgroundJobs.MongoDB.MongoBackgroundJobRepository:DeleteAsync in csharp at /Users/svilen/Documents/Projects/ReposForTesting/abp/modules/background-jobs/src/Volo.Abp.BackgroundJobs.MongoDB/Volo/Abp/BackgroundJobs/MongoDB/MongoBackgroundJobRepository.cs
2026-09-07 18:24:51 INFO     [static_analyzer.reference_resolver:394] [Reference Resolution] File path matched for Volo.Abp.BackgroundJobs.BackgroundJobStore:GetWaitingJobsAsync in csharp at /Users/svilen/Documents/Projects/ReposForTesting/abp/modules/background-jobs/src/Volo.Abp.BackgroundJobs.Domain/Volo/Abp/BackgroundJobs/BackgroundJobStore.cs
2026-09-07 18:24:51 INFO     [static_analyzer.reference_resolver:394] [Reference Resolution] File path matched for Volo.Abp.BackgroundJobs.MongoDB.MongoBackgroundJobRepository:GetWaitingListAsync in csharp at /Users/svilen/Documents/Projects/ReposForTesting/abp/modules/background-jobs/src/Volo.Abp.BackgroundJobs.MongoDB/Volo/Abp/BackgroundJobs/MongoDB/MongoBackgroundJobRepository.cs
2026-09-07 18:24:51 INFO     [static_analyzer.reference_resolver:394] [Reference Resolution] File path matched for Volo.Abp.BackgroundJobs.RabbitMQ.JobQueue:MessageReceived in csharp at /Users/svilen/Documents/Projects/ReposForTesting/abp/framework/src/Volo.Abp.BackgroundJobs.RabbitMQ/Volo/Abp/BackgroundJobs/RabbitMQ/JobQueue.cs
2026-09-07 18:24:52 INFO     [static_analyzer.reference_resolver:394] [Reference Resolution] File path matched for Volo.Abp.BackgroundJobs.BackgroundJobExecuter:ExecuteAsync in csharp at /Users/svilen/Documents/Projects/ReposForTesting/abp/framework/src/Volo.Abp.BackgroundJobs.Abstractions/Volo/Abp/BackgroundJobs/BackgroundJobExecuter.cs
2026-09-07 18:24:52 INFO     [static_analyzer.reference_resolver:394] [Reference Resolution] File path matched for Volo.Abp.BackgroundJobs.RabbitMQ.JobQueue:MessageReceived in csharp at /Users/svilen/Documents/Projects/ReposForTesting/abp/framework/src/Volo.Abp.BackgroundJobs.RabbitMQ/Volo/Abp/BackgroundJobs/RabbitMQ/JobQueue.cs
2026-09-07 18:24:52 INFO     [static_analyzer.reference_resolver:394] [Reference Resolution] File path matched for Volo.Abp.BackgroundJobs.IBackgroundJobExecuter:ExecuteAsync in csharp at /Users/svilen/Documents/Projects/ReposForTesting/abp/framework/src/Volo.Abp.BackgroundJobs.Abstractions/Volo/Abp/BackgroundJobs/IBackgroundJobExecuter.cs
2026-09-07 18:24:52 INFO     [static_analyzer.reference_resolver:394] [Reference Resolution] File path matched for Volo.Abp.BackgroundJobs.RabbitMQ.AbpBackgroundJobsRabbitMqModule:StartJobQueueManagerAsync in csharp at /Users/svilen/Documents/Projects/ReposForTesting/abp/framework/src/Volo.Abp.BackgroundJobs.RabbitMQ/Volo/Abp/BackgroundJobs/RabbitMQ/AbpBackgroundJobsRabbitMqModule.cs
2026-09-07 18:24:53 INFO     [static_analyzer.reference_resolver:394] [Reference Resolution] File path matched for Volo.Abp.BackgroundJobs.BackgroundJobWorkerManager:StartAsync in csharp at /Users/svilen/Documents/Projects/ReposForTesting/abp/framework/src/Volo.Abp.BackgroundJobs/Volo/Abp/BackgroundJobs/BackgroundJobWorkerManager.cs
2026-09-07 18:24:53 INFO     [static_analyzer.reference_resolver:394] [Reference Resolution] File path matched for Volo.Abp.BackgroundJobs.RabbitMQ.JobQueueManager:StartAsync in csharp at /Users/svilen/Documents/Projects/ReposForTesting/abp/framework/src/Volo.Abp.BackgroundJobs.RabbitMQ/Volo/Abp/BackgroundJobs/RabbitMQ/JobQueueManager.cs
2026-09-07 18:24:53 INFO     [static_analyzer.reference_resolver:394] [Reference Resolution] File path matched for Volo.Abp.BackgroundJobs.BackgroundJobWorkerManager:StartAsync in csharp at /Users/svilen/Documents/Projects/ReposForTesting/abp/framework/src/Volo.Abp.BackgroundJobs/Volo/Abp/BackgroundJobs/BackgroundJobWorkerManager.cs
2026-09-07 18:24:53 INFO     [static_analyzer.reference_resolver:394] [Reference Resolution] File path matched for Volo.Abp.BackgroundJobs.EntityFrameworkCore.BackgroundJobsDbContextModelCreatingExtensions:ConfigureBackgroundJobs in csharp at /Users/svilen/Documents/Projects/ReposForTesting/abp/modules/background-jobs/src/Volo.Abp.BackgroundJobs.EntityFrameworkCore/Volo/Abp/BackgroundJobs/EntityFrameworkCore/BackgroundJobsDbContextModelCreatingExtensions.cs
2026-09-07 18:24:54 INFO     [static_analyzer.reference_resolver:394] [Reference Resolution] File path matched for Volo.Abp.BackgroundJobs.EntityFrameworkCore.EfCoreBackgroundJobRepository:GetWaitingListAsync in csharp at /Users/svilen/Documents/Projects/ReposForTesting/abp/modules/background-jobs/src/Volo.Abp.BackgroundJobs.EntityFrameworkCore/Volo/Abp/BackgroundJobs/EntityFrameworkCore/EfCoreBackgroundJobRepository.cs
2026-09-07 18:24:55 INFO     [static_analyzer.reference_resolver:394] [Reference Resolution] File path matched for Volo.Abp.BackgroundJobs.EntityFrameworkCore.AbpBackgroundJobsEntityFrameworkCoreModule:ConfigureServices in csharp at /Users/svilen/Documents/Projects/ReposForTesting/abp/modules/background-jobs/src/Volo.Abp.BackgroundJobs.EntityFrameworkCore/Volo/Abp/BackgroundJobs/EntityFrameworkCore/AbpBackgroundJobsEntityFrameworkCoreModule.cs
2026-09-07 18:24:55 INFO     [static_analyzer.reference_resolver:394] [Reference Resolution] File path matched for Volo.Abp.BackgroundJobs.MongoDB.MongoBackgroundJobRepository:GetWaitingListAsync in csharp at /Users/svilen/Documents/Projects/ReposForTesting/abp/modules/background-jobs/src/Volo.Abp.BackgroundJobs.MongoDB/Volo/Abp/BackgroundJobs/MongoDB/MongoBackgroundJobRepository.cs
2026-09-07 18:24:56 INFO     [static_analyzer.reference_resolver:394] [Reference Resolution] File path matched for Volo.Abp.BackgroundJobs.MongoDB.AbpBackgroundJobsMongoDbModule:ConfigureServices in csharp at /Users/svilen/Documents/Projects/ReposForTesting/abp/modules/background-jobs/src/Volo.Abp.BackgroundJobs.MongoDB/Volo/Abp/BackgroundJobs/MongoDB/AbpBackgroundJobsMongoDbModule.cs
2026-09-07 18:24:56 INFO     [static_analyzer.reference_resolver:394] [Reference Resolution] File path matched for Volo.Abp.BackgroundJobs.BackgroundJobExecuter:ExecuteAsync in csharp at /Users/svilen/Documents/Projects/ReposForTesting/abp/framework/src/Volo.Abp.BackgroundJobs.Abstractions/Volo/Abp/BackgroundJobs/BackgroundJobExecuter.cs
2026-09-07 18:24:57 INFO     [static_analyzer.reference_resolver:394] [Reference Resolution] File path matched for Volo.Abp.BackgroundJobs.AbpBackgroundJobOptions:GetJob in csharp at /Users/svilen/Documents/Projects/ReposForTesting/abp/framework/src/Volo.Abp.BackgroundJobs.Abstractions/Volo/Abp/BackgroundJobs/AbpBackgroundJobOptions.cs
2026-09-07 18:24:57 INFO     [static_analyzer.reference_resolver:394] [Reference Resolution] File path matched for Volo.Abp.BackgroundJobs.Hangfire.HangfireBackgroundJobManager:GetQueueName in csharp at /Users/svilen/Documents/Projects/ReposForTesting/abp/framework/src/Volo.Abp.BackgroundJobs.HangFire/Volo/Abp/BackgroundJobs/Hangfire/HangfireBackgroundJobManager.cs
2026-09-07 18:24:58 INFO     [static_analyzer.reference_resolver:394] [Reference Resolution] File path matched for Volo.Abp.BackgroundJobs.AbpBackgroundJobOptions:GetJob in csharp at /Users/svilen/Documents/Projects/ReposForTesting/abp/framework/src/Volo.Abp.BackgroundJobs.Abstractions/Volo/Abp/BackgroundJobs/AbpBackgroundJobOptions.cs
2026-09-07 18:24:58 INFO     [static_analyzer.reference_resolver:394] [Reference Resolution] File path matched for Volo.Abp.BackgroundJobs.Hangfire.AbpDashboardOptionsProvider:Get in csharp at /Users/svilen/Documents/Projects/ReposForTesting/abp/framework/src/Volo.Abp.BackgroundJobs.HangFire/Volo/Abp/BackgroundJobs/Hangfire/AbpDashboardOptionsProvider.cs
2026-09-07 18:24:58 INFO     [static_analyzer.reference_resolver:394] [Reference Resolution] File path matched for Volo.Abp.BackgroundJobs.Hangfire.HangfireBackgroundJobManager:EnqueueAsync in csharp at /Users/svilen/Documents/Projects/ReposForTesting/abp/framework/src/Volo.Abp.BackgroundJobs.HangFire/Volo/Abp/BackgroundJobs/Hangfire/HangfireBackgroundJobManager.cs
2026-09-07 18:24:59 INFO     [static_analyzer.reference_resolver:394] [Reference Resolution] File path matched for Volo.Abp.BackgroundJobs.Hangfire.HangfireJobExecutionAdapter:ExecuteAsync in csharp at /Users/svilen/Documents/Projects/ReposForTesting/abp/framework/src/Volo.Abp.BackgroundJobs.HangFire/Volo/Abp/BackgroundJobs/Hangfire/HangfireJobExecutionAdapter.cs
2026-09-07 18:24:59 INFO     [diagram_analysis.scope_assembly:320] Merged relations: 19 total (19 static-backed, 0 semantic-only)
2026-09-07 18:24:59 INFO     [diagram_analysis.scope_assembly:93] Component symbol coverage: 246/246 assigned
2026-09-07 18:24:59 INFO     [diagram_analysis.scope_assembly:320] Merged relations: 13 total (13 static-backed, 0 semantic-only)
2026-09-07 18:24:59 INFO     [diagram_analysis.scope_assembly:93] Component symbol coverage: 220/220 assigned
2026-09-07 18:24:59 INFO     [diagram_analysis.scope_assembly:320] Merged relations: 11 total (11 static-backed, 0 semantic-only)
2026-09-07 18:25:00 INFO     [httpx:1025] HTTP Request: POST https://codeboarding-llm-api.openai.azure.com/openai/v1/chat/completions "HTTP/1.1 200 OK"
2026-09-07 18:25:00 INFO     [monitoring:62] Token Usage: step=startup model=Kimi-K2.6 usage={"input_tokens": 8105, "output_tokens": 15451, "total_tokens": 23556}
2026-09-07 18:25:00 INFO     [diagram_analysis.scope_assembly:320] Merged relations: 9 total (9 static-backed, 0 semantic-only)
2026-09-07 18:25:00 INFO     [diagram_analysis.scope_assembly:93] Component symbol coverage: 182/182 assigned
2026-09-07 18:25:00 INFO     [diagram_analysis.scope_assembly:320] Merged relations: 4 total (4 static-backed, 0 semantic-only)
2026-09-07 18:25:03 INFO     [httpx:1025] HTTP Request: POST https://codeboarding-llm-api.openai.azure.com/openai/v1/chat/completions "HTTP/1.1 200 OK"
2026-09-07 18:25:03 INFO     [monitoring:62] Token Usage: step=startup model=Kimi-K2.6 usage={"input_tokens": 3709, "output_tokens": 11036, "total_tokens": 14745}
2026-09-07 18:25:04 INFO     [diagram_analysis.scope_assembly:320] Merged relations: 2 total (2 static-backed, 0 semantic-only)
2026-09-07 18:25:05 INFO     [diagram_analysis.scope_assembly:93] Component symbol coverage: 125/125 assigned
2026-09-07 18:25:05 INFO     [diagram_analysis.scope_assembly:320] Merged relations: 0 total (0 static-backed, 0 semantic-only)
2026-09-07 18:25:12 INFO     [httpx:1025] HTTP Request: POST https://codeboarding-llm-api.openai.azure.com/openai/v1/chat/completions "HTTP/1.1 200 OK"
2026-09-07 18:25:12 INFO     [monitoring:62] Token Usage: step=startup model=Kimi-K2.6 usage={"input_tokens": 3987, "output_tokens": 897, "total_tokens": 4884}
2026-09-07 18:25:12 INFO     [agents.tools.read_file:34] [ReadFile Tool] Reading file framework/src/Volo.Abp.UI.Navigation/Volo/Abp/Ui/Navigation/MenuManager.cs around line 1
2026-09-07 18:25:12 INFO     [agents.tools.read_file:34] [ReadFile Tool] Reading file framework/src/Volo.Abp.UI.Navigation/Volo/Abp/Ui/Navigation/MenuItemUrlProviderContext.cs around line 1
2026-09-07 18:25:14 INFO     [agents.tools.read_file:34] [ReadFile Tool] Reading file framework/src/Volo.Abp.UI.Navigation/Volo/Abp/Ui/Navigation/Urls/AppUrlProvider.cs around line 1
2026-09-07 18:25:14 INFO     [agents.tools.read_file:72] [ReadFile Tool] Successfully read 11 lines from framework/src/Volo.Abp.UI.Navigation/Volo/Abp/Ui/Navigation/MenuItemUrlProviderContext.cs 
2026-09-07 18:25:14 INFO     [agents.tools.read_file:72] [ReadFile Tool] Successfully read 189 lines from framework/src/Volo.Abp.UI.Navigation/Volo/Abp/Ui/Navigation/MenuManager.cs 
2026-09-07 18:25:14 INFO     [agents.tools.read_file:72] [ReadFile Tool] Successfully read 104 lines from framework/src/Volo.Abp.UI.Navigation/Volo/Abp/Ui/Navigation/Urls/AppUrlProvider.cs 
2026-09-07 18:25:24 INFO     [httpx:1025] HTTP Request: POST https://codeboarding-llm-api.openai.azure.com/openai/v1/chat/completions "HTTP/1.1 200 OK"
2026-09-07 18:25:24 INFO     [monitoring:62] Token Usage: step=startup model=Kimi-K2.6 usage={"input_tokens": 7286, "output_tokens": 908, "total_tokens": 8194}
2026-09-07 18:25:24 INFO     [agents.tools.read_file:34] [ReadFile Tool] Reading file framework/src/Volo.Abp.UI.Navigation/Volo/Abp/Ui/Navigation/AbpUiNavigationModule.cs around line 1
2026-09-07 18:25:24 INFO     [agents.tools.read_file:34] [ReadFile Tool] Reading file framework/src/Volo.Abp.UI.Navigation/Volo/Abp/Ui/Navigation/IMenuItemUrlProvider.cs around line 1
2026-09-07 18:25:24 INFO     [agents.tools.read_file:72] [ReadFile Tool] Successfully read 13 lines from framework/src/Volo.Abp.UI.Navigation/Volo/Abp/Ui/Navigation/IMenuItemUrlProvider.cs 
2026-09-07 18:25:24 INFO     [agents.tools.read_file:72] [ReadFile Tool] Successfully read 33 lines from framework/src/Volo.Abp.UI.Navigation/Volo/Abp/Ui/Navigation/AbpUiNavigationModule.cs 
2026-09-07 18:25:30 INFO     [httpx:1025] HTTP Request: POST https://codeboarding-llm-api.openai.azure.com/openai/v1/chat/completions "HTTP/1.1 200 OK"
2026-09-07 18:25:30 INFO     [monitoring:62] Token Usage: step=startup model=Kimi-K2.6 usage={"input_tokens": 24276, "output_tokens": 13823, "total_tokens": 38099}
2026-09-07 18:25:31 INFO     [diagram_analysis.scope_assembly:320] Merged relations: 8 total (8 static-backed, 0 semantic-only)
2026-09-07 18:25:31 INFO     [diagram_analysis.scope_assembly:93] Component symbol coverage: 105/105 assigned
2026-09-07 18:25:31 INFO     [diagram_analysis.scope_assembly:320] Merged relations: 22 total (22 static-backed, 0 semantic-only)
2026-09-07 18:25:37 INFO     [httpx:1025] HTTP Request: POST https://codeboarding-llm-api.openai.azure.com/openai/v1/chat/completions "HTTP/1.1 200 OK"
2026-09-07 18:25:37 INFO     [monitoring:62] Token Usage: step=startup model=Kimi-K2.6 usage={"input_tokens": 5267, "output_tokens": 11901, "total_tokens": 17168}
2026-09-07 18:25:37 INFO     [diagram_analysis.scope_assembly:320] Merged relations: 8 total (8 static-backed, 0 semantic-only)
2026-09-07 18:25:37 INFO     [diagram_analysis.scope_assembly:93] Component symbol coverage: 74/74 assigned
2026-09-07 18:25:37 INFO     [diagram_analysis.scope_assembly:320] Merged relations: 11 total (11 static-backed, 0 semantic-only)
2026-09-07 18:25:39 INFO     [httpx:1025] HTTP Request: POST https://codeboarding-llm-api.openai.azure.com/openai/v1/chat/completions "HTTP/1.1 200 OK"
2026-09-07 18:25:39 INFO     [monitoring:62] Token Usage: step=startup model=Kimi-K2.6 usage={"input_tokens": 23182, "output_tokens": 14351, "total_tokens": 37533}
2026-09-07 18:25:40 INFO     [httpx:1025] HTTP Request: POST https://codeboarding-llm-api.openai.azure.com/openai/v1/chat/completions "HTTP/1.1 200 OK"
2026-09-07 18:25:41 INFO     [monitoring:62] Token Usage: step=startup model=Kimi-K2.6 usage={"input_tokens": 7985, "output_tokens": 1841, "total_tokens": 9826}
2026-09-07 18:25:41 INFO     [agents.tools.read_file:34] [ReadFile Tool] Reading file framework/src/Volo.Abp.UI.Navigation/Volo/Abp/Ui/Navigation/MenuItemCulturePrefixHelper.cs around line 1
2026-09-07 18:25:41 INFO     [agents.tools.read_file:72] [ReadFile Tool] Successfully read 33 lines from framework/src/Volo.Abp.UI.Navigation/Volo/Abp/Ui/Navigation/MenuItemCulturePrefixHelper.cs 
2026-09-07 18:25:52 INFO     [static_analyzer.reference_resolver:394] [Reference Resolution] File path matched for Volo.Abp.SettingManagement.SettingManagementStore:DeleteAsync in csharp at /Users/svilen/Documents/Projects/ReposForTesting/abp/modules/setting-management/src/Volo.Abp.SettingManagement.Domain/Volo/Abp/SettingManagement/SettingManagementStore.cs
2026-09-07 18:25:52 INFO     [static_analyzer.reference_resolver:394] [Reference Resolution] File path matched for Volo.Abp.SettingManagement.EntityFrameworkCore.EfCoreSettingRepository:FindAsync in csharp at /Users/svilen/Documents/Projects/ReposForTesting/abp/modules/setting-management/src/Volo.Abp.SettingManagement.EntityFrameworkCore/Volo/Abp/SettingManagement/EntityFrameworkCore/EfCoreSettingRepository.cs
2026-09-07 18:25:52 INFO     [static_analyzer.reference_resolver:394] [Reference Resolution] File path matched for Volo.Abp.SettingManagement.SettingManagementStore:GetListAsync in csharp at /Users/svilen/Documents/Projects/ReposForTesting/abp/modules/setting-management/src/Volo.Abp.SettingManagement.Domain/Volo/Abp/SettingManagement/SettingManagementStore.cs
2026-09-07 18:25:52 INFO     [static_analyzer.reference_resolver:394] [Reference Resolution] File path matched for Volo.Abp.SettingManagement.EntityFrameworkCore.EfCoreSettingRepository:GetListAsync in csharp at /Users/svilen/Documents/Projects/ReposForTesting/abp/modules/setting-management/src/Volo.Abp.SettingManagement.EntityFrameworkCore/Volo/Abp/SettingManagement/EntityFrameworkCore/EfCoreSettingRepository.cs
2026-09-07 18:25:53 INFO     [static_analyzer.reference_resolver:394] [Reference Resolution] File path matched for Volo.Abp.SettingManagement.SettingManagementStore:DeleteAsync in csharp at /Users/svilen/Documents/Projects/ReposForTesting/abp/modules/setting-management/src/Volo.Abp.SettingManagement.Domain/Volo/Abp/SettingManagement/SettingManagementStore.cs
2026-09-07 18:25:53 INFO     [static_analyzer.reference_resolver:394] [Reference Resolution] File path matched for Volo.Abp.SettingManagement.MongoDB.MongoSettingRepository:FindAsync in csharp at /Users/svilen/Documents/Projects/ReposForTesting/abp/modules/setting-management/src/Volo.Abp.SettingManagement.MongoDB/Volo/Abp/SettingManagement/MongoDB/MongoSettingRepository.cs
2026-09-07 18:25:53 INFO     [static_analyzer.reference_resolver:394] [Reference Resolution] File path matched for Volo.Abp.SettingManagement.SettingManagementStore:GetListAsync in csharp at /Users/svilen/Documents/Projects/ReposForTesting/abp/modules/setting-management/src/Volo.Abp.SettingManagement.Domain/Volo/Abp/SettingManagement/SettingManagementStore.cs
2026-09-07 18:25:53 INFO     [static_analyzer.reference_resolver:394] [Reference Resolution] File path matched for Volo.Abp.SettingManagement.MongoDB.MongoSettingRepository:GetListAsync in csharp at /Users/svilen/Documents/Projects/ReposForTesting/abp/modules/setting-management/src/Volo.Abp.SettingManagement.MongoDB/Volo/Abp/SettingManagement/MongoDB/MongoSettingRepository.cs
2026-09-07 18:25:54 INFO     [static_analyzer.reference_resolver:394] [Reference Resolution] File path matched for Volo.Abp.SettingManagement.Blazor.AbpSettingManagementBlazorModule:ConfigureServices in csharp at /Users/svilen/Documents/Projects/ReposForTesting/abp/modules/setting-management/src/Volo.Abp.SettingManagement.Blazor/AbpSettingManagementBlazorModule.cs
2026-09-07 18:25:54 INFO     [static_analyzer.reference_resolver:394] [Reference Resolution] File path matched for Volo.Abp.SettingManagement.Blazor.Menus.SettingManagementMenuContributor:ConfigureMainMenuAsync in csharp at /Users/svilen/Documents/Projects/ReposForTesting/abp/modules/setting-management/src/Volo.Abp.SettingManagement.Blazor/Menus/SettingManagementMenuContributor.cs
2026-09-07 18:25:55 INFO     [static_analyzer.reference_resolver:394] [Reference Resolution] File path matched for Volo.Abp.SettingManagement.Blazor.Pages.SettingManagement.EmailSettingGroup.EmailSettingGroupViewComponent:CloseSendTestEmailModalAsync in csharp at /Users/svilen/Documents/Projects/ReposForTesting/abp/modules/setting-management/src/Volo.Abp.SettingManagement.Blazor/Pages/SettingManagement/EmailSettingGroup/EmailSettingGroupViewComponent.razor.cs
2026-09-07 18:25:55 INFO     [static_analyzer.reference_resolver:394] [Reference Resolution] File path matched for Volo.Abp.SettingManagement.Web.Pages.SettingManagement.Components.EmailSettingGroup.SendTestEmailModal in csharp at /Users/svilen/Documents/Projects/ReposForTesting/abp/modules/setting-management/src/Volo.Abp.SettingManagement.Web/Pages/SettingManagement/Components/EmailSettingGroup/SendTestEmailModal.cshtml.cs
2026-09-07 18:25:55 INFO     [static_analyzer.reference_resolver:394] [Reference Resolution] File path matched for Volo.Abp.SettingManagement.Blazor.MudBlazor.Pages.SettingManagement.EmailSettingGroup.EmailSettingGroupViewComponent:OnInitializedAsync in csharp at /Users/svilen/Documents/Projects/ReposForTesting/abp/modules/setting-management/src/Volo.Abp.SettingManagement.Blazor.MudBlazor/Pages/SettingManagement/EmailSettingGroup/EmailSettingGroupViewComponent.razor.cs
2026-09-07 18:25:55 INFO     [static_analyzer.reference_resolver:394] [Reference Resolution] File path matched for Volo.Abp.SettingManagement.Application.Contracts.IEmailSettingsAppService:GetAsync in csharp at /Users/svilen/Documents/Projects/ReposForTesting/abp/modules/setting-management/src/Volo.Abp.SettingManagement.Application.Contracts/Volo/Abp/SettingManagement/IEmailSettingsAppService.cs
2026-09-07 18:25:56 INFO     [static_analyzer.reference_resolver:394] [Reference Resolution] File path matched for Volo.Abp.SettingManagement.Blazor.MudBlazor.Pages.SettingManagement.EmailSettingGroup.EmailSettingGroupViewComponent:OnInitializedAsync in csharp at /Users/svilen/Documents/Projects/ReposForTesting/abp/modules/setting-management/src/Volo.Abp.SettingManagement.Blazor.MudBlazor/Pages/SettingManagement/EmailSettingGroup/EmailSettingGroupViewComponent.razor.cs
2026-09-07 18:25:56 INFO     [static_analyzer.reference_resolver:394] [Reference Resolution] File path matched for Volo.Abp.SettingManagement.Application.EmailSettingsAppService:GetAsync in csharp at /Users/svilen/Documents/Projects/ReposForTesting/abp/modules/setting-management/src/Volo.Abp.SettingManagement.Application/Volo/Abp/SettingManagement/EmailSettingsAppService.cs
2026-09-07 18:25:56 INFO     [static_analyzer.reference_resolver:394] [Reference Resolution] File path matched for Volo.Abp.SettingManagement.Blazor.MudBlazor.Pages.SettingManagement.EmailSettingGroup.EmailSettingGroupViewComponent:OnInitializedAsync in csharp at /Users/svilen/Documents/Projects/ReposForTesting/abp/modules/setting-management/src/Volo.Abp.SettingManagement.Blazor.MudBlazor/Pages/SettingManagement/EmailSettingGroup/EmailSettingGroupViewComponent.razor.cs
2026-09-07 18:25:57 INFO     [static_analyzer.reference_resolver:394] [Reference Resolution] File path matched for Volo.Abp.SettingManagement.HttpApi.Client.ClientProxies.EmailSettingsClientProxy:GetAsync in csharp at /Users/svilen/Documents/Projects/ReposForTesting/abp/modules/setting-management/src/Volo.Abp.SettingManagement.HttpApi.Client/ClientProxies/Volo/Abp/SettingManagement/EmailSettingsClientProxy.Generated.cs
2026-09-07 18:25:57 INFO     [static_analyzer.reference_resolver:394] [Reference Resolution] File path matched for Volo.Abp.SettingManagement.Blazor.MudBlazor.Pages.SettingManagement.EmailSettingGroup.EmailSettingGroupViewComponent:OnInitializedAsync in csharp at /Users/svilen/Documents/Projects/ReposForTesting/abp/modules/setting-management/src/Volo.Abp.SettingManagement.Blazor.MudBlazor/Pages/SettingManagement/EmailSettingGroup/EmailSettingGroupViewComponent.razor.cs
2026-09-07 18:25:57 INFO     [static_analyzer.reference_resolver:394] [Reference Resolution] File path matched for Volo.Abp.SettingManagement.HttpApi.EmailSettingsController:GetAsync in csharp at /Users/svilen/Documents/Projects/ReposForTesting/abp/modules/setting-management/src/Volo.Abp.SettingManagement.HttpApi/Volo/Abp/SettingManagement/EmailSettingsController.cs
2026-09-07 18:25:57 INFO     [static_analyzer.reference_resolver:394] [Reference Resolution] File path matched for Volo.Abp.SettingManagement.Web.AbpSettingManagementWebModule:PreConfigureServices in csharp at /Users/svilen/Documents/Projects/ReposForTesting/abp/modules/setting-management/src/Volo.Abp.SettingManagement.Web/AbpSettingManagementWebModule.cs
2026-09-07 18:25:58 INFO     [static_analyzer.reference_resolver:394] [Reference Resolution] File path matched for Volo.Abp.SettingManagement.Web.Navigation.SettingManagementMainMenuContributor:ConfigureMenuAsync in csharp at /Users/svilen/Documents/Projects/ReposForTesting/abp/modules/setting-management/src/Volo.Abp.SettingManagement.Web/Navigation/SettingManagementMainMenuContributor.cs
2026-09-07 18:25:58 INFO     [static_analyzer.reference_resolver:394] [Reference Resolution] File path matched for Volo.Abp.SettingManagement.Web.Pages.SettingManagement.Components.EmailSettingGroup.EmailSettingGroupViewComponent:InvokeAsync in csharp at /Users/svilen/Documents/Projects/ReposForTesting/abp/modules/setting-management/src/Volo.Abp.SettingManagement.Web/Pages/SettingManagement/Components/EmailSettingGroup/EmailSettingGroupViewComponent.cs
2026-09-07 18:25:59 INFO     [static_analyzer.reference_resolver:394] [Reference Resolution] File path matched for Volo.Abp.SettingManagement.Application.Contracts.IEmailSettingsAppService:GetAsync in csharp at /Users/svilen/Documents/Projects/ReposForTesting/abp/modules/setting-management/src/Volo.Abp.SettingManagement.Application.Contracts/Volo/Abp/SettingManagement/IEmailSettingsAppService.cs
2026-09-07 18:25:59 INFO     [static_analyzer.reference_resolver:394] [Reference Resolution] File path matched for Volo.Abp.SettingManagement.Web.Pages.SettingManagement.Components.EmailSettingGroup.SendTestEmailModal:OnGetAsync in csharp at /Users/svilen/Documents/Projects/ReposForTesting/abp/modules/setting-management/src/Volo.Abp.SettingManagement.Web/Pages/SettingManagement/Components/EmailSettingGroup/SendTestEmailModal.cshtml.cs
2026-09-07 18:25:59 INFO     [static_analyzer.reference_resolver:394] [Reference Resolution] File path matched for Volo.Abp.SettingManagement.Application.Contracts.IEmailSettingsAppService:GetAsync in csharp at /Users/svilen/Documents/Projects/ReposForTesting/abp/modules/setting-management/src/Volo.Abp.SettingManagement.Application.Contracts/Volo/Abp/SettingManagement/IEmailSettingsAppService.cs
2026-09-07 18:25:59 INFO     [static_analyzer.reference_resolver:394] [Reference Resolution] File path matched for Volo.Abp.SettingManagement.Web.Pages.SettingManagement.Components.EmailSettingGroup.EmailSettingGroupViewComponent:InvokeAsync in csharp at /Users/svilen/Documents/Projects/ReposForTesting/abp/modules/setting-management/src/Volo.Abp.SettingManagement.Web/Pages/SettingManagement/Components/EmailSettingGroup/EmailSettingGroupViewComponent.cs
2026-09-07 18:26:00 INFO     [static_analyzer.reference_resolver:394] [Reference Resolution] File path matched for Volo.Abp.SettingManagement.HttpApi.Client.ClientProxies.EmailSettingsClientProxy:GetAsync in csharp at /Users/svilen/Documents/Projects/ReposForTesting/abp/modules/setting-management/src/Volo.Abp.SettingManagement.HttpApi.Client/ClientProxies/Volo/Abp/SettingManagement/EmailSettingsClientProxy.Generated.cs
2026-09-07 18:26:00 INFO     [static_analyzer.reference_resolver:394] [Reference Resolution] File path matched for Volo.Abp.SettingManagement.Web.Pages.SettingManagement.Components.EmailSettingGroup.SendTestEmailModal:OnPostAsync in csharp at /Users/svilen/Documents/Projects/ReposForTesting/abp/modules/setting-management/src/Volo.Abp.SettingManagement.Web/Pages/SettingManagement/Components/EmailSettingGroup/SendTestEmailModal.cshtml.cs
2026-09-07 18:26:00 INFO     [static_analyzer.reference_resolver:394] [Reference Resolution] File path matched for Volo.Abp.SettingManagement.HttpApi.Client.ClientProxies.EmailSettingsClientProxy:SendTestEmailAsync in csharp at /Users/svilen/Documents/Projects/ReposForTesting/abp/modules/setting-management/src/Volo.Abp.SettingManagement.HttpApi.Client/ClientProxies/Volo/Abp/SettingManagement/EmailSettingsClientProxy.Generated.cs
2026-09-07 18:26:00 INFO     [static_analyzer.reference_resolver:394] [Reference Resolution] File path matched for Volo.Abp.SettingManagement.Application.EmailSettingsAppService:GetAsync in csharp at /Users/svilen/Documents/Projects/ReposForTesting/abp/modules/setting-management/src/Volo.Abp.SettingManagement.Application/Volo/Abp/SettingManagement/EmailSettingsAppService.cs
2026-09-07 18:26:01 INFO     [static_analyzer.reference_resolver:394] [Reference Resolution] File path matched for Volo.Abp.SettingManagement.TenantSettingManagerExtensions:GetOrNullForTenantAsync in csharp at /Users/svilen/Documents/Projects/ReposForTesting/abp/modules/setting-management/src/Volo.Abp.SettingManagement.Domain/Volo/Abp/SettingManagement/TenantSettingManagerExtensions.cs
2026-09-07 18:26:01 INFO     [static_analyzer.reference_resolver:394] [Reference Resolution] File path matched for Volo.Abp.SettingManagement.Application.EmailSettingsAppService:UpdateAsync in csharp at /Users/svilen/Documents/Projects/ReposForTesting/abp/modules/setting-management/src/Volo.Abp.SettingManagement.Application/Volo/Abp/SettingManagement/EmailSettingsAppService.cs
2026-09-07 18:26:01 INFO     [static_analyzer.reference_resolver:394] [Reference Resolution] File path matched for Volo.Abp.SettingManagement.TenantSettingManagerExtensions:SetForTenantOrGlobalAsync in csharp at /Users/svilen/Documents/Projects/ReposForTesting/abp/modules/setting-management/src/Volo.Abp.SettingManagement.Domain/Volo/Abp/SettingManagement/TenantSettingManagerExtensions.cs
2026-09-07 18:26:02 INFO     [static_analyzer.reference_resolver:394] [Reference Resolution] File path matched for Volo.Abp.SettingManagement.Application.TimeZoneSettingsAppService:GetAsync in csharp at /Users/svilen/Documents/Projects/ReposForTesting/abp/modules/setting-management/src/Volo.Abp.SettingManagement.Application/Volo/Abp/SettingManagement/TimeZoneSettingsAppService.cs
2026-09-07 18:26:02 INFO     [static_analyzer.reference_resolver:394] [Reference Resolution] File path matched for Volo.Abp.SettingManagement.HttpApi.AbpSettingManagementHttpApiModule:ConfigureServices in csharp at /Users/svilen/Documents/Projects/ReposForTesting/abp/modules/setting-management/src/Volo.Abp.SettingManagement.HttpApi/Volo/Abp/SettingManagement/AbpSettingManagementHttpApiModule.cs
2026-09-07 18:26:02 INFO     [static_analyzer.reference_resolver:394] [Reference Resolution] File path matched for Volo.Abp.SettingManagement.HttpApi.EmailSettingsController:GetAsync in csharp at /Users/svilen/Documents/Projects/ReposForTesting/abp/modules/setting-management/src/Volo.Abp.SettingManagement.HttpApi/Volo/Abp/SettingManagement/EmailSettingsController.cs
2026-09-07 18:26:03 INFO     [static_analyzer.reference_resolver:394] [Reference Resolution] File path matched for Volo.Abp.SettingManagement.Application.Contracts.IEmailSettingsAppService:GetAsync in csharp at /Users/svilen/Documents/Projects/ReposForTesting/abp/modules/setting-management/src/Volo.Abp.SettingManagement.Application.Contracts/Volo/Abp/SettingManagement/IEmailSettingsAppService.cs
2026-09-07 18:26:03 INFO     [static_analyzer.reference_resolver:394] [Reference Resolution] File path matched for Volo.Abp.SettingManagement.HttpApi.EmailSettingsController:SendTestEmailAsync in csharp at /Users/svilen/Documents/Projects/ReposForTesting/abp/modules/setting-management/src/Volo.Abp.SettingManagement.HttpApi/Volo/Abp/SettingManagement/EmailSettingsController.cs
2026-09-07 18:26:03 INFO     [static_analyzer.reference_resolver:394] [Reference Resolution] File path matched for Volo.Abp.SettingManagement.Application.Contracts.IEmailSettingsAppService:SendTestEmailAsync in csharp at /Users/svilen/Documents/Projects/ReposForTesting/abp/modules/setting-management/src/Volo.Abp.SettingManagement.Application.Contracts/Volo/Abp/SettingManagement/IEmailSettingsAppService.cs
2026-09-07 18:26:03 INFO     [static_analyzer.reference_resolver:394] [Reference Resolution] File path matched for Volo.Abp.SettingManagement.EntityFrameworkCore.AbpSettingManagementEntityFrameworkCoreModule:ConfigureServices in csharp at /Users/svilen/Documents/Projects/ReposForTesting/abp/modules/setting-management/src/Volo.Abp.SettingManagement.EntityFrameworkCore/Volo/Abp/SettingManagement/EntityFrameworkCore/AbpSettingManagementEntityFrameworkCoreModule.cs
2026-09-07 18:26:05 INFO     [static_analyzer.reference_resolver:394] [Reference Resolution] File path matched for Volo.Abp.SettingManagement.MongoDB.AbpSettingManagementMongoDbModule:ConfigureServices in csharp at /Users/svilen/Documents/Projects/ReposForTesting/abp/modules/setting-management/src/Volo.Abp.SettingManagement.MongoDB/Volo/Abp/SettingManagement/MongoDB/AbpSettingManagementMongoDbModule.cs
2026-09-07 18:26:05 INFO     [diagram_analysis.scope_assembly:320] Merged relations: 14 total (14 static-backed, 0 semantic-only)
2026-09-07 18:26:05 INFO     [diagram_analysis.scope_assembly:93] Component symbol coverage: 65/65 assigned
2026-09-07 18:26:05 INFO     [diagram_analysis.scope_assembly:320] Merged relations: 4 total (4 static-backed, 0 semantic-only)
2026-09-07 18:26:11 INFO     [httpx:1025] HTTP Request: POST https://codeboarding-llm-api.openai.azure.com/openai/v1/chat/completions "HTTP/1.1 200 OK"
2026-09-07 18:26:11 INFO     [monitoring:62] Token Usage: step=startup model=Kimi-K2.6 usage={"input_tokens": 9553, "output_tokens": 9660, "total_tokens": 19213}
2026-09-07 18:26:17 INFO     [httpx:1025] HTTP Request: POST https://codeboarding-llm-api.openai.azure.com/openai/v1/chat/completions "HTTP/1.1 200 OK"
2026-09-07 18:26:18 INFO     [monitoring:62] Token Usage: step=startup model=Kimi-K2.6 usage={"input_tokens": 8501, "output_tokens": 12515, "total_tokens": 21016}
2026-09-07 18:26:20 INFO     [httpx:1025] HTTP Request: POST https://codeboarding-llm-api.openai.azure.com/openai/v1/chat/completions "HTTP/1.1 200 OK"
2026-09-07 18:26:21 INFO     [monitoring:62] Token Usage: step=startup model=Kimi-K2.6 usage={"input_tokens": 8483, "output_tokens": 4309, "total_tokens": 12792}
2026-09-07 18:26:25 INFO     [diagram_analysis.scope_assembly:320] Merged relations: 3 total (3 static-backed, 0 semantic-only)
2026-09-07 18:26:25 INFO     [diagram_analysis.scope_assembly:93] Component symbol coverage: 33/33 assigned
2026-09-07 18:26:25 INFO     [diagram_analysis.scope_assembly:320] Merged relations: 1 total (1 static-backed, 0 semantic-only)
2026-09-07 18:26:27 INFO     [diagram_analysis.scope_assembly:320] Merged relations: 4 total (4 static-backed, 0 semantic-only)
2026-09-07 18:26:27 INFO     [diagram_analysis.scope_assembly:93] Component symbol coverage: 28/28 assigned
2026-09-07 18:26:27 INFO     [diagram_analysis.scope_assembly:320] Merged relations: 1 total (1 static-backed, 0 semantic-only)
2026-09-07 18:26:28 INFO     [diagram_analysis.scope_assembly:320] Merged relations: 0 total (0 static-backed, 0 semantic-only)
2026-09-07 18:26:28 INFO     [diagram_analysis.scope_assembly:93] Component symbol coverage: 33/33 assigned
2026-09-07 18:26:28 INFO     [diagram_analysis.scope_assembly:320] Merged relations: 2 total (2 static-backed, 0 semantic-only)
2026-09-07 18:26:30 INFO     [httpx:1025] HTTP Request: POST https://codeboarding-llm-api.openai.azure.com/openai/v1/chat/completions "HTTP/1.1 200 OK"
2026-09-07 18:26:30 INFO     [monitoring:62] Token Usage: step=startup model=Kimi-K2.6 usage={"input_tokens": 13032, "output_tokens": 10641, "total_tokens": 23673}
2026-09-07 18:26:30 INFO     [diagram_analysis.scope_assembly:320] Merged relations: 11 total (11 static-backed, 0 semantic-only)
2026-09-07 18:26:31 INFO     [diagram_analysis.scope_assembly:93] Component symbol coverage: 169/169 assigned
2026-09-07 18:26:31 INFO     [diagram_analysis.scope_assembly:320] Merged relations: 1 total (1 static-backed, 0 semantic-only)
2026-09-07 18:26:47 INFO     [httpx:1025] HTTP Request: POST https://codeboarding-llm-api.openai.azure.com/openai/v1/chat/completions "HTTP/1.1 200 OK"
2026-09-07 18:26:47 INFO     [monitoring:62] Token Usage: step=startup model=Kimi-K2.6 usage={"input_tokens": 5600, "output_tokens": 5424, "total_tokens": 11024}
2026-09-07 18:26:48 INFO     [diagram_analysis.scope_assembly:320] Merged relations: 4 total (4 static-backed, 0 semantic-only)
2026-09-07 18:27:04 INFO     [httpx:1025] HTTP Request: POST https://codeboarding-llm-api.openai.azure.com/openai/v1/chat/completions "HTTP/1.1 200 OK"
2026-09-07 18:27:04 INFO     [monitoring:62] Token Usage: step=startup model=Kimi-K2.6 usage={"input_tokens": 17451, "output_tokens": 14580, "total_tokens": 32031}
2026-09-07 18:27:05 INFO     [httpx:1025] HTTP Request: POST https://codeboarding-llm-api.openai.azure.com/openai/v1/chat/completions "HTTP/1.1 200 OK"
2026-09-07 18:27:05 INFO     [monitoring:62] Token Usage: step=startup model=Kimi-K2.6 usage={"input_tokens": 3557, "output_tokens": 4513, "total_tokens": 8070}
2026-09-07 18:27:05 INFO     [agents.tools.read_file:34] [ReadFile Tool] Reading file modules/virtual-file-explorer/src/Volo.Abp.VirtualFileExplorer.Installer/Volo/Abp/VirtualFileExplorer/AbpVirtualFileExplorerInstallerModule.cs around line 1
2026-09-07 18:27:05 INFO     [agents.tools.read_file:72] [ReadFile Tool] Successfully read 18 lines from modules/virtual-file-explorer/src/Volo.Abp.VirtualFileExplorer.Installer/Volo/Abp/VirtualFileExplorer/AbpVirtualFileExplorerInstallerModule.cs 
2026-09-07 18:27:09 INFO     [httpx:1025] HTTP Request: POST https://codeboarding-llm-api.openai.azure.com/openai/v1/chat/completions "HTTP/1.1 200 OK"
2026-09-07 18:27:09 INFO     [monitoring:62] Token Usage: step=startup model=Kimi-K2.6 usage={"input_tokens": 3857, "output_tokens": 293, "total_tokens": 4150}
2026-09-07 18:27:09 INFO     [agents.tools.read_file:34] [ReadFile Tool] Reading file modules/virtual-file-explorer/src/Volo.Abp.VirtualFileExplorer.Web/AbpVirtualFileExplorerWebModule.cs around line 1
2026-09-07 18:27:10 INFO     [agents.tools.read_file:72] [ReadFile Tool] Successfully read 60 lines from modules/virtual-file-explorer/src/Volo.Abp.VirtualFileExplorer.Web/AbpVirtualFileExplorerWebModule.cs 
2026-09-07 18:27:10 INFO     [diagram_analysis.scope_assembly:320] Merged relations: 13 total (13 static-backed, 0 semantic-only)
2026-09-07 18:27:12 INFO     [httpx:1025] HTTP Request: POST https://codeboarding-llm-api.openai.azure.com/openai/v1/chat/completions "HTTP/1.1 200 OK"
2026-09-07 18:27:12 INFO     [httpx:1025] HTTP Request: POST https://codeboarding-llm-api.openai.azure.com/openai/v1/chat/completions "HTTP/1.1 200 OK"
2026-09-07 18:27:12 INFO     [monitoring:62] Token Usage: step=startup model=Kimi-K2.6 usage={"input_tokens": 4657, "output_tokens": 57, "total_tokens": 4714}
2026-09-07 18:27:12 INFO     [agents.tools.read_file:34] [ReadFile Tool] Reading file modules/virtual-file-explorer/src/Volo.Abp.VirtualFileExplorer.Contracts/Volo/Abp/VirtualFileExplorer/AbpVirtualFileExplorerContractsModule.cs around line 1
2026-09-07 18:27:12 INFO     [monitoring:62] Token Usage: step=startup model=Kimi-K2.6 usage={"input_tokens": 3622, "output_tokens": 7423, "total_tokens": 11045}
2026-09-07 18:27:12 INFO     [agents.tools.read_file:72] [ReadFile Tool] Successfully read 24 lines from modules/virtual-file-explorer/src/Volo.Abp.VirtualFileExplorer.Contracts/Volo/Abp/VirtualFileExplorer/AbpVirtualFileExplorerContractsModule.cs 
2026-09-07 18:27:14 INFO     [static_analyzer.reference_resolver:394] [Reference Resolution] File path matched for Volo.Abp.Ldap.Volo.Abp.Ldap.LdapManager:ConnectAsync in csharp at /Users/svilen/Documents/Projects/ReposForTesting/abp/framework/src/Volo.Abp.Ldap/Volo/Abp/Ldap/LdapManager.cs
2026-09-07 18:27:14 INFO     [static_analyzer.reference_resolver:394] [Reference Resolution] File path matched for Volo.Abp.Ldap.Abstractions.Volo.Abp.Ldap.ILdapSettingProvider:GetServerHostAsync in csharp at /Users/svilen/Documents/Projects/ReposForTesting/abp/framework/src/Volo.Abp.Ldap.Abstractions/Volo/Abp/Ldap/ILdapSettingProvider.cs
2026-09-07 18:27:15 INFO     [static_analyzer.reference_resolver:394] [Reference Resolution] File path matched for Volo.Abp.Ldap.Volo.Abp.Ldap.LdapManager:ConnectAsync in csharp at /Users/svilen/Documents/Projects/ReposForTesting/abp/framework/src/Volo.Abp.Ldap/Volo/Abp/Ldap/LdapManager.cs
2026-09-07 18:27:15 INFO     [static_analyzer.reference_resolver:394] [Reference Resolution] File path matched for Volo.Abp.Ldap.Abstractions.Volo.Abp.Ldap.ILdapSettingProvider:GetServerPortAsync in csharp at /Users/svilen/Documents/Projects/ReposForTesting/abp/framework/src/Volo.Abp.Ldap.Abstractions/Volo/Abp/Ldap/ILdapSettingProvider.cs
2026-09-07 18:27:17 INFO     [static_analyzer.reference_resolver:394] [Reference Resolution] File path matched for Volo.Abp.Ldap.Abstractions.Volo.Abp.Ldap.AbpLdapAbstractionsModule:ConfigureServices in csharp at /Users/svilen/Documents/Projects/ReposForTesting/abp/framework/src/Volo.Abp.Ldap.Abstractions/Volo/Abp/Ldap/AbpLdapAbstractionsModule.cs
2026-09-07 18:27:17 INFO     [diagram_analysis.scope_assembly:320] Merged relations: 2 total (2 static-backed, 0 semantic-only)
2026-09-07 18:27:20 INFO     [httpx:1025] HTTP Request: POST https://codeboarding-llm-api.openai.azure.com/openai/v1/chat/completions "HTTP/1.1 200 OK"
2026-09-07 18:27:20 INFO     [monitoring:62] Token Usage: step=startup model=Kimi-K2.6 usage={"input_tokens": 5932, "output_tokens": 5141, "total_tokens": 11073}
2026-09-07 18:27:24 INFO     [httpx:1025] HTTP Request: POST https://codeboarding-llm-api.openai.azure.com/openai/v1/chat/completions "HTTP/1.1 200 OK"
2026-09-07 18:27:24 INFO     [static_analyzer.reference_resolver:394] [Reference Resolution] File path matched for LocalizationHelper:GetAsynchronousLocalizations in csharp at /Users/svilen/Documents/Projects/ReposForTesting/abp/tools/localization-key-synchronizer/src/LocalizationHelper.cs
2026-09-07 18:27:24 INFO     [monitoring:62] Token Usage: step=startup model=Kimi-K2.6 usage={"input_tokens": 3671, "output_tokens": 6525, "total_tokens": 10196}
2026-09-07 18:27:24 INFO     [agents.tools.read_file:34] [ReadFile Tool] Reading file framework/src/Volo.Abp.Swashbuckle/Volo/Abp/Swashbuckle/ISwaggerHtmlResolver.cs around line 1
2026-09-07 18:27:24 INFO     [agents.tools.read_file:72] [ReadFile Tool] Successfully read 8 lines from framework/src/Volo.Abp.Swashbuckle/Volo/Abp/Swashbuckle/ISwaggerHtmlResolver.cs 
2026-09-07 18:27:25 INFO     [static_analyzer.reference_resolver:394] [Reference Resolution] File path matched for LocalizationHelper:GetAsynchronousLocalizations in csharp at /Users/svilen/Documents/Projects/ReposForTesting/abp/tools/localization-key-synchronizer/src/LocalizationHelper.cs
2026-09-07 18:27:25 INFO     [diagram_analysis.scope_assembly:320] Merged relations: 1 total (1 static-backed, 0 semantic-only)
2026-09-07 18:27:26 INFO     [httpx:1025] HTTP Request: POST https://codeboarding-llm-api.openai.azure.com/openai/v1/chat/completions "HTTP/1.1 200 OK"
2026-09-07 18:27:26 INFO     [monitoring:62] Token Usage: step=startup model=Kimi-K2.6 usage={"input_tokens": 3841, "output_tokens": 49, "total_tokens": 3890}
2026-09-07 18:27:26 INFO     [agents.tools.read_file:34] [ReadFile Tool] Reading file framework/src/Volo.Abp.Swashbuckle/Microsoft/AspNetCore/Builder/AbpSwaggerUIBuilderExtensions.cs around line 1
2026-09-07 18:27:26 INFO     [agents.tools.read_file:72] [ReadFile Tool] Successfully read 24 lines from framework/src/Volo.Abp.Swashbuckle/Microsoft/AspNetCore/Builder/AbpSwaggerUIBuilderExtensions.cs 
2026-09-07 18:27:35 INFO     [httpx:1025] HTTP Request: POST https://codeboarding-llm-api.openai.azure.com/openai/v1/chat/completions "HTTP/1.1 200 OK"
2026-09-07 18:27:35 INFO     [monitoring:62] Token Usage: step=startup model=Kimi-K2.6 usage={"input_tokens": 15235, "output_tokens": 14580, "total_tokens": 29815}
2026-09-07 18:27:37 INFO     [httpx:1025] HTTP Request: POST https://codeboarding-llm-api.openai.azure.com/openai/v1/chat/completions "HTTP/1.1 200 OK"
2026-09-07 18:27:37 INFO     [monitoring:62] Token Usage: step=startup model=Kimi-K2.6 usage={"input_tokens": 4187, "output_tokens": 1394, "total_tokens": 5581}
2026-09-07 18:27:42 INFO     [diagram_analysis.scope_assembly:320] Merged relations: 1 total (1 static-backed, 0 semantic-only)
2026-09-07 18:27:46 INFO     [diagram_analysis.scope_assembly:320] Merged relations: 22 total (22 static-backed, 0 semantic-only)
2026-09-07 18:27:56 INFO     [httpx:1025] HTTP Request: POST https://codeboarding-llm-api.openai.azure.com/openai/v1/chat/completions "HTTP/1.1 200 OK"
2026-09-07 18:27:56 INFO     [monitoring:62] Token Usage: step=startup model=Kimi-K2.6 usage={"input_tokens": 8277, "output_tokens": 20199, "total_tokens": 28476}
2026-09-07 18:28:04 INFO     [httpx:1025] HTTP Request: POST https://codeboarding-llm-api.openai.azure.com/openai/v1/chat/completions "HTTP/1.1 200 OK"
2026-09-07 18:28:04 INFO     [monitoring:62] Token Usage: step=startup model=Kimi-K2.6 usage={"input_tokens": 5033, "output_tokens": 5604, "total_tokens": 10637}
2026-09-07 18:28:06 INFO     [diagram_analysis.scope_assembly:320] Merged relations: 11 total (11 static-backed, 0 semantic-only)
2026-09-07 18:28:06 INFO     [diagram_analysis.scope_assembly:320] Merged relations: 1 total (1 static-backed, 0 semantic-only)
2026-09-07 18:32:31 INFO     [diagram_analysis.diagram_generator:1353] Progress: 66 completed, 20 in flight, 0 errors
2026-09-07 18:39:16 INFO     [diagram_analysis.diagram_generator:1353] Progress: 86 completed, 0 in flight, 0 errors
2026-09-07 18:39:16 INFO     [diagram_analysis.diagram_generator:1360] Subcomponent generation complete: {'submitted': 86, 'completed': 86, 'saves': 86, 'errors': 0}
2026-09-07 18:39:16 INFO     [static_analyzer.cluster_relations:96] Built 3612 static inter-component relations from CFG edges
2026-09-07 18:39:17 WARNING  [diagram_analysis.diagram_generator:1501] Semantic naming fell back to deterministic names for 1 of 87 scopes
2026-09-07 18:39:28 INFO     [diagram_analysis.diagram_generator:1178] File coverage report written to /Users/svilen/Documents/Projects/ReposForTesting/abp/.codeboarding/file_coverage.json
2026-09-07 18:39:39 INFO     [static_analyzer.analysis_cache:253] Static analysis cache size: 27.24 MB
2026-09-07 18:39:39 INFO     [static_analyzer.analysis_cache:263] Saved static analysis to cache: /Users/svilen/Documents/Projects/ReposForTesting/abp/.codeboarding/static_analysis.pkl
2026-09-07 18:39:39 INFO     [diagram_analysis.diagram_generator:1398] Analysis complete. Written unified analysis to /Users/svilen/Documents/Projects/ReposForTesting/abp/.codeboarding/analysis.json
2026-09-07 18:39:40 INFO     [codeboarding_cli.commands.full_analysis:120] Analysis generated successfully in /Users/svilen/Documents/Projects/ReposForTesting/abp/.codeboarding
2026-09-07 18:39:40 INFO     [codeboarding_cli.view_instructions:27] 
Analysis ready. View your architecture diagram:

  1. Open the webview:   https://app.codeboarding.org
  2. Click 'Load a file' and pick:
       /Users/svilen/Documents/Projects/ReposForTesting/abp/.codeboarding/analysis.json

